industry_id;region_id;industry;region;size;expense;amount;min;max
100101;2301;Аренда и управление собственным или арендованным недвижимым имуществом;Краснодар;S;Регистрация юридического лица / ИП и сопутствующие госпошлины;5667;4000;8000
100101;2301;Аренда и управление собственным или арендованным недвижимым имуществом;Краснодар;M;Регистрация юридического лица / ИП и сопутствующие госпошлины;11667;5000;15000
100101;2301;Аренда и управление собственным или арендованным недвижимым имуществом;Краснодар;L;Регистрация юридического лица / ИП и сопутствующие госпошлины;20000;5000;30000
100101;2301;Аренда и управление собственным или арендованным недвижимым имуществом;Краснодар;S;Подготовка учредительных документов, нотариальные и юридические услуги;12333;5000;20000
100101;2301;Аренда и управление собственным или арендованным недвижимым имуществом;Краснодар;M;Подготовка учредительных документов, нотариальные и юридические услуги;33333;25000;40000
100101;2301;Аренда и управление собственным или арендованным недвижимым имуществом;Краснодар;L;Подготовка учредительных документов, нотариальные и юридические услуги;73333;60000;80000
100101;2301;Аренда и управление собственным или арендованным недвижимым имуществом;Краснодар;S;Аренда офиса / помещения для управления недвижимостью и обеспечительный депозит;60000;50000;70000
100101;2301;Аренда и управление собственным или арендованным недвижимым имуществом;Краснодар;M;Аренда офиса / помещения для управления недвижимостью и обеспечительный депозит;253333;150000;350000
100101;2301;Аренда и управление собственным или арендованным недвижимым имуществом;Краснодар;L;Аренда офиса / помещения для управления недвижимостью и обеспечительный депозит;1000000;300000;1500000
100101;2301;Аренда и управление собственным или арендованным недвижимым имуществом;Краснодар;S;Ремонт, косметическая подготовка и адаптация офиса / помещения под офис;28333;25000;30000
100101;2301;Аренда и управление собственным или арендованным недвижимым имуществом;Краснодар;M;Ремонт, косметическая подготовка и адаптация офиса / помещения под офис;140000;100000;200000
100101;2301;Аренда и управление собственным или арендованным недвижимым имуществом;Краснодар;L;Ремонт, косметическая подготовка и адаптация офиса / помещения под офис;483333;200000;800000
100101;2301;Аренда и управление собственным или арендованным недвижимым имуществом;Краснодар;S;Мебель для офиса и рабочие места сотрудников;30000;20000;40000
100101;2301;Аренда и управление собственным или арендованным недвижимым имуществом;Краснодар;M;Мебель для офиса и рабочие места сотрудников;210000;100000;350000
100101;2301;Аренда и управление собственным или арендованным недвижимым имуществом;Краснодар;L;Мебель для офиса и рабочие места сотрудников;750000;200000;1400000
100101;2301;Аренда и управление собственным или арендованным недвижимым имуществом;Краснодар;S;Компьютеры, ноутбуки, оргтехника и периферия;38333;30000;45000
100101;2301;Аренда и управление собственным или арендованным недвижимым имуществом;Краснодар;M;Компьютеры, ноутбуки, оргтехника и периферия;206667;100000;300000
100101;2301;Аренда и управление собственным или арендованным недвижимым имуществом;Краснодар;L;Компьютеры, ноутбуки, оргтехника и периферия;700000;200000;1200000
100101;2301;Аренда и управление собственным или арендованным недвижимым имуществом;Краснодар;S;Телефония, интернет и коммуникационное оборудование;9667;7000;12000
100101;2301;Аренда и управление собственным или арендованным недвижимым имуществом;Краснодар;M;Телефония, интернет и коммуникационное оборудование;38333;25000;60000
100101;2301;Аренда и управление собственным или арендованным недвижимым имуществом;Краснодар;L;Телефония, интернет и коммуникационное оборудование;103333;50000;200000
100101;2301;Аренда и управление собственным или арендованным недвижимым имуществом;Краснодар;S;Ключевое профильное ПО для управления недвижимостью, CRM / учет арендных договоров;22667;18000;30000
100101;2301;Аренда и управление собственным или арендованным недвижимым имуществом;Краснодар;M;Ключевое профильное ПО для управления недвижимостью, CRM / учет арендных договоров;96667;50000;150000
100101;2301;Аренда и управление собственным или арендованным недвижимым имуществом;Краснодар;L;Ключевое профильное ПО для управления недвижимостью, CRM / учет арендных договоров;316667;100000;600000
100101;2301;Аренда и управление собственным или арендованным недвижимым имуществом;Краснодар;S;Настройка и внедрение учетной системы, интеграция сервисов;11667;10000;15000
100101;2301;Аренда и управление собственным или арендованным недвижимым имуществом;Краснодар;M;Настройка и внедрение учетной системы, интеграция сервисов;56667;20000;80000
100101;2301;Аренда и управление собственным или арендованным недвижимым имуществом;Краснодар;L;Настройка и внедрение учетной системы, интеграция сервисов;190000;50000;300000
100101;2301;Аренда и управление собственным или арендованным недвижимым имуществом;Краснодар;S;Создание корпоративного сайта и базовых цифровых каналов присутствия;20000;20000;20000
100101;2301;Аренда и управление собственным или арендованным недвижимым имуществом;Краснодар;M;Создание корпоративного сайта и базовых цифровых каналов присутствия;96667;50000;120000
100101;2301;Аренда и управление собственным или арендованным недвижимым имуществом;Краснодар;L;Создание корпоративного сайта и базовых цифровых каналов присутствия;283333;100000;400000
100101;2301;Аренда и управление собственным или арендованным недвижимым имуществом;Краснодар;S;Вывеска, навигация и фирменное оформление офиса;11000;8000;15000
100101;2301;Аренда и управление собственным или арендованным недвижимым имуществом;Краснодар;M;Вывеска, навигация и фирменное оформление офиса;46667;30000;80000
100101;2301;Аренда и управление собственным или арендованным недвижимым имуществом;Краснодар;L;Вывеска, навигация и фирменное оформление офиса;146667;50000;300000
100101;2301;Аренда и управление собственным или арендованным недвижимым имуществом;Краснодар;S;Реклама и продвижение на запуске;31667;25000;40000
100101;2301;Аренда и управление собственным или арендованным недвижимым имуществом;Краснодар;M;Реклама и продвижение на запуске;216667;150000;300000
100101;2301;Аренда и управление собственным или арендованным недвижимым имуществом;Краснодар;L;Реклама и продвижение на запуске;766667;300000;1200000
100101;2301;Аренда и управление собственным или арендованным недвижимым имуществом;Краснодар;S;Юридическая подготовка типовых договоров аренды, актов и шаблонов документов;9333;8000;10000
100101;2301;Аренда и управление собственным или арендованным недвижимым имуществом;Краснодар;M;Юридическая подготовка типовых договоров аренды, актов и шаблонов документов;30000;20000;40000
100101;2301;Аренда и управление собственным или арендованным недвижимым имуществом;Краснодар;L;Юридическая подготовка типовых договоров аренды, актов и шаблонов документов;80000;30000;150000
100101;2301;Аренда и управление собственным или арендованным недвижимым имуществом;Краснодар;S;Расходы на первичный осмотр, фотофиксацию и оценку объектов недвижимости;10000;10000;10000
100101;2301;Аренда и управление собственным или арендованным недвижимым имуществом;Краснодар;M;Расходы на первичный осмотр, фотофиксацию и оценку объектов недвижимости;43333;30000;50000
100101;2301;Аренда и управление собственным или арендованным недвижимым имуществом;Краснодар;L;Расходы на первичный осмотр, фотофиксацию и оценку объектов недвижимости;120000;50000;160000
100101;2301;Аренда и управление собственным или арендованным недвижимым имуществом;Краснодар;S;Резерв;23367;22000;26100
100101;2301;Аренда и управление собственным или арендованным недвижимым имуществом;Краснодар;M;Резерв;203000;54000;405000
100101;2301;Аренда и управление собственным или арендованным недвижимым имуществом;Краснодар;L;Резерв;519333;349000;609000
60303;50;Деятельность фитнес-центров;Московская область;S;Аренда помещения и обеспечительный депозит;1366667;1100000;1500000
60303;50;Деятельность фитнес-центров;Московская область;M;Аренда помещения и обеспечительный депозит;5400000;4200000;6000000
60303;50;Деятельность фитнес-центров;Московская область;L;Аренда помещения и обеспечительный депозит;20166667;15500000;25000000
60303;50;Деятельность фитнес-центров;Московская область;S;Ремонт, отделка и подготовка помещения под фитнес-центр;1400000;800000;2000000
60303;50;Деятельность фитнес-центров;Московская область;M;Ремонт, отделка и подготовка помещения под фитнес-центр;5900000;3000000;8500000
60303;50;Деятельность фитнес-центров;Московская область;L;Ремонт, отделка и подготовка помещения под фитнес-центр;20500000;10000000;30000000
60303;50;Деятельность фитнес-центров;Московская область;S;Проектирование, перепланировка и согласования по помещению;326667;180000;500000
60303;50;Деятельность фитнес-центров;Московская область;M;Проектирование, перепланировка и согласования по помещению;1216667;650000;2000000
60303;50;Деятельность фитнес-центров;Московская область;L;Проектирование, перепланировка и согласования по помещению;4466667;2400000;8000000
60303;50;Деятельность фитнес-центров;Московская область;S;Спортивное и тренажерное оборудование;1500000;1200000;1800000
60303;50;Деятельность фитнес-центров;Московская область;M;Спортивное и тренажерное оборудование;5900000;5000000;7200000
60303;50;Деятельность фитнес-центров;Московская область;L;Спортивное и тренажерное оборудование;20666667;15000000;29000000
60303;50;Деятельность фитнес-центров;Московская область;S;Оборудование для групповых и кардио-зон;706667;520000;1000000
60303;50;Деятельность фитнес-центров;Московская область;M;Оборудование для групповых и кардио-зон;2233333;2000000;2500000
60303;50;Деятельность фитнес-центров;Московская область;L;Оборудование для групповых и кардио-зон;7700000;5000000;9100000
60303;50;Деятельность фитнес-центров;Московская область;S;Оборудование для раздевалок, душевых и санитарных зон;353333;260000;500000
60303;50;Деятельность фитнес-центров;Московская область;M;Оборудование для раздевалок, душевых и санитарных зон;1100000;1000000;1200000
60303;50;Деятельность фитнес-центров;Московская область;L;Оборудование для раздевалок, душевых и санитарных зон;3600000;2000000;4500000
60303;50;Деятельность фитнес-центров;Московская область;S;Мебель и инвентарь для клиентских и административных зон;206667;200000;220000
60303;50;Деятельность фитнес-центров;Московская область;M;Мебель и инвентарь для клиентских и административных зон;716667;500000;850000
60303;50;Деятельность фитнес-центров;Московская область;L;Мебель и инвентарь для клиентских и административных зон;2566667;1000000;3500000
60303;50;Деятельность фитнес-центров;Московская область;S;Системы вентиляции, кондиционирования и климат-контроль;450000;300000;650000
60303;50;Деятельность фитнес-центров;Московская область;M;Системы вентиляции, кондиционирования и климат-контроль;1766667;1000000;2500000
60303;50;Деятельность фитнес-центров;Московская область;L;Системы вентиляции, кондиционирования и климат-контроль;6600000;3000000;9800000
60303;50;Деятельность фитнес-центров;Московская область;S;Системы безопасности и видеонаблюдения;153333;100000;200000
60303;50;Деятельность фитнес-центров;Московская область;M;Системы безопасности и видеонаблюдения;506667;500000;520000
60303;50;Деятельность фитнес-центров;Московская область;L;Системы безопасности и видеонаблюдения;1433333;1000000;1800000
60303;50;Деятельность фитнес-центров;Московская область;S;Регистрация бизнеса и сопутствующие организационные расходы;50000;50000;50000
60303;50;Деятельность фитнес-центров;Московская область;M;Регистрация бизнеса и сопутствующие организационные расходы;110000;80000;150000
60303;50;Деятельность фитнес-центров;Московская область;L;Регистрация бизнеса и сопутствующие организационные расходы;283333;150000;500000
60303;50;Деятельность фитнес-центров;Московская область;S;Разрешительная документация и обязательные согласования;106667;100000;120000
60303;50;Деятельность фитнес-центров;Московская область;M;Разрешительная документация и обязательные согласования;283333;200000;350000
60303;50;Деятельность фитнес-центров;Московская область;L;Разрешительная документация и обязательные согласования;866667;500000;1200000
60303;50;Деятельность фитнес-центров;Московская область;S;Вывеска и наружное оформление;120000;80000;180000
60303;50;Деятельность фитнес-центров;Московская область;M;Вывеска и наружное оформление;306667;200000;420000
60303;50;Деятельность фитнес-центров;Московская область;L;Вывеска и наружное оформление;900000;500000;1200000
60303;50;Деятельность фитнес-центров;Московская область;S;Рекламная кампания на запуск;350000;250000;500000
60303;50;Деятельность фитнес-центров;Московская область;M;Рекламная кампания на запуск;1116667;850000;1500000
60303;50;Деятельность фитнес-центров;Московская область;L;Рекламная кампания на запуск;3266667;2000000;5000000
60303;50;Деятельность фитнес-центров;Московская область;S;Кассовое оборудование, POS-терминал и учетное ПО;113333;100000;140000
60303;50;Деятельность фитнес-центров;Московская область;M;Кассовое оборудование, POS-терминал и учетное ПО;306667;200000;400000
60303;50;Деятельность фитнес-центров;Московская область;L;Кассовое оборудование, POS-терминал и учетное ПО;916667;500000;1500000
60303;50;Деятельность фитнес-центров;Московская область;S;Резерв;426000;229000;549000
60303;50;Деятельность фитнес-центров;Московская область;M;Резерв;1311333;1000000;1840000
60303;50;Деятельность фитнес-центров;Московская область;L;Резерв;3443333;280000;8050000
131301;23;Оптика и очки;Краснодарский край;S;Аренда помещения под салон оптики + обеспечительный депозит;144467;120000;180000
131301;23;Оптика и очки;Краснодарский край;M;Аренда помещения под салон оптики + обеспечительный депозит;250000;200000;300000
131301;23;Оптика и очки;Краснодарский край;L;Аренда помещения под салон оптики + обеспечительный депозит;483333;350000;600000
131301;23;Оптика и очки;Краснодарский край;S;Ремонт и подготовка помещения под требования салона оптики;83347;80000;90000
131301;23;Оптика и очки;Краснодарский край;M;Ремонт и подготовка помещения под требования салона оптики;150000;150000;150000
131301;23;Оптика и очки;Краснодарский край;L;Ремонт и подготовка помещения под требования салона оптики;300000;300000;300000
131301;23;Оптика и очки;Краснодарский край;S;Вывеска и наружное оформление;30560;25000;40000
131301;23;Оптика и очки;Краснодарский край;M;Вывеска и наружное оформление;55000;40000;75000
131301;23;Оптика и очки;Краснодарский край;L;Вывеска и наружное оформление;110000;80000;150000
131301;23;Оптика и очки;Краснодарский край;S;Торговое и демонстрационное оборудование для салона оптики;95563;46690;120000
131301;23;Оптика и очки;Краснодарский край;M;Торговое и демонстрационное оборудование для салона оптики;162500;87500;200000
131301;23;Оптика и очки;Краснодарский край;L;Торговое и демонстрационное оборудование для салона оптики;325000;175000;400000
131301;23;Оптика и очки;Краснодарский край;S;Профессиональное оборудование для подбора и проверки зрения (офтальмологическое/оптометрическое);81123;70000;100000
131301;23;Оптика и очки;Краснодарский край;M;Профессиональное оборудование для подбора и проверки зрения (офтальмологическое/оптометрическое);169167;120000;250000
131301;23;Оптика и очки;Краснодарский край;L;Профессиональное оборудование для подбора и проверки зрения (офтальмологическое/оптометрическое);341667;250000;500000
131301;23;Оптика и очки;Краснодарский край;S;Оборудование для изготовления и подгонки очков, если предусмотрено форматом;18893;0;30000
131301;23;Оптика и очки;Краснодарский край;M;Оборудование для изготовления и подгонки очков, если предусмотрено форматом;66667;50000;100000
131301;23;Оптика и очки;Краснодарский край;L;Оборудование для изготовления и подгонки очков, если предусмотрено форматом;150000;100000;250000
131301;23;Оптика и очки;Краснодарский край;S;Компьютеры, POS-оборудование и касса;35007;20000;45000
131301;23;Оптика и очки;Краснодарский край;M;Компьютеры, POS-оборудование и касса;60000;35000;75000
131301;23;Оптика и очки;Краснодарский край;L;Компьютеры, POS-оборудование и касса;113333;70000;150000
131301;23;Оптика и очки;Краснодарский край;S;Учетное и кассовое программное обеспечение;14447;13340;15000
131301;23;Оптика и очки;Краснодарский край;M;Учетное и кассовое программное обеспечение;25000;25000;25000
131301;23;Оптика и очки;Краснодарский край;L;Учетное и кассовое программное обеспечение;50000;50000;50000
131301;23;Оптика и очки;Краснодарский край;S;Первичный товарный запас: оправы, солнцезащитные очки, линзы, футляры, сопутствующие товары;133367;100000;200100
131301;23;Оптика и очки;Краснодарский край;M;Первичный товарный запас: оправы, солнцезащитные очки, линзы, футляры, сопутствующие товары;245000;180000;375000
131301;23;Оптика и очки;Краснодарский край;L;Первичный товарный запас: оправы, солнцезащитные очки, линзы, футляры, сопутствующие товары;500000;350000;750000
131301;23;Оптика и очки;Краснодарский край;S;Расходные материалы для первичного запуска;12780;10000;15000
131301;23;Оптика и очки;Краснодарский край;M;Расходные материалы для первичного запуска;21667;15000;25000
131301;23;Оптика и очки;Краснодарский край;L;Расходные материалы для первичного запуска;43333;30000;50000
131301;23;Оптика и очки;Краснодарский край;S;Регистрация бизнеса и сопутствующие госпошлины;6112;3335;10000
131301;23;Оптика и очки;Краснодарский край;M;Регистрация бизнеса и сопутствующие госпошлины;10417;6250;15000
131301;23;Оптика и очки;Краснодарский край;L;Регистрация бизнеса и сопутствующие госпошлины;19167;12500;25000
131301;23;Оптика и очки;Краснодарский край;S;Санитарно-эпидемиологические и иные обязательные документы/согласования, если требуются по формату;11780;10000;13340
131301;23;Оптика и очки;Краснодарский край;M;Санитарно-эпидемиологические и иные обязательные документы/согласования, если требуются по формату;20000;15000;25000
131301;23;Оптика и очки;Краснодарский край;L;Санитарно-эпидемиологические и иные обязательные документы/согласования, если требуются по формату;36667;25000;50000
131301;23;Оптика и очки;Краснодарский край;S;Маркетинг на запуск: реклама и продвижение;37230;25000;46690
131301;23;Оптика и очки;Краснодарский край;M;Маркетинг на запуск: реклама и продвижение;69167;50000;87500
131301;23;Оптика и очки;Краснодарский край;L;Маркетинг на запуск: реклама и продвижение;138333;100000;175000
131301;23;Оптика и очки;Краснодарский край;S;Резерв;17333;0;52000
131301;23;Оптика и очки;Краснодарский край;M;Резерв;41667;5000;95000
131301;23;Оптика и очки;Краснодарский край;L;Резерв;78333;5000;190000
181801;10;Предоставление услуг парикмахерскими и салонами красоты;Республика Карелия;S;Аренда помещения и обеспечительный депозит;193333;150000;250000
181801;10;Предоставление услуг парикмахерскими и салонами красоты;Республика Карелия;M;Аренда помещения и обеспечительный депозит;343333;300000;400000
181801;10;Предоставление услуг парикмахерскими и салонами красоты;Республика Карелия;L;Аренда помещения и обеспечительный депозит;546667;500000;600000
181801;10;Предоставление услуг парикмахерскими и салонами красоты;Республика Карелия;S;Ремонт, отделка и подготовка помещения под салон;183333;150000;250000
181801;10;Предоставление услуг парикмахерскими и салонами красоты;Республика Карелия;M;Ремонт, отделка и подготовка помещения под салон;376667;280000;500000
181801;10;Предоставление услуг парикмахерскими и салонами красоты;Республика Карелия;L;Ремонт, отделка и подготовка помещения под салон;683333;450000;900000
181801;10;Предоставление услуг парикмахерскими и салонами красоты;Республика Карелия;S;Мебель и оснащение рабочих мест (парикмахерские кресла, зеркала, мойки, тележки, стойка администратора);146667;100000;200000
181801;10;Предоставление услуг парикмахерскими и салонами красоты;Республика Карелия;M;Мебель и оснащение рабочих мест (парикмахерские кресла, зеркала, мойки, тележки, стойка администратора);300000;200000;400000
181801;10;Предоставление услуг парикмахерскими и салонами красоты;Республика Карелия;L;Мебель и оснащение рабочих мест (парикмахерские кресла, зеркала, мойки, тележки, стойка администратора);506667;300000;700000
181801;10;Предоставление услуг парикмахерскими и салонами красоты;Республика Карелия;S;Профессиональное оборудование и инструменты (фены, машинки, плойки, стерилизаторы, УФ/сухожар, климазон и др.);156667;120000;180000
181801;10;Предоставление услуг парикмахерскими и салонами красоты;Республика Карелия;M;Профессиональное оборудование и инструменты (фены, машинки, плойки, стерилизаторы, УФ/сухожар, климазон и др.);326667;280000;400000
181801;10;Предоставление услуг парикмахерскими и салонами красоты;Республика Карелия;L;Профессиональное оборудование и инструменты (фены, машинки, плойки, стерилизаторы, УФ/сухожар, климазон и др.);586667;500000;700000
181801;10;Предоставление услуг парикмахерскими и салонами красоты;Республика Карелия;S;Первичный запас расходных материалов и косметики для старта;53333;30000;80000
181801;10;Предоставление услуг парикмахерскими и салонами красоты;Республика Карелия;M;Первичный запас расходных материалов и косметики для старта;113333;60000;160000
181801;10;Предоставление услуг парикмахерскими и салонами красоты;Республика Карелия;L;Первичный запас расходных материалов и косметики для старта;206667;100000;300000
181801;10;Предоставление услуг парикмахерскими и салонами красоты;Республика Карелия;S;Регистрация бизнеса и открытие расчетного счета;13333;10000;15000
181801;10;Предоставление услуг парикмахерскими и салонами красоты;Республика Карелия;M;Регистрация бизнеса и открытие расчетного счета;18333;15000;20000
181801;10;Предоставление услуг парикмахерскими и салонами красоты;Республика Карелия;L;Регистрация бизнеса и открытие расчетного счета;25000;20000;30000
181801;10;Предоставление услуг парикмахерскими и салонами красоты;Республика Карелия;S;Уведомление/согласования и санитарно-эпидемиологическая подготовка помещения;23333;20000;25000
181801;10;Предоставление услуг парикмахерскими и салонами красоты;Республика Карелия;M;Уведомление/согласования и санитарно-эпидемиологическая подготовка помещения;41667;30000;50000
181801;10;Предоставление услуг парикмахерскими и салонами красоты;Республика Карелия;L;Уведомление/согласования и санитарно-эпидемиологическая подготовка помещения;63333;40000;80000
181801;10;Предоставление услуг парикмахерскими и салонами красоты;Республика Карелия;S;Наружная вывеска и фирменное оформление;36667;30000;50000
181801;10;Предоставление услуг парикмахерскими и салонами красоты;Республика Карелия;M;Наружная вывеска и фирменное оформление;70000;50000;100000
181801;10;Предоставление услуг парикмахерскими и салонами красоты;Республика Карелия;L;Наружная вывеска и фирменное оформление;133333;80000;200000
181801;10;Предоставление услуг парикмахерскими и салонами красоты;Республика Карелия;S;Запусковая реклама и продвижение на старте;70000;40000;100000
181801;10;Предоставление услуг парикмахерскими и салонами красоты;Республика Карелия;M;Запусковая реклама и продвижение на старте;133333;100000;150000
181801;10;Предоставление услуг парикмахерскими и салонами красоты;Республика Карелия;L;Запусковая реклама и продвижение на старте;226667;180000;250000
181801;10;Предоставление услуг парикмахерскими и салонами красоты;Республика Карелия;S;Онлайн-запись, касса, POS-оборудование и учетное ПО;33333;30000;40000
181801;10;Предоставление услуг парикмахерскими и салонами красоты;Республика Карелия;M;Онлайн-запись, касса, POS-оборудование и учетное ПО;60000;60000;60000
181801;10;Предоставление услуг парикмахерскими и салонами красоты;Республика Карелия;L;Онлайн-запись, касса, POS-оборудование и учетное ПО;93333;80000;100000
181801;10;Предоставление услуг парикмахерскими и салонами красоты;Республика Карелия;S;Инженерное оснащение и мелкое хозяйственное оборудование (освещение, сантехника, бытовое оснащение);38333;30000;45000
181801;10;Предоставление услуг парикмахерскими и салонами красоты;Республика Карелия;M;Инженерное оснащение и мелкое хозяйственное оборудование (освещение, сантехника, бытовое оснащение);76667;50000;100000
181801;10;Предоставление услуг парикмахерскими и салонами красоты;Республика Карелия;L;Инженерное оснащение и мелкое хозяйственное оборудование (освещение, сантехника, бытовое оснащение);133333;70000;180000
181801;10;Предоставление услуг парикмахерскими и салонами красоты;Республика Карелия;S;Дезинфекционные средства и санитарные расходники для запуска;11333;10000;12000
181801;10;Предоставление услуг парикмахерскими и салонами красоты;Республика Карелия;M;Дезинфекционные средства и санитарные расходники для запуска;21333;15000;25000
181801;10;Предоставление услуг парикмахерскими и салонами красоты;Республика Карелия;L;Дезинфекционные средства и санитарные расходники для запуска;33333;20000;40000
181801;10;Предоставление услуг парикмахерскими и салонами красоты;Республика Карелия;S;Резерв;65000;45000;100000
181801;10;Предоставление услуг парикмахерскими и салонами красоты;Республика Карелия;M;Резерв;111667;55000;150000
181801;10;Предоставление услуг парикмахерскими и салонами красоты;Республика Карелия;L;Резерв;240333;68000;453000
181801;5401;Предоставление услуг парикмахерскими и салонами красоты;Новосибирск;S;Аренда помещения и обеспечительный депозит;160000;150000;180000
181801;5401;Предоставление услуг парикмахерскими и салонами красоты;Новосибирск;M;Аренда помещения и обеспечительный депозит;306667;300000;320000
181801;5401;Предоставление услуг парикмахерскими и салонами красоты;Новосибирск;L;Аренда помещения и обеспечительный депозит;513333;500000;540000
181801;5401;Предоставление услуг парикмахерскими и салонами красоты;Новосибирск;S;Ремонт, отделка и подготовка помещения под салон;120000;100000;140000
181801;5401;Предоставление услуг парикмахерскими и салонами красоты;Новосибирск;M;Ремонт, отделка и подготовка помещения под салон;283333;200000;350000
181801;5401;Предоставление услуг парикмахерскими и салонами красоты;Новосибирск;L;Ремонт, отделка и подготовка помещения под салон;490000;300000;650000
181801;5401;Предоставление услуг парикмахерскими и салонами красоты;Новосибирск;S;Мебель и оснащение рабочих мест (парикмахерские кресла, зеркала, мойки, тележки, стойка администратора);136667;100000;180000
181801;5401;Предоставление услуг парикмахерскими и салонами красоты;Новосибирск;M;Мебель и оснащение рабочих мест (парикмахерские кресла, зеркала, мойки, тележки, стойка администратора);280000;200000;380000
181801;5401;Предоставление услуг парикмахерскими и салонами красоты;Новосибирск;L;Мебель и оснащение рабочих мест (парикмахерские кресла, зеркала, мойки, тележки, стойка администратора);440000;300000;600000
181801;5401;Предоставление услуг парикмахерскими и салонами красоты;Новосибирск;S;Профессиональное оборудование и инструменты (фены, машинки, плойки, стерилизаторы, УФ/сухожар, климазон и др.);130000;90000;150000
181801;5401;Предоставление услуг парикмахерскими и салонами красоты;Новосибирск;M;Профессиональное оборудование и инструменты (фены, машинки, плойки, стерилизаторы, УФ/сухожар, климазон и др.);276667;180000;350000
181801;5401;Предоставление услуг парикмахерскими и салонами красоты;Новосибирск;L;Профессиональное оборудование и инструменты (фены, машинки, плойки, стерилизаторы, УФ/сухожар, климазон и др.);440000;320000;600000
181801;5401;Предоставление услуг парикмахерскими и салонами красоты;Новосибирск;S;Первичный запас расходных материалов и косметики для старта;55000;20000;100000
181801;5401;Предоставление услуг парикмахерскими и салонами красоты;Новосибирск;M;Первичный запас расходных материалов и косметики для старта;113333;50000;200000
181801;5401;Предоставление услуг парикмахерскими и салонами красоты;Новосибирск;L;Первичный запас расходных материалов и косметики для старта;210000;100000;350000
181801;5401;Предоставление услуг парикмахерскими и салонами красоты;Новосибирск;S;Регистрация бизнеса и открытие расчетного счета;12333;10000;15000
181801;5401;Предоставление услуг парикмахерскими и салонами красоты;Новосибирск;M;Регистрация бизнеса и открытие расчетного счета;15000;15000;15000
181801;5401;Предоставление услуг парикмахерскими и салонами красоты;Новосибирск;L;Регистрация бизнеса и открытие расчетного счета;19333;18000;20000
181801;5401;Предоставление услуг парикмахерскими и салонами красоты;Новосибирск;S;Уведомление/согласования и санитарно-эпидемиологическая подготовка помещения;22667;18000;30000
181801;5401;Предоставление услуг парикмахерскими и салонами красоты;Новосибирск;M;Уведомление/согласования и санитарно-эпидемиологическая подготовка помещения;36667;30000;50000
181801;5401;Предоставление услуг парикмахерскими и салонами красоты;Новосибирск;L;Уведомление/согласования и санитарно-эпидемиологическая подготовка помещения;58333;45000;80000
181801;5401;Предоставление услуг парикмахерскими и салонами красоты;Новосибирск;S;Наружная вывеска и фирменное оформление;31667;25000;40000
181801;5401;Предоставление услуг парикмахерскими и салонами красоты;Новосибирск;M;Наружная вывеска и фирменное оформление;60000;50000;80000
181801;5401;Предоставление услуг парикмахерскими и салонами красоты;Новосибирск;L;Наружная вывеска и фирменное оформление;113333;90000;150000
181801;5401;Предоставление услуг парикмахерскими и салонами красоты;Новосибирск;S;Запусковая реклама и продвижение на старте;38333;30000;50000
181801;5401;Предоставление услуг парикмахерскими и салонами красоты;Новосибирск;M;Запусковая реклама и продвижение на старте;83333;70000;100000
181801;5401;Предоставление услуг парикмахерскими и салонами красоты;Новосибирск;L;Запусковая реклама и продвижение на старте;156667;120000;200000
181801;5401;Предоставление услуг парикмахерскими и салонами красоты;Новосибирск;S;Онлайн-запись, касса, POS-оборудование и учетное ПО;26667;25000;30000
181801;5401;Предоставление услуг парикмахерскими и салонами красоты;Новосибирск;M;Онлайн-запись, касса, POS-оборудование и учетное ПО;50000;50000;50000
181801;5401;Предоставление услуг парикмахерскими и салонами красоты;Новосибирск;L;Онлайн-запись, касса, POS-оборудование и учетное ПО;88333;80000;100000
181801;5401;Предоставление услуг парикмахерскими и салонами красоты;Новосибирск;S;Инженерное оснащение и мелкое хозяйственное оборудование (освещение, сантехника, бытовое оснащение);21667;10000;35000
181801;5401;Предоставление услуг парикмахерскими и салонами красоты;Новосибирск;M;Инженерное оснащение и мелкое хозяйственное оборудование (освещение, сантехника, бытовое оснащение);43333;30000;70000
181801;5401;Предоставление услуг парикмахерскими и салонами красоты;Новосибирск;L;Инженерное оснащение и мелкое хозяйственное оборудование (освещение, сантехника, бытовое оснащение);76667;50000;120000
181801;5401;Предоставление услуг парикмахерскими и салонами красоты;Новосибирск;S;Дезинфекционные средства и санитарные расходники для запуска;10000;10000;10000
181801;5401;Предоставление услуг парикмахерскими и салонами красоты;Новосибирск;M;Дезинфекционные средства и санитарные расходники для запуска;19333;18000;20000
181801;5401;Предоставление услуг парикмахерскими и салонами красоты;Новосибирск;L;Дезинфекционные средства и санитарные расходники для запуска;30000;30000;30000
181801;5401;Предоставление услуг парикмахерскими и салонами красоты;Новосибирск;S;Резерв;40333;0;98000
181801;5401;Предоставление услуг парикмахерскими и салонами красоты;Новосибирск;M;Резерв;93000;10000;223000
181801;5401;Предоставление услуг парикмахерскими и салонами красоты;Новосибирск;L;Резерв;226667;60000;530000
60303;3601;Деятельность фитнес-центров;Воронеж;S;Аренда помещения и обеспечительный депозит;813417;500000;1200000
60303;3601;Деятельность фитнес-центров;Воронеж;M;Аренда помещения и обеспечительный депозит;2861383;2000000;3500000
60303;3601;Деятельность фитнес-центров;Воронеж;L;Аренда помещения и обеспечительный депозит;9234233;7000000;11102700
60303;3601;Деятельность фитнес-центров;Воронеж;S;Ремонт, отделка и подготовка помещения под фитнес-центр;1244583;1000000;1500000
60303;3601;Деятельность фитнес-центров;Воронеж;M;Ремонт, отделка и подготовка помещения под фитнес-центр;4733660;3700980;6500000
60303;3601;Деятельность фитнес-центров;Воронеж;L;Ремонт, отделка и подготовка помещения под фитнес-центр;16034233;11102700;22000000
60303;3601;Деятельность фитнес-центров;Воронеж;S;Проектирование, перепланировка и согласования по помещению;315800;197400;500000
60303;3601;Деятельность фитнес-центров;Воронеж;M;Проектирование, перепланировка и согласования по помещению;1105810;617430;1500000
60303;3601;Деятельность фитнес-центров;Воронеж;L;Проектирование, перепланировка и согласования по помещению;3326787;1480360;5000000
60303;3601;Деятельность фитнес-центров;Воронеж;S;Спортивное и тренажерное оборудование;1093500;800000;1480500
60303;3601;Деятельность фитнес-центров;Воронеж;M;Спортивное и тренажерное оборудование;5403458;4000000;7710375
60303;3601;Деятельность фитнес-центров;Воронеж;L;Спортивное и тренажерное оборудование;20869067;15000000;29607200
60303;3601;Деятельность фитнес-центров;Воронеж;S;Оборудование для групповых и кардио-зон;505750;400000;617250
60303;3601;Деятельность фитнес-центров;Воронеж;M;Оборудование для групповых и кардио-зон;1883497;1800000;2000000
60303;3601;Деятельность фитнес-центров;Воронеж;L;Оборудование для групповых и кардио-зон;6350450;5551350;7000000
60303;3601;Деятельность фитнес-центров;Воронеж;S;Оборудование для раздевалок, душевых и санитарных зон;281747;200000;345240
60303;3601;Деятельность фитнес-центров;Воронеж;M;Оборудование для раздевалок, душевых и санитарных зон;945240;800000;1035720
60303;3601;Деятельность фитнес-центров;Воронеж;L;Оборудование для раздевалок, душевых и санитарных зон;3153573;2960720;3500000
60303;3601;Деятельность фитнес-центров;Воронеж;S;Мебель и инвентарь для клиентских и административных зон;198917;150000;246750
60303;3601;Деятельность фитнес-центров;Воронеж;M;Мебель и инвентарь для клиентских и административных зон;572477;500000;617430
60303;3601;Деятельность фитнес-центров;Воронеж;L;Мебель и инвентарь для клиентских и административных зон;2093453;1480360;2800000
60303;3601;Деятельность фитнес-центров;Воронеж;S;Системы вентиляции, кондиционирования и климат-контроль;314500;200000;493500
60303;3601;Деятельность фитнес-центров;Воронеж;M;Системы вентиляции, кондиционирования и климат-контроль;1118700;500000;2056100
60303;3601;Деятельность фитнес-центров;Воронеж;L;Системы вентиляции, кондиционирования и климат-контроль;4053873;2000000;6661620
60303;3601;Деятельность фитнес-центров;Воронеж;S;Системы безопасности и видеонаблюдения;109350;80000;148050
60303;3601;Деятельность фитнес-центров;Воронеж;M;Системы безопасности и видеонаблюдения;303740;200000;411220
60303;3601;Деятельность фитнес-центров;Воронеж;L;Системы безопасности и видеонаблюдения;936757;700000;1110270
60303;3601;Деятельность фитнес-центров;Воронеж;S;Регистрация бизнеса и сопутствующие организационные расходы;43117;30000;50000
60303;3601;Деятельность фитнес-центров;Воронеж;M;Регистрация бизнеса и сопутствующие организационные расходы;94455;60000;123366
60303;3601;Деятельность фитнес-центров;Воронеж;L;Регистрация бизнеса и сопутствующие организационные расходы;280685;120000;500000
60303;3601;Деятельность фитнес-центров;Воронеж;S;Разрешительная документация и обязательные согласования;99350;50000;148050
60303;3601;Деятельность фитнес-центров;Воронеж;M;Разрешительная документация и обязательные согласования;253740;150000;411220
60303;3601;Деятельность фитнес-центров;Воронеж;L;Разрешительная документация и обязательные согласования;793453;400000;1480360
60303;3601;Деятельность фитнес-центров;Воронеж;S;Вывеска и наружное оформление;82900;50000;100000
60303;3601;Деятельность фитнес-центров;Воронеж;M;Вывеска и наружное оформление;236138;200000;308415
60303;3601;Деятельность фитнес-центров;Воронеж;L;Вывеска и наружное оформление;588721;500000;666162
60303;3601;Деятельность фитнес-центров;Воронеж;S;Рекламная кампания на запуск;259133;80000;500000
60303;3601;Деятельность фитнес-центров;Воронеж;M;Рекламная кампания на запуск;856545;350000;1500000
60303;3601;Деятельность фитнес-центров;Воронеж;L;Рекламная кампания на запуск;2806847;1200000;5000000
60303;3601;Деятельность фитнес-центров;Воронеж;S;Кассовое оборудование, POS-терминал и учетное ПО;89458;45000;123375
60303;3601;Деятельность фитнес-центров;Воронеж;M;Кассовое оборудование, POS-терминал и учетное ПО;209472;120000;308415
60303;3601;Деятельность фитнес-центров;Воронеж;L;Кассовое оборудование, POS-терминал и учетное ПО;488721;300000;666162
60303;3601;Деятельность фитнес-центров;Воронеж;S;Резерв;200000;0;500000
60303;3601;Деятельность фитнес-центров;Воронеж;M;Резерв;653333;0;1500000
60303;3601;Деятельность фитнес-центров;Воронеж;L;Резерв;3000000;0;5000000
100101;10;Аренда и управление собственным или арендованным недвижимым имуществом;Республика Карелия;S;Регистрация юридического лица / ИП и сопутствующие госпошлины;5667;4000;8000
100101;10;Аренда и управление собственным или арендованным недвижимым имуществом;Республика Карелия;M;Регистрация юридического лица / ИП и сопутствующие госпошлины;13333;12000;16000
100101;10;Аренда и управление собственным или арендованным недвижимым имуществом;Республика Карелия;L;Регистрация юридического лица / ИП и сопутствующие госпошлины;18667;15000;25000
100101;10;Аренда и управление собственным или арендованным недвижимым имуществом;Республика Карелия;S;Подготовка учредительных документов, нотариальные и юридические услуги;13333;5000;20000
100101;10;Аренда и управление собственным или арендованным недвижимым имуществом;Республика Карелия;M;Подготовка учредительных документов, нотариальные и юридические услуги;43333;35000;55000
100101;10;Аренда и управление собственным или арендованным недвижимым имуществом;Республика Карелия;L;Подготовка учредительных документов, нотариальные и юридические услуги;120000;60000;150000
100101;10;Аренда и управление собственным или арендованным недвижимым имуществом;Республика Карелия;S;Аренда офиса / помещения для управления недвижимостью и обеспечительный депозит;45000;30000;60000
100101;10;Аренда и управление собственным или арендованным недвижимым имуществом;Республика Карелия;M;Аренда офиса / помещения для управления недвижимостью и обеспечительный депозит;210000;150000;240000
100101;10;Аренда и управление собственным или арендованным недвижимым имуществом;Республика Карелия;L;Аренда офиса / помещения для управления недвижимостью и обеспечительный депозит;753333;400000;960000
100101;10;Аренда и управление собственным или арендованным недвижимым имуществом;Республика Карелия;S;Ремонт, косметическая подготовка и адаптация офиса / помещения под офис;20000;15000;25000
100101;10;Аренда и управление собственным или арендованным недвижимым имуществом;Республика Карелия;M;Ремонт, косметическая подготовка и адаптация офиса / помещения под офис;126667;100000;180000
100101;10;Аренда и управление собственным или арендованным недвижимым имуществом;Республика Карелия;L;Ремонт, косметическая подготовка и адаптация офиса / помещения под офис;466667;200000;600000
100101;10;Аренда и управление собственным или арендованным недвижимым имуществом;Республика Карелия;S;Мебель для офиса и рабочие места сотрудников;23333;20000;30000
100101;10;Аренда и управление собственным или арендованным недвижимым имуществом;Республика Карелия;M;Мебель для офиса и рабочие места сотрудников;123333;80000;150000
100101;10;Аренда и управление собственным или арендованным недвижимым имуществом;Республика Карелия;L;Мебель для офиса и рабочие места сотрудников;400000;150000;600000
100101;10;Аренда и управление собственным или арендованным недвижимым имуществом;Республика Карелия;S;Компьютеры, ноутбуки, оргтехника и периферия;31667;20000;45000
100101;10;Аренда и управление собственным или арендованным недвижимым имуществом;Республика Карелия;M;Компьютеры, ноутбуки, оргтехника и периферия;160000;60000;220000
100101;10;Аренда и управление собственным или арендованным недвижимым имуществом;Республика Карелия;L;Компьютеры, ноутбуки, оргтехника и периферия;550000;100000;850000
100101;10;Аренда и управление собственным или арендованным недвижимым имуществом;Республика Карелия;S;Телефония, интернет и коммуникационное оборудование;8667;8000;10000
100101;10;Аренда и управление собственным или арендованным недвижимым имуществом;Республика Карелия;M;Телефония, интернет и коммуникационное оборудование;31667;20000;50000
100101;10;Аренда и управление собственным или арендованным недвижимым имуществом;Республика Карелия;L;Телефония, интернет и коммуникационное оборудование;90000;50000;150000
100101;10;Аренда и управление собственным или арендованным недвижимым имуществом;Республика Карелия;S;Ключевое профильное ПО для управления недвижимостью, CRM / учет арендных договоров;10667;10000;12000
100101;10;Аренда и управление собственным или арендованным недвижимым имуществом;Республика Карелия;M;Ключевое профильное ПО для управления недвижимостью, CRM / учет арендных договоров;56667;30000;80000
100101;10;Аренда и управление собственным или арендованным недвижимым имуществом;Республика Карелия;L;Ключевое профильное ПО для управления недвижимостью, CRM / учет арендных договоров;220000;80000;400000
100101;10;Аренда и управление собственным или арендованным недвижимым имуществом;Республика Карелия;S;Настройка и внедрение учетной системы, интеграция сервисов;8333;5000;10000
100101;10;Аренда и управление собственным или арендованным недвижимым имуществом;Республика Карелия;M;Настройка и внедрение учетной системы, интеграция сервисов;43333;20000;70000
100101;10;Аренда и управление собственным или арендованным недвижимым имуществом;Республика Карелия;L;Настройка и внедрение учетной системы, интеграция сервисов;153333;40000;220000
100101;10;Аренда и управление собственным или арендованным недвижимым имуществом;Республика Карелия;S;Создание корпоративного сайта и базовых цифровых каналов присутствия;11667;10000;15000
100101;10;Аренда и управление собственным или арендованным недвижимым имуществом;Республика Карелия;M;Создание корпоративного сайта и базовых цифровых каналов присутствия;60000;30000;90000
100101;10;Аренда и управление собственным или арендованным недвижимым имуществом;Республика Карелия;L;Создание корпоративного сайта и базовых цифровых каналов присутствия;203333;60000;300000
100101;10;Аренда и управление собственным или арендованным недвижимым имуществом;Республика Карелия;S;Вывеска, навигация и фирменное оформление офиса;8333;7000;10000
100101;10;Аренда и управление собственным или арендованным недвижимым имуществом;Республика Карелия;M;Вывеска, навигация и фирменное оформление офиса;35000;20000;50000
100101;10;Аренда и управление собственным или арендованным недвижимым имуществом;Республика Карелия;L;Вывеска, навигация и фирменное оформление офиса;116667;30000;200000
100101;10;Аренда и управление собственным или арендованным недвижимым имуществом;Республика Карелия;S;Реклама и продвижение на запуске;17667;15000;20000
100101;10;Аренда и управление собственным или арендованным недвижимым имуществом;Республика Карелия;M;Реклама и продвижение на запуске;113333;100000;120000
100101;10;Аренда и управление собственным или арендованным недвижимым имуществом;Республика Карелия;L;Реклама и продвижение на запуске;400000;200000;550000
100101;10;Аренда и управление собственным или арендованным недвижимым имуществом;Республика Карелия;S;Юридическая подготовка типовых договоров аренды, актов и шаблонов документов;9000;5000;12000
100101;10;Аренда и управление собственным или арендованным недвижимым имуществом;Республика Карелия;M;Юридическая подготовка типовых договоров аренды, актов и шаблонов документов;33333;15000;45000
100101;10;Аренда и управление собственным или арендованным недвижимым имуществом;Республика Карелия;L;Юридическая подготовка типовых договоров аренды, актов и шаблонов документов;80000;20000;120000
100101;10;Аренда и управление собственным или арендованным недвижимым имуществом;Республика Карелия;S;Расходы на первичный осмотр, фотофиксацию и оценку объектов недвижимости;9000;7000;10000
100101;10;Аренда и управление собственным или арендованным недвижимым имуществом;Республика Карелия;M;Расходы на первичный осмотр, фотофиксацию и оценку объектов недвижимости;44333;20000;68000
100101;10;Аренда и управление собственным или арендованным недвижимым имуществом;Республика Карелия;L;Расходы на первичный осмотр, фотофиксацию и оценку объектов недвижимости;163333;50000;300000
100101;10;Аренда и управление собственным или арендованным недвижимым имуществом;Республика Карелия;S;Резерв;13500;10000;20000
100101;10;Аренда и управление собственным или арендованным недвижимым имуществом;Республика Карелия;M;Резерв;89400;68200;100000
100101;10;Аренда и управление собственным или арендованным недвижимым имуществом;Республика Карелия;L;Резерв;322167;200000;565000
100101;5201;Аренда и управление собственным или арендованным недвижимым имуществом;Нижний Новгород;S;Регистрация юридического лица / ИП и сопутствующие госпошлины;4667;4000;5000
100101;5201;Аренда и управление собственным или арендованным недвижимым имуществом;Нижний Новгород;M;Регистрация юридического лица / ИП и сопутствующие госпошлины;7833;4500;12000
100101;5201;Аренда и управление собственным или арендованным недвижимым имуществом;Нижний Новгород;L;Регистрация юридического лица / ИП и сопутствующие госпошлины;13333;5000;25000
100101;5201;Аренда и управление собственным или арендованным недвижимым имуществом;Нижний Новгород;S;Подготовка учредительных документов, нотариальные и юридические услуги;11667;5000;15000
100101;5201;Аренда и управление собственным или арендованным недвижимым имуществом;Нижний Новгород;M;Подготовка учредительных документов, нотариальные и юридические услуги;33333;15000;45000
100101;5201;Аренда и управление собственным или арендованным недвижимым имуществом;Нижний Новгород;L;Подготовка учредительных документов, нотариальные и юридические услуги;73333;40000;120000
100101;5201;Аренда и управление собственным или арендованным недвижимым имуществом;Нижний Новгород;S;Аренда офиса / помещения для управления недвижимостью и обеспечительный депозит;53333;40000;70000
100101;5201;Аренда и управление собственным или арендованным недвижимым имуществом;Нижний Новгород;M;Аренда офиса / помещения для управления недвижимостью и обеспечительный депозит;306667;200000;520000
100101;5201;Аренда и управление собственным или арендованным недвижимым имуществом;Нижний Новгород;L;Аренда офиса / помещения для управления недвижимостью и обеспечительный депозит;1066667;500000;2100000
100101;5201;Аренда и управление собственным или арендованным недвижимым имуществом;Нижний Новгород;S;Ремонт, косметическая подготовка и адаптация офиса / помещения под офис;25000;20000;30000
100101;5201;Аренда и управление собственным или арендованным недвижимым имуществом;Нижний Новгород;M;Ремонт, косметическая подготовка и адаптация офиса / помещения под офис;143333;100000;180000
100101;5201;Аренда и управление собственным или арендованным недвижимым имуществом;Нижний Новгород;L;Ремонт, косметическая подготовка и адаптация офиса / помещения под офис;450000;200000;650000
100101;5201;Аренда и управление собственным или арендованным недвижимым имуществом;Нижний Новгород;S;Мебель для офиса и рабочие места сотрудников;23333;20000;25000
100101;5201;Аренда и управление собственным или арендованным недвижимым имуществом;Нижний Новгород;M;Мебель для офиса и рабочие места сотрудников;136667;80000;180000
100101;5201;Аренда и управление собственным или арендованным недвижимым имуществом;Нижний Новгород;L;Мебель для офиса и рабочие места сотрудников;490000;150000;720000
100101;5201;Аренда и управление собственным или арендованным недвижимым имуществом;Нижний Новгород;S;Компьютеры, ноутбуки, оргтехника и периферия;31667;30000;35000
100101;5201;Аренда и управление собственным или арендованным недвижимым имуществом;Нижний Новгород;M;Компьютеры, ноутбуки, оргтехника и периферия;173333;100000;220000
100101;5201;Аренда и управление собственным или арендованным недвижимым имуществом;Нижний Новгород;L;Компьютеры, ноутбуки, оргтехника и периферия;600000;200000;900000
100101;5201;Аренда и управление собственным или арендованным недвижимым имуществом;Нижний Новгород;S;Телефония, интернет и коммуникационное оборудование;7667;5000;10000
100101;5201;Аренда и управление собственным или арендованным недвижимым имуществом;Нижний Новгород;M;Телефония, интернет и коммуникационное оборудование;28333;20000;35000
100101;5201;Аренда и управление собственным или арендованным недвижимым имуществом;Нижний Новгород;L;Телефония, интернет и коммуникационное оборудование;63333;50000;90000
100101;5201;Аренда и управление собственным или арендованным недвижимым имуществом;Нижний Новгород;S;Ключевое профильное ПО для управления недвижимостью, CRM / учет арендных договоров;14000;12000;15000
100101;5201;Аренда и управление собственным или арендованным недвижимым имуществом;Нижний Новгород;M;Ключевое профильное ПО для управления недвижимостью, CRM / учет арендных договоров;83333;50000;120000
100101;5201;Аренда и управление собственным или арендованным недвижимым имуществом;Нижний Новгород;L;Ключевое профильное ПО для управления недвижимостью, CRM / учет арендных договоров;240000;100000;400000
100101;5201;Аренда и управление собственным или арендованным недвижимым имуществом;Нижний Новгород;S;Настройка и внедрение учетной системы, интеграция сервисов;10000;10000;10000
100101;5201;Аренда и управление собственным или арендованным недвижимым имуществом;Нижний Новгород;M;Настройка и внедрение учетной системы, интеграция сервисов;50000;20000;70000
100101;5201;Аренда и управление собственным или арендованным недвижимым имуществом;Нижний Новгород;L;Настройка и внедрение учетной системы, интеграция сервисов;166667;50000;250000
100101;5201;Аренда и управление собственным или арендованным недвижимым имуществом;Нижний Новгород;S;Создание корпоративного сайта и базовых цифровых каналов присутствия;20000;15000;25000
100101;5201;Аренда и управление собственным или арендованным недвижимым имуществом;Нижний Новгород;M;Создание корпоративного сайта и базовых цифровых каналов присутствия;86667;40000;120000
100101;5201;Аренда и управление собственным или арендованным недвижимым имуществом;Нижний Новгород;L;Создание корпоративного сайта и базовых цифровых каналов присутствия;230000;70000;320000
100101;5201;Аренда и управление собственным или арендованным недвижимым имуществом;Нижний Новгород;S;Вывеска, навигация и фирменное оформление офиса;9000;7000;10000
100101;5201;Аренда и управление собственным или арендованным недвижимым имуществом;Нижний Новгород;M;Вывеска, навигация и фирменное оформление офиса;33333;20000;50000
100101;5201;Аренда и управление собственным или арендованным недвижимым имуществом;Нижний Новгород;L;Вывеска, навигация и фирменное оформление офиса;91667;40000;150000
100101;5201;Аренда и управление собственным или арендованным недвижимым имуществом;Нижний Новгород;S;Реклама и продвижение на запуске;33333;20000;50000
100101;5201;Аренда и управление собственным или арендованным недвижимым имуществом;Нижний Новгород;M;Реклама и продвижение на запуске;250000;100000;350000
100101;5201;Аренда и управление собственным или арендованным недвижимым имуществом;Нижний Новгород;L;Реклама и продвижение на запуске;1066667;200000;1800000
100101;5201;Аренда и управление собственным или арендованным недвижимым имуществом;Нижний Новгород;S;Юридическая подготовка типовых договоров аренды, актов и шаблонов документов;9000;5000;12000
100101;5201;Аренда и управление собственным или арендованным недвижимым имуществом;Нижний Новгород;M;Юридическая подготовка типовых договоров аренды, актов и шаблонов документов;36667;10000;60000
100101;5201;Аренда и управление собственным или арендованным недвижимым имуществом;Нижний Новгород;L;Юридическая подготовка типовых договоров аренды, актов и шаблонов документов;100000;20000;180000
100101;5201;Аренда и управление собственным или арендованным недвижимым имуществом;Нижний Новгород;S;Расходы на первичный осмотр, фотофиксацию и оценку объектов недвижимости;12333;9000;18000
100101;5201;Аренда и управление собственным или арендованным недвижимым имуществом;Нижний Новгород;M;Расходы на первичный осмотр, фотофиксацию и оценку объектов недвижимости;51667;30000;80000
100101;5201;Аренда и управление собственным или арендованным недвижимым имуществом;Нижний Новгород;L;Расходы на первичный осмотр, фотофиксацию и оценку объектов недвижимости;146667;50000;250000
100101;5201;Аренда и управление собственным или арендованным недвижимым имуществом;Нижний Новгород;S;Резерв;35667;20000;60000
100101;5201;Аренда и управление собственным или арендованным недвижимым имуществом;Нижний Новгород;M;Резерв;396333;186000;600000
100101;5201;Аренда и управление собственным или арендованным недвижимым имуществом;Нижний Новгород;L;Резерв;1786667;930000;3000000
131301;2301;Оптика и очки;Краснодар;S;Аренда помещения под салон оптики + обеспечительный депозит;144750;140000;150000
131301;2301;Оптика и очки;Краснодар;M;Аренда помещения под салон оптики + обеспечительный депозит;266833;250000;280000
131301;2301;Оптика и очки;Краснодар;L;Аренда помещения под салон оптики + обеспечительный депозит;533750;500000;560000
131301;2301;Оптика и очки;Краснодар;S;Ремонт и подготовка помещения под требования салона оптики;72567;57700;80000
131301;2301;Оптика и очки;Краснодар;M;Ремонт и подготовка помещения под требования салона оптики;142733;108200;200000
131301;2301;Оптика и очки;Краснодар;L;Ремонт и подготовка помещения под требования салона оптики;272167;200000;400000
131301;2301;Оптика и очки;Краснодар;S;Вывеска и наружное оформление;22437;17310;30000
131301;2301;Оптика и очки;Краснодар;M;Вывеска и наружное оформление;44153;30000;70000
131301;2301;Оптика и очки;Краснодар;L;Вывеска и наружное оформление;84983;50000;140000
131301;2301;Оптика и очки;Краснодар;S;Торговое и демонстрационное оборудование для салона оптики;72567;57700;100000
131301;2301;Оптика и очки;Краснодар;M;Торговое и демонстрационное оборудование для салона оптики;126067;108200;150000
131301;2301;Оптика и очки;Краснодар;L;Торговое и демонстрационное оборудование для салона оптики;235500;216500;250000
131301;2301;Оптика и очки;Краснодар;S;Профессиональное оборудование для подбора и проверки зрения (офтальмологическое/оптометрическое);105133;100000;115400
131301;2301;Оптика и очки;Краснодар;M;Профессиональное оборудование для подбора и проверки зрения (офтальмологическое/оптометрическое);177440;172320;180000
131301;2301;Оптика и очки;Краснодар;L;Профессиональное оборудование для подбора и проверки зрения (офтальмологическое/оптометрическое);324917;300000;350000
131301;2301;Оптика и очки;Краснодар;S;Оборудование для изготовления и подгонки очков, если предусмотрено форматом;26283;0;50000
131301;2301;Оптика и очки;Краснодар;M;Оборудование для изготовления и подгонки очков, если предусмотрено форматом;68307;50000;90000
131301;2301;Оптика и очки;Краснодар;L;Оборудование для изготовления и подгонки очков, если предусмотрено форматом;150517;150000;151550
131301;2301;Оптика и очки;Краснодар;S;Компьютеры, POS-оборудование и касса;34873;30000;40000
131301;2301;Оптика и очки;Краснодар;M;Компьютеры, POS-оборудование и касса;54700;50000;60000
131301;2301;Оптика и очки;Краснодар;L;Компьютеры, POS-оборудование и касса;92475;80000;100000
131301;2301;Оптика и очки;Краснодар;S;Учетное и кассовое программное обеспечение;14103;10000;17310
131301;2301;Оптика и очки;Краснодар;M;Учетное и кассовое программное обеспечение;22350;15000;27050
131301;2301;Оптика и очки;Краснодар;L;Учетное и кассовое программное обеспечение;34433;20000;43300
131301;2301;Оптика и очки;Краснодар;S;Первичный товарный запас: оправы, солнцезащитные очки, линзы, футляры, сопутствующие товары;74160;50000;92480
131301;2301;Оптика и очки;Краснодар;M;Первичный товарный запас: оправы, солнцезащитные очки, линзы, футляры, сопутствующие товары;155467;100000;216400
131301;2301;Оптика и очки;Краснодар;L;Первичный товарный запас: оправы, солнцезащитные очки, линзы, футляры, сопутствующие товары;347083;200000;541250
131301;2301;Оптика и очки;Краснодар;S;Расходные материалы для первичного запуска;10513;10000;11540
131301;2301;Оптика и очки;Краснодар;M;Расходные материалы для первичного запуска;17213;15000;21640
131301;2301;Оптика и очки;Краснодар;L;Расходные материалы для первичного запуска;29432;20000;43295
131301;2301;Оптика и очки;Краснодар;S;Регистрация бизнеса и сопутствующие госпошлины;5257;5000;5770
131301;2301;Оптика и очки;Краснодар;M;Регистрация бизнеса и сопутствующие госпошлины;8607;5000;10820
131301;2301;Оптика и очки;Краснодар;L;Регистрация бизнеса и сопутствующие госпошлины;13883;5000;21650
131301;2301;Оптика и очки;Краснодар;S;Санитарно-эпидемиологические и иные обязательные документы/согласования, если требуются по формату;7847;5000;11540
131301;2301;Оптика и очки;Краснодар;M;Санитарно-эпидемиологические и иные обязательные документы/согласования, если требуются по формату;14547;10000;21640
131301;2301;Оптика и очки;Краснодар;L;Санитарно-эпидемиологические и иные обязательные документы/согласования, если требуются по формату;26100;15000;43300
131301;2301;Оптика и очки;Краснодар;S;Маркетинг на запуск: реклама и продвижение;36813;30000;40439
131301;2301;Оптика и очки;Краснодар;M;Маркетинг на запуск: реклама и продвижение;60110;50000;70330
131301;2301;Оптика и очки;Краснодар;L;Маркетинг на запуск: реклама и продвижение;120075;100000;140225
131301;2301;Оптика и очки;Краснодар;S;Резерв;27480;15000;40439
131301;2301;Оптика и очки;Краснодар;M;Резерв;52590;30000;75769
131301;2301;Оптика и очки;Краснодар;L;Резерв;106692;80000;140075
150202;5201;Строительство жилых и нежилых зданий;Нижний Новгород;S;Регистрация юридического лица / ИП, госпошлины, нотариальные и сервисные расходы;34333;15000;70000
150202;5201;Строительство жилых и нежилых зданий;Нижний Новгород;M;Регистрация юридического лица / ИП, госпошлины, нотариальные и сервисные расходы;58333;30000;100000
150202;5201;Строительство жилых и нежилых зданий;Нижний Новгород;L;Регистрация юридического лица / ИП, госпошлины, нотариальные и сервисные расходы;106667;50000;150000
150202;5201;Строительство жилых и нежилых зданий;Нижний Новгород;S;Открытие расчётного счёта, выпуск КЭП, подключение к электронному документообороту;31667;10000;50000
150202;5201;Строительство жилых и нежилых зданий;Нижний Новгород;M;Открытие расчётного счёта, выпуск КЭП, подключение к электронному документообороту;60000;20000;90000
150202;5201;Строительство жилых и нежилых зданий;Нижний Новгород;L;Открытие расчётного счёта, выпуск КЭП, подключение к электронному документообороту;116667;30000;220000
150202;5201;Строительство жилых и нежилых зданий;Нижний Новгород;S;Аренда офиса / производственной базы / склада + обеспечительный депозит;203333;100000;260000
150202;5201;Строительство жилых и нежилых зданий;Нижний Новгород;M;Аренда офиса / производственной базы / склада + обеспечительный депозит;1050000;500000;1450000
150202;5201;Строительство жилых и нежилых зданий;Нижний Новгород;L;Аренда офиса / производственной базы / склада + обеспечительный депозит;5900000;1000000;9200000
150202;5201;Строительство жилых и нежилых зданий;Нижний Новгород;S;Аренда или подготовка строительной площадки / бытового городка / временных помещений на объекте;156667;120000;200000
150202;5201;Строительство жилых и нежилых зданий;Нижний Новгород;M;Аренда или подготовка строительной площадки / бытового городка / временных помещений на объекте;983333;950000;1000000
150202;5201;Строительство жилых и нежилых зданий;Нижний Новгород;L;Аренда или подготовка строительной площадки / бытового городка / временных помещений на объекте;4900000;2000000;7500000
150202;5201;Строительство жилых и нежилых зданий;Нижний Новгород;S;Проектные, изыскательские и предпроектные работы;220000;200000;250000
150202;5201;Строительство жилых и нежилых зданий;Нижний Новгород;M;Проектные, изыскательские и предпроектные работы;1616667;1500000;1850000
150202;5201;Строительство жилых и нежилых зданий;Нижний Новгород;L;Проектные, изыскательские и предпроектные работы;8933333;3000000;14000000
150202;5201;Строительство жилых и нежилых зданий;Нижний Новгород;S;Согласование проектной документации, получение необходимых разрешений на строительство и ввод (по проекту);146667;90000;200000
150202;5201;Строительство жилых и нежилых зданий;Нижний Новгород;M;Согласование проектной документации, получение необходимых разрешений на строительство и ввод (по проекту);740000;420000;1000000
150202;5201;Строительство жилых и нежилых зданий;Нижний Новгород;L;Согласование проектной документации, получение необходимых разрешений на строительство и ввод (по проекту);2933333;1800000;5000000
150202;5201;Строительство жилых и нежилых зданий;Нижний Новгород;S;Подключение и организация временного электроснабжения, водоснабжения, связи на объекте;130000;100000;150000
150202;5201;Строительство жилых и нежилых зданий;Нижний Новгород;M;Подключение и организация временного электроснабжения, водоснабжения, связи на объекте;726667;500000;1000000
150202;5201;Строительство жилых и нежилых зданий;Нижний Новгород;L;Подключение и организация временного электроснабжения, водоснабжения, связи на объекте;3866667;1000000;8000000
150202;5201;Строительство жилых и нежилых зданий;Нижний Новгород;S;Строительные машины и механизмы: покупка / аренда / лизинг (экскаватор, автокран, погрузчик, бетоносмесительная техника и т.п.);570000;450000;760000
150202;5201;Строительство жилых и нежилых зданий;Нижний Новгород;M;Строительные машины и механизмы: покупка / аренда / лизинг (экскаватор, автокран, погрузчик, бетоносмесительная техника и т.п.);4400000;3000000;7200000
150202;5201;Строительство жилых и нежилых зданий;Нижний Новгород;L;Строительные машины и механизмы: покупка / аренда / лизинг (экскаватор, автокран, погрузчик, бетоносмесительная техника и т.п.);25333333;5000000;47000000
150202;5201;Строительство жилых и нежилых зданий;Нижний Новгород;S;Строительный инструмент, ручной и электроинструмент;160000;100000;200000
150202;5201;Строительство жилых и нежилых зданий;Нижний Новгород;M;Строительный инструмент, ручной и электроинструмент;583333;300000;800000
150202;5201;Строительство жилых и нежилых зданий;Нижний Новгород;L;Строительный инструмент, ручной и электроинструмент;1966667;500000;3000000
150202;5201;Строительство жилых и нежилых зданий;Нижний Новгород;S;Опалубка, леса, инвентарные приспособления и оснастка;170000;150000;210000
150202;5201;Строительство жилых и нежилых зданий;Нижний Новгород;M;Опалубка, леса, инвентарные приспособления и оснастка;1266667;1000000;1600000
150202;5201;Строительство жилых и нежилых зданий;Нижний Новгород;L;Опалубка, леса, инвентарные приспособления и оснастка;5933333;2000000;8000000
150202;5201;Строительство жилых и нежилых зданий;Нижний Новгород;S;Первичный запас основных материалов и расходников для старта работ;390000;300000;450000
150202;5201;Строительство жилых и нежилых зданий;Нижний Новгород;M;Первичный запас основных материалов и расходников для старта работ;3900000;2000000;5200000
150202;5201;Строительство жилых и нежилых зданий;Нижний Новгород;L;Первичный запас основных материалов и расходников для старта работ;28333333;5000000;42000000
150202;5201;Строительство жилых и нежилых зданий;Нижний Новгород;S;ГСМ, технические жидкости и расходные материалы для техники;86667;50000;110000
150202;5201;Строительство жилых и нежилых зданий;Нижний Новгород;M;ГСМ, технические жидкости и расходные материалы для техники;573333;200000;920000
150202;5201;Строительство жилых и нежилых зданий;Нижний Новгород;L;ГСМ, технические жидкости и расходные материалы для техники;3400000;500000;5200000
150202;5201;Строительство жилых и нежилых зданий;Нижний Новгород;S;Средства индивидуальной защиты, спецодежда и охрана труда;78333;50000;100000
150202;5201;Строительство жилых и нежилых зданий;Нижний Новгород;M;Средства индивидуальной защиты, спецодежда и охрана труда;280000;200000;340000
150202;5201;Строительство жилых и нежилых зданий;Нижний Новгород;L;Средства индивидуальной защиты, спецодежда и охрана труда;1316667;500000;2000000
150202;5201;Строительство жилых и нежилых зданий;Нижний Новгород;S;Транспорт и логистика: аренда/лизинг грузового транспорта, доставка материалов;166667;150000;200000
150202;5201;Строительство жилых и нежилых зданий;Нижний Новгород;M;Транспорт и логистика: аренда/лизинг грузового транспорта, доставка материалов;933333;500000;1200000
150202;5201;Строительство жилых и нежилых зданий;Нижний Новгород;L;Транспорт и логистика: аренда/лизинг грузового транспорта, доставка материалов;5566667;1000000;9500000
150202;5201;Строительство жилых и нежилых зданий;Нижний Новгород;S;Учетное, проектное и строительное ПО, лицензии на программные продукты;90000;50000;120000
150202;5201;Строительство жилых и нежилых зданий;Нижний Новгород;M;Учетное, проектное и строительное ПО, лицензии на программные продукты;306667;200000;520000
150202;5201;Строительство жилых и нежилых зданий;Нижний Новгород;L;Учетное, проектное и строительное ПО, лицензии на программные продукты;1300000;500000;2400000
150202;5201;Строительство жилых и нежилых зданий;Нижний Новгород;S;Системы связи и оргтехника: компьютеры, принтеры, телефония, интернет;113333;80000;160000
150202;5201;Строительство жилых и нежилых зданий;Нижний Новгород;M;Системы связи и оргтехника: компьютеры, принтеры, телефония, интернет;373333;200000;620000
150202;5201;Строительство жилых и нежилых зданий;Нижний Новгород;L;Системы связи и оргтехника: компьютеры, принтеры, телефония, интернет;1500000;500000;2500000
150202;5201;Строительство жилых и нежилых зданий;Нижний Новгород;S;Маркетинг на запуск: сайт, презентационные материалы, реклама и тендерное продвижение;96667;90000;100000
150202;5201;Строительство жилых и нежилых зданий;Нижний Новгород;M;Маркетинг на запуск: сайт, презентационные материалы, реклама и тендерное продвижение;460000;380000;500000
150202;5201;Строительство жилых и нежилых зданий;Нижний Новгород;L;Маркетинг на запуск: сайт, презентационные материалы, реклама и тендерное продвижение;1866667;1000000;3000000
150202;5201;Строительство жилых и нежилых зданий;Нижний Новгород;S;Вывеска, наружная идентификация и фирменное оформление;41667;30000;50000
150202;5201;Строительство жилых и нежилых зданий;Нижний Новгород;M;Вывеска, наружная идентификация и фирменное оформление;120000;100000;160000
150202;5201;Строительство жилых и нежилых зданий;Нижний Новгород;L;Вывеска, наружная идентификация и фирменное оформление;383333;200000;500000
150202;5201;Строительство жилых и нежилых зданий;Нижний Новгород;S;Банковские гарантии, обеспечительные взносы по контрактам и участие в закупках;193333;180000;200000
150202;5201;Строительство жилых и нежилых зданий;Нижний Новгород;M;Банковские гарантии, обеспечительные взносы по контрактам и участие в закупках;1433333;1000000;2100000
150202;5201;Строительство жилых и нежилых зданий;Нижний Новгород;L;Банковские гарантии, обеспечительные взносы по контрактам и участие в закупках;11166667;2000000;17500000
150202;5201;Строительство жилых и нежилых зданий;Нижний Новгород;S;Резерв;167667;39000;264000
150202;5201;Строительство жилых и нежилых зданий;Нижний Новгород;M;Резерв;1319000;1000000;1581000
150202;5201;Строительство жилых и нежилых зданий;Нижний Новгород;L;Резерв;5830000;2000000;10375000
50303;10;Стоматологическая практика;Республика Карелия;S;Аренда помещения под стоматологическую клинику + обеспечительный депозит;1633333;1200000;2500000
50303;10;Стоматологическая практика;Республика Карелия;M;Аренда помещения под стоматологическую клинику + обеспечительный депозит;4100000;2700000;6000000
50303;10;Стоматологическая практика;Республика Карелия;L;Аренда помещения под стоматологическую клинику + обеспечительный депозит;9800000;5400000;15000000
50303;10;Стоматологическая практика;Республика Карелия;S;Ремонт и подготовка помещения под санитарные и технологические требования;1700000;800000;2500000
50303;10;Стоматологическая практика;Республика Карелия;M;Ремонт и подготовка помещения под санитарные и технологические требования;4566667;2000000;7500000
50303;10;Стоматологическая практика;Республика Карелия;L;Ремонт и подготовка помещения под санитарные и технологические требования;11333333;5000000;20000000
50303;10;Стоматологическая практика;Республика Карелия;S;Проектирование и согласование планировки/инженерных решений для стоматологии;283333;250000;300000
50303;10;Стоматологическая практика;Республика Карелия;M;Проектирование и согласование планировки/инженерных решений для стоматологии;716667;600000;900000
50303;10;Стоматологическая практика;Республика Карелия;L;Проектирование и согласование планировки/инженерных решений для стоматологии;1733333;1200000;2500000
50303;10;Стоматологическая практика;Республика Карелия;S;Стоматологические установки (кресла, блоки врача/ассистента);1766667;1500000;2200000
50303;10;Стоматологическая практика;Республика Карелия;M;Стоматологические установки (кресла, блоки врача/ассистента);5400000;4000000;7200000
50303;10;Стоматологическая практика;Республика Карелия;L;Стоматологические установки (кресла, блоки врача/ассистента);15333333;10000000;21000000
50303;10;Стоматологическая практика;Республика Карелия;S;Рентген-оборудование (визиограф/ортопантомограф/КЛКТ — по формату клиники);750000;350000;1000000
50303;10;Стоматологическая практика;Республика Карелия;M;Рентген-оборудование (визиограф/ортопантомограф/КЛКТ — по формату клиники);2600000;1500000;3800000
50303;10;Стоматологическая практика;Республика Карелия;L;Рентген-оборудование (визиограф/ортопантомограф/КЛКТ — по формату клиники);8000000;4000000;15000000
50303;10;Стоматологическая практика;Республика Карелия;S;Стерилизационное оборудование (автоклав, сухожар, ультразвуковая мойка и др.);433333;300000;500000
50303;10;Стоматологическая практика;Республика Карелия;M;Стерилизационное оборудование (автоклав, сухожар, ультразвуковая мойка и др.);1066667;500000;1500000
50303;10;Стоматологическая практика;Республика Карелия;L;Стерилизационное оборудование (автоклав, сухожар, ультразвуковая мойка и др.);2200000;1000000;3000000
50303;10;Стоматологическая практика;Республика Карелия;S;Компрессор, аспирация и другое инженерное оборудование;383333;200000;550000
50303;10;Стоматологическая практика;Республика Карелия;M;Компрессор, аспирация и другое инженерное оборудование;1033333;400000;1500000
50303;10;Стоматологическая практика;Республика Карелия;L;Компрессор, аспирация и другое инженерное оборудование;2533333;800000;3800000
50303;10;Стоматологическая практика;Республика Карелия;S;Мебель и оснащение кабинетов, ресепшен и зоны ожидания;633333;500000;800000
50303;10;Стоматологическая практика;Республика Карелия;M;Мебель и оснащение кабинетов, ресепшен и зоны ожидания;1766667;1000000;2500000
50303;10;Стоматологическая практика;Республика Карелия;L;Мебель и оснащение кабинетов, ресепшен и зоны ожидания;4400000;2000000;7000000
50303;10;Стоматологическая практика;Республика Карелия;S;Первичный запас стоматологических материалов, расходников и медикаментов;483333;200000;650000
50303;10;Стоматологическая практика;Республика Карелия;M;Первичный запас стоматологических материалов, расходников и медикаментов;1300000;400000;1800000
50303;10;Стоматологическая практика;Республика Карелия;L;Первичный запас стоматологических материалов, расходников и медикаментов;3133333;800000;5000000
50303;10;Стоматологическая практика;Республика Карелия;S;Медицинский инструмент и наборы для старта;350000;300000;450000
50303;10;Стоматологическая практика;Республика Карелия;M;Медицинский инструмент и наборы для старта;900000;500000;1200000
50303;10;Стоматологическая практика;Республика Карелия;L;Медицинский инструмент и наборы для старта;2166667;1000000;3000000
50303;10;Стоматологическая практика;Республика Карелия;S;Регистрация юридического лица / ИП и сопутствующие госпошлины и услуги;43333;30000;50000
50303;10;Стоматологическая практика;Республика Карелия;M;Регистрация юридического лица / ИП и сопутствующие госпошлины и услуги;76667;50000;100000
50303;10;Стоматологическая практика;Республика Карелия;L;Регистрация юридического лица / ИП и сопутствующие госпошлины и услуги;140000;100000;200000
50303;10;Стоматологическая практика;Республика Карелия;S;Санитарно-эпидемиологическая подготовка и оформление обязательной документации;143333;100000;180000
50303;10;Стоматологическая практика;Республика Карелия;M;Санитарно-эпидемиологическая подготовка и оформление обязательной документации;283333;200000;350000
50303;10;Стоматологическая практика;Республика Карелия;L;Санитарно-эпидемиологическая подготовка и оформление обязательной документации;533333;300000;700000
50303;10;Стоматологическая практика;Республика Карелия;S;Лицензирование медицинской деятельности;140000;100000;200000
50303;10;Стоматологическая практика;Республика Карелия;M;Лицензирование медицинской деятельности;240000;200000;300000
50303;10;Стоматологическая практика;Республика Карелия;L;Лицензирование медицинской деятельности;426667;380000;500000
50303;10;Стоматологическая практика;Республика Карелия;S;Вывеска и внешнее оформление клиники;140000;100000;200000
50303;10;Стоматологическая практика;Республика Карелия;M;Вывеска и внешнее оформление клиники;316667;200000;500000
50303;10;Стоматологическая практика;Республика Карелия;L;Вывеска и внешнее оформление клиники;833333;500000;1500000
50303;10;Стоматологическая практика;Республика Карелия;S;Запуск рекламы и продвижения на старте;416667;250000;500000
50303;10;Стоматологическая практика;Республика Карелия;M;Запуск рекламы и продвижения на старте;1033333;600000;1500000
50303;10;Стоматологическая практика;Республика Карелия;L;Запуск рекламы и продвижения на старте;2833333;1500000;5000000
50303;10;Стоматологическая практика;Республика Карелия;S;Касса, POS-оборудование, компьютерная техника и медицинское/учетное ПО;440000;400000;500000
50303;10;Стоматологическая практика;Республика Карелия;M;Касса, POS-оборудование, компьютерная техника и медицинское/учетное ПО;1060000;980000;1200000
50303;10;Стоматологическая практика;Республика Карелия;L;Касса, POS-оборудование, компьютерная техника и медицинское/учетное ПО;2366667;2000000;3000000
50303;10;Стоматологическая практика;Республика Карелия;S;Резерв;1307667;1000000;1563000
50303;10;Стоматологическая практика;Республика Карелия;M;Резерв;2956333;2000000;4229000
50303;10;Стоматологическая практика;Республика Карелия;L;Резерв;6741333;3000000;10344000
50303;5201;Стоматологическая практика;Нижний Новгород;S;Аренда помещения под стоматологическую клинику + обеспечительный депозит;1223000;900000;1769000
50303;5201;Стоматологическая практика;Нижний Новгород;M;Аренда помещения под стоматологическую клинику + обеспечительный депозит;2879333;2100000;3538000
50303;5201;Стоматологическая практика;Нижний Новгород;L;Аренда помещения под стоматологическую клинику + обеспечительный депозит;6825333;5400000;8000000
50303;5201;Стоматологическая практика;Нижний Новгород;S;Ремонт и подготовка помещения под санитарные и технологические требования;1800000;1200000;2200000
50303;5201;Стоматологическая практика;Нижний Новгород;M;Ремонт и подготовка помещения под санитарные и технологические требования;4866667;2400000;6200000
50303;5201;Стоматологическая практика;Нижний Новгород;L;Ремонт и подготовка помещения под санитарные и технологические требования;12766667;4800000;18000000
50303;5201;Стоматологическая практика;Нижний Новгород;S;Проектирование и согласование планировки/инженерных решений для стоматологии;350000;300000;400000
50303;5201;Стоматологическая практика;Нижний Новгород;M;Проектирование и согласование планировки/инженерных решений для стоматологии;816667;600000;1000000
50303;5201;Стоматологическая практика;Нижний Новгород;L;Проектирование и согласование планировки/инженерных решений для стоматологии;1833333;1200000;2500000
50303;5201;Стоматологическая практика;Нижний Новгород;S;Стоматологические установки (кресла, блоки врача/ассистента);2033333;1800000;2500000
50303;5201;Стоматологическая практика;Нижний Новгород;M;Стоматологические установки (кресла, блоки врача/ассистента);5533333;4500000;7000000
50303;5201;Стоматологическая практика;Нижний Новгород;L;Стоматологические установки (кресла, блоки врача/ассистента);14066667;9000000;20000000
50303;5201;Стоматологическая практика;Нижний Новгород;S;Рентген-оборудование (визиограф/ортопантомограф/КЛКТ — по формату клиники);650000;600000;700000
50303;5201;Стоматологическая практика;Нижний Новгород;M;Рентген-оборудование (визиограф/ортопантомограф/КЛКТ — по формату клиники);2100000;1200000;2600000
50303;5201;Стоматологическая практика;Нижний Новгород;L;Рентген-оборудование (визиограф/ортопантомограф/КЛКТ — по формату клиники);5866667;2400000;9200000
50303;5201;Стоматологическая практика;Нижний Новгород;S;Стерилизационное оборудование (автоклав, сухожар, ультразвуковая мойка и др.);316667;200000;400000
50303;5201;Стоматологическая практика;Нижний Новгород;M;Стерилизационное оборудование (автоклав, сухожар, ультразвуковая мойка и др.);766667;400000;1000000
50303;5201;Стоматологическая практика;Нижний Новгород;L;Стерилизационное оборудование (автоклав, сухожар, ультразвуковая мойка и др.);1700000;800000;2500000
50303;5201;Стоматологическая практика;Нижний Новгород;S;Компрессор, аспирация и другое инженерное оборудование;333333;200000;500000
50303;5201;Стоматологическая практика;Нижний Новгород;M;Компрессор, аспирация и другое инженерное оборудование;866667;400000;1400000
50303;5201;Стоматологическая практика;Нижний Новгород;L;Компрессор, аспирация и другое инженерное оборудование;2000000;800000;3200000
50303;5201;Стоматологическая практика;Нижний Новгород;S;Мебель и оснащение кабинетов, ресепшен и зоны ожидания;466667;400000;500000
50303;5201;Стоматологическая практика;Нижний Новгород;M;Мебель и оснащение кабинетов, ресепшен и зоны ожидания;1166667;800000;1500000
50303;5201;Стоматологическая практика;Нижний Новгород;L;Мебель и оснащение кабинетов, ресепшен и зоны ожидания;2766667;1600000;4000000
50303;5201;Стоматологическая практика;Нижний Новгород;S;Первичный запас стоматологических материалов, расходников и медикаментов;350000;100000;500000
50303;5201;Стоматологическая практика;Нижний Новгород;M;Первичный запас стоматологических материалов, расходников и медикаментов;833333;200000;1200000
50303;5201;Стоматологическая практика;Нижний Новгород;L;Первичный запас стоматологических материалов, расходников и медикаментов;1933333;400000;3000000
50303;5201;Стоматологическая практика;Нижний Новгород;S;Медицинский инструмент и наборы для старта;266667;100000;400000
50303;5201;Стоматологическая практика;Нижний Новгород;M;Медицинский инструмент и наборы для старта;666667;200000;1000000
50303;5201;Стоматологическая практика;Нижний Новгород;L;Медицинский инструмент и наборы для старта;1566667;400000;2300000
50303;5201;Стоматологическая практика;Нижний Новгород;S;Регистрация юридического лица / ИП и сопутствующие госпошлины и услуги;50000;50000;50000
50303;5201;Стоматологическая практика;Нижний Новгород;M;Регистрация юридического лица / ИП и сопутствующие госпошлины и услуги;100000;80000;120000
50303;5201;Стоматологическая практика;Нижний Новгород;L;Регистрация юридического лица / ИП и сопутствующие госпошлины и услуги;183333;100000;250000
50303;5201;Стоматологическая практика;Нижний Новгород;S;Санитарно-эпидемиологическая подготовка и оформление обязательной документации;120000;80000;180000
50303;5201;Стоматологическая практика;Нижний Новгород;M;Санитарно-эпидемиологическая подготовка и оформление обязательной документации;273333;200000;420000
50303;5201;Стоматологическая практика;Нижний Новгород;L;Санитарно-эпидемиологическая подготовка и оформление обязательной документации;583333;400000;850000
50303;5201;Стоматологическая практика;Нижний Новгород;S;Лицензирование медицинской деятельности;156667;120000;200000
50303;5201;Стоматологическая практика;Нижний Новгород;M;Лицензирование медицинской деятельности;316667;250000;400000
50303;5201;Стоматологическая практика;Нижний Новгород;L;Лицензирование медицинской деятельности;633333;500000;800000
50303;5201;Стоматологическая практика;Нижний Новгород;S;Вывеска и внешнее оформление клиники;100000;80000;120000
50303;5201;Стоматологическая практика;Нижний Новгород;M;Вывеска и внешнее оформление клиники;233333;200000;300000
50303;5201;Стоматологическая практика;Нижний Новгород;L;Вывеска и внешнее оформление клиники;533333;400000;700000
50303;5201;Стоматологическая практика;Нижний Новгород;S;Запуск рекламы и продвижения на старте;333333;200000;500000
50303;5201;Стоматологическая практика;Нижний Новгород;M;Запуск рекламы и продвижения на старте;800000;500000;1000000
50303;5201;Стоматологическая практика;Нижний Новгород;L;Запуск рекламы и продвижения на старте;1900000;1500000;2200000
50303;5201;Стоматологическая практика;Нижний Новгород;S;Касса, POS-оборудование, компьютерная техника и медицинское/учетное ПО;350000;300000;400000
50303;5201;Стоматологическая практика;Нижний Новгород;M;Касса, POS-оборудование, компьютерная техника и медицинское/учетное ПО;900000;600000;1200000
50303;5201;Стоматологическая практика;Нижний Новгород;L;Касса, POS-оборудование, компьютерная техника и медицинское/учетное ПО;2033333;1200000;3000000
50303;5201;Стоматологическая практика;Нижний Новгород;S;Резерв;594667;422000;862000
50303;5201;Стоматологическая практика;Нижний Новгород;M;Резерв;1983333;1000000;2965000
50303;5201;Стоматологическая практика;Нижний Новгород;L;Резерв;4450000;2000000;6455000
20206;5501;Кафе;Омск;S;Аренда помещения и обеспечительный депозит;126729;187;200000
20206;5501;Кафе;Омск;M;Аренда помещения и обеспечительный депозит;240157;471;400000
20206;5501;Кафе;Омск;L;Аренда помещения и обеспечительный депозит;483717;1150;800000
20206;5501;Кафе;Омск;S;Ремонт, отделка и подготовка помещения;170076;227;260000
20206;5501;Кафе;Омск;M;Ремонт, отделка и подготовка помещения;406876;628;620000
20206;5501;Кафе;Омск;L;Ремонт, отделка и подготовка помещения;850567;1700;1350000
20206;5501;Кафе;Омск;S;Проектирование и согласование планировки, технологический проект;33342;27;50000
20206;5501;Кафе;Омск;M;Проектирование и согласование планировки, технологический проект;63354;63;100000
20206;5501;Кафе;Омск;L;Проектирование и согласование планировки, технологический проект;120050;151;200000
20206;5501;Кафе;Омск;S;Ключевое профильное оборудование для кафе (кофемашина, кофемолка, холодильное, тепловое, нейтральное оборудование);200107;320;300000
20206;5501;Кафе;Омск;M;Ключевое профильное оборудование для кафе (кофемашина, кофемолка, холодильное, тепловое, нейтральное оборудование);486981;942;760000
20206;5501;Кафе;Омск;L;Ключевое профильное оборудование для кафе (кофемашина, кофемолка, холодильное, тепловое, нейтральное оборудование);1107367;2100;1820000
20206;5501;Кафе;Омск;S;Мебель и интерьерное оснащение зала;90049;147;150000
20206;5501;Кафе;Омск;M;Мебель и интерьерное оснащение зала;186771;314;300000
20206;5501;Кафе;Омск;L;Мебель и интерьерное оснащение зала;406900;700;620000
20206;5501;Кафе;Омск;S;Посуда, инвентарь и мелкий кухонный инвентарь;31684;53;50000
20206;5501;Кафе;Омск;M;Посуда, инвентарь и мелкий кухонный инвентарь;65042;126;100000
20206;5501;Кафе;Омск;L;Посуда, инвентарь и мелкий кухонный инвентарь;140100;301;220000
20206;5501;Кафе;Омск;S;Первичный запас сырья, продуктов и расходных материалов;36693;80;60000
20206;5501;Кафе;Омск;M;Первичный запас сырья, продуктов и расходных материалов;76740;220;130000
20206;5501;Кафе;Омск;L;Первичный запас сырья, продуктов и расходных материалов;160133;400;280000
20206;5501;Кафе;Омск;S;Регистрация бизнеса и сопутствующие госпошлины;7338;13;12000
20206;5501;Кафе;Омск;M;Регистрация бизнеса и сопутствующие госпошлины;11677;31;20000
20206;5501;Кафе;Омск;L;Регистрация бизнеса и сопутствующие госпошлины;23346;38;50000
20206;5501;Кафе;Омск;S;Разрешительная документация и обязательные уведомления для общепита;15004;13;25000
20206;5501;Кафе;Омск;M;Разрешительная документация и обязательные уведомления для общепита;23344;31;40000
20206;5501;Кафе;Омск;L;Разрешительная документация и обязательные уведомления для общепита;38346;38;65000
20206;5501;Кафе;Омск;S;Маркетинг: вывеска и наружное оформление;33347;40;70000
20206;5501;Кафе;Омск;M;Маркетинг: вывеска и наружное оформление;56688;63;120000
20206;5501;Кафе;Омск;L;Маркетинг: вывеска и наружное оформление;116717;151;250000
20206;5501;Кафе;Омск;S;Маркетинг: реклама на запуск;26676;27;40000
20206;5501;Кафе;Омск;M;Маркетинг: реклама на запуск;53354;63;80000
20206;5501;Кафе;Омск;L;Маркетинг: реклама на запуск;110050;151;180000
20206;5501;Кафе;Омск;S;Касса, POS-оборудование и учетное ПО;21676;27;45000
20206;5501;Кафе;Омск;M;Касса, POS-оборудование и учетное ПО;41688;63;85000
20206;5501;Кафе;Омск;L;Касса, POS-оборудование и учетное ПО;76704;113;150000
20206;5501;Кафе;Омск;S;Монтаж, доставка и пусконаладка оборудования;33342;27;70000
20206;5501;Кафе;Омск;M;Монтаж, доставка и пусконаладка оборудования;63354;63;130000
20206;5501;Кафе;Омск;L;Монтаж, доставка и пусконаладка оборудования;123371;113;250000
20206;5501;Кафе;Омск;S;Резерв;56716;147;100000
20206;5501;Кафе;Омск;M;Резерв;99521;62;200000
20206;5501;Кафе;Омск;L;Резерв;394144;431;782000
150202;50;Строительство жилых и нежилых зданий;Московская область;S;Регистрация юридического лица / ИП, госпошлины, нотариальные и сервисные расходы;30333;15000;50000
150202;50;Строительство жилых и нежилых зданий;Московская область;M;Регистрация юридического лица / ИП, госпошлины, нотариальные и сервисные расходы;60000;50000;70000
150202;50;Строительство жилых и нежилых зданий;Московская область;L;Регистрация юридического лица / ИП, госпошлины, нотариальные и сервисные расходы;160000;100000;200000
150202;50;Строительство жилых и нежилых зданий;Московская область;S;Открытие расчётного счёта, выпуск КЭП, подключение к электронному документообороту;26667;5000;45000
150202;50;Строительство жилых и нежилых зданий;Московская область;M;Открытие расчётного счёта, выпуск КЭП, подключение к электронному документообороту;56667;20000;110000
150202;50;Строительство жилых и нежилых зданий;Московская область;L;Открытие расчётного счёта, выпуск КЭП, подключение к электронному документообороту;126667;50000;250000
150202;50;Строительство жилых и нежилых зданий;Московская область;S;Аренда офиса / производственной базы / склада + обеспечительный депозит;536667;290000;900000
150202;50;Строительство жилых и нежилых зданий;Московская область;M;Аренда офиса / производственной базы / склада + обеспечительный депозит;1633333;1200000;1900000
150202;50;Строительство жилых и нежилых зданий;Московская область;L;Аренда офиса / производственной базы / склада + обеспечительный депозит;8000000;1500000;13500000
150202;50;Строительство жилых и нежилых зданий;Московская область;S;Аренда или подготовка строительной площадки / бытового городка / временных помещений на объекте;305000;195000;500000
150202;50;Строительство жилых и нежилых зданий;Московская область;M;Аренда или подготовка строительной площадки / бытового городка / временных помещений на объекте;1233333;1000000;1500000
150202;50;Строительство жилых и нежилых зданий;Московская область;L;Аренда или подготовка строительной площадки / бытового городка / временных помещений на объекте;6666667;2000000;10500000
150202;50;Строительство жилых и нежилых зданий;Московская область;S;Проектные, изыскательские и предпроектные работы;393333;0;1000000
150202;50;Строительство жилых и нежилых зданий;Московская область;M;Проектные, изыскательские и предпроектные работы;2400000;600000;5000000
150202;50;Строительство жилых и нежилых зданий;Московская область;L;Проектные, изыскательские и предпроектные работы;8666667;7000000;10000000
150202;50;Строительство жилых и нежилых зданий;Московская область;S;Согласование проектной документации, получение необходимых разрешений на строительство и ввод (по проекту);206667;0;500000
150202;50;Строительство жилых и нежилых зданий;Московская область;M;Согласование проектной документации, получение необходимых разрешений на строительство и ввод (по проекту);700000;400000;1000000
150202;50;Строительство жилых и нежилых зданий;Московская область;L;Согласование проектной документации, получение необходимых разрешений на строительство и ввод (по проекту);3833333;2000000;5000000
150202;50;Строительство жилых и нежилых зданий;Московская область;S;Подключение и организация временного электроснабжения, водоснабжения, связи на объекте;136667;50000;200000
150202;50;Строительство жилых и нежилых зданий;Московская область;M;Подключение и организация временного электроснабжения, водоснабжения, связи на объекте;616667;500000;850000
150202;50;Строительство жилых и нежилых зданий;Московская область;L;Подключение и организация временного электроснабжения, водоснабжения, связи на объекте;3400000;1000000;5000000
150202;50;Строительство жилых и нежилых зданий;Московская область;S;Строительные машины и механизмы: покупка / аренда / лизинг (экскаватор, автокран, погрузчик, бетоносмесительная техника и т.п.);1033333;480000;2000000
150202;50;Строительство жилых и нежилых зданий;Московская область;M;Строительные машины и механизмы: покупка / аренда / лизинг (экскаватор, автокран, погрузчик, бетоносмесительная техника и т.п.);4633333;3700000;5200000
150202;50;Строительство жилых и нежилых зданий;Московская область;L;Строительные машины и механизмы: покупка / аренда / лизинг (экскаватор, автокран, погрузчик, бетоносмесительная техника и т.п.);27333333;10000000;39000000
150202;50;Строительство жилых и нежилых зданий;Московская область;S;Строительный инструмент, ручной и электроинструмент;185000;110000;300000
150202;50;Строительство жилых и нежилых зданий;Московская область;M;Строительный инструмент, ручной и электроинструмент;573333;500000;700000
150202;50;Строительство жилых и нежилых зданий;Московская область;L;Строительный инструмент, ручной и электроинструмент;2600000;1000000;4000000
150202;50;Строительство жилых и нежилых зданий;Московская область;S;Опалубка, леса, инвентарные приспособления и оснастка;243333;50000;500000
150202;50;Строительство жилых и нежилых зданий;Московская область;M;Опалубка, леса, инвентарные приспособления и оснастка;900000;500000;1200000
150202;50;Строительство жилых и нежилых зданий;Московская область;L;Опалубка, леса, инвентарные приспособления и оснастка;4833333;2000000;8500000
150202;50;Строительство жилых и нежилых зданий;Московская область;S;Первичный запас основных материалов и расходников для старта работ;513333;360000;680000
150202;50;Строительство жилых и нежилых зданий;Московская область;M;Первичный запас основных материалов и расходников для старта работ;2500000;1000000;3700000
150202;50;Строительство жилых и нежилых зданий;Московская область;L;Первичный запас основных материалов и расходников для старта работ;15666667;2000000;23000000
150202;50;Строительство жилых и нежилых зданий;Московская область;S;ГСМ, технические жидкости и расходные материалы для техники;178333;140000;200000
150202;50;Строительство жилых и нежилых зданий;Московская область;M;ГСМ, технические жидкости и расходные материалы для техники;866667;500000;1200000
150202;50;Строительство жилых и нежилых зданий;Московская область;L;ГСМ, технические жидкости и расходные материалы для техники;5066667;1000000;10000000
150202;50;Строительство жилых и нежилых зданий;Московская область;S;Средства индивидуальной защиты, спецодежда и охрана труда;71000;48000;100000
150202;50;Строительство жилых и нежилых зданий;Московская область;M;Средства индивидуальной защиты, спецодежда и охрана труда;236667;200000;260000
150202;50;Строительство жилых и нежилых зданий;Московская область;L;Средства индивидуальной защиты, спецодежда и охрана труда;1200000;500000;2000000
150202;50;Строительство жилых и нежилых зданий;Московская область;S;Транспорт и логистика: аренда/лизинг грузового транспорта, доставка материалов;256667;180000;300000
150202;50;Строительство жилых и нежилых зданий;Московская область;M;Транспорт и логистика: аренда/лизинг грузового транспорта, доставка материалов;1166667;500000;1900000
150202;50;Строительство жилых и нежилых зданий;Московская область;L;Транспорт и логистика: аренда/лизинг грузового транспорта, доставка материалов;6900000;1000000;13500000
150202;50;Строительство жилых и нежилых зданий;Московская область;S;Учетное, проектное и строительное ПО, лицензии на программные продукты;83333;30000;120000
150202;50;Строительство жилых и нежилых зданий;Московская область;M;Учетное, проектное и строительное ПО, лицензии на программные продукты;340000;200000;420000
150202;50;Строительство жилых и нежилых зданий;Московская область;L;Учетное, проектное и строительное ПО, лицензии на программные продукты;1700000;500000;3000000
150202;50;Строительство жилых и нежилых зданий;Московская область;S;Системы связи и оргтехника: компьютеры, принтеры, телефония, интернет;106667;40000;180000
150202;50;Строительство жилых и нежилых зданий;Московская область;M;Системы связи и оргтехника: компьютеры, принтеры, телефония, интернет;340000;200000;520000
150202;50;Строительство жилых и нежилых зданий;Московская область;L;Системы связи и оргтехника: компьютеры, принтеры, телефония, интернет;1600000;500000;2500000
150202;50;Строительство жилых и нежилых зданий;Московская область;S;Маркетинг на запуск: сайт, презентационные материалы, реклама и тендерное продвижение;106667;30000;200000
150202;50;Строительство жилых и нежилых зданий;Московская область;M;Маркетинг на запуск: сайт, презентационные материалы, реклама и тендерное продвижение;370000;250000;500000
150202;50;Строительство жилых и нежилых зданий;Московская область;L;Маркетинг на запуск: сайт, презентационные материалы, реклама и тендерное продвижение;1500000;1000000;2000000
150202;50;Строительство жилых и нежилых зданий;Московская область;S;Вывеска, наружная идентификация и фирменное оформление;51667;20000;100000
150202;50;Строительство жилых и нежилых зданий;Московская область;M;Вывеска, наружная идентификация и фирменное оформление;140000;100000;200000
150202;50;Строительство жилых и нежилых зданий;Московская область;L;Вывеска, наружная идентификация и фирменное оформление;573333;420000;800000
150202;50;Строительство жилых и нежилых зданий;Московская область;S;Банковские гарантии, обеспечительные взносы по контрактам и участие в закупках;301667;145000;500000
150202;50;Строительство жилых и нежилых зданий;Московская область;M;Банковские гарантии, обеспечительные взносы по контрактам и участие в закупках;1500000;1000000;2100000
150202;50;Строительство жилых и нежилых зданий;Московская область;L;Банковские гарантии, обеспечительные взносы по контрактам и участие в закупках;8166667;2000000;12000000
150202;50;Строительство жилых и нежилых зданий;Московская область;S;Резерв;392000;176000;500000
150202;50;Строительство жилых и нежилых зданий;Московская область;M;Резерв;1406000;1000000;2018000
150202;50;Строительство жилых и нежилых зданий;Московская область;L;Резерв;6444333;2000000;10833000
50303;2301;Стоматологическая практика;Краснодар;S;Аренда помещения под стоматологическую клинику + обеспечительный депозит;1166667;800000;1500000
50303;2301;Стоматологическая практика;Краснодар;M;Аренда помещения под стоматологическую клинику + обеспечительный депозит;3200000;2500000;3600000
50303;2301;Стоматологическая практика;Краснодар;L;Аренда помещения под стоматологическую клинику + обеспечительный депозит;7066667;6000000;8000000
50303;2301;Стоматологическая практика;Краснодар;S;Ремонт и подготовка помещения под санитарные и технологические требования;1766667;1000000;2500000
50303;2301;Стоматологическая практика;Краснодар;M;Ремонт и подготовка помещения под санитарные и технологические требования;4400000;2000000;6000000
50303;2301;Стоматологическая практика;Краснодар;L;Ремонт и подготовка помещения под санитарные и технологические требования;11500000;4000000;16000000
50303;2301;Стоматологическая практика;Краснодар;S;Проектирование и согласование планировки/инженерных решений для стоматологии;316667;300000;350000
50303;2301;Стоматологическая практика;Краснодар;M;Проектирование и согласование планировки/инженерных решений для стоматологии;666667;500000;900000
50303;2301;Стоматологическая практика;Краснодар;L;Проектирование и согласование планировки/инженерных решений для стоматологии;1833333;1000000;2500000
50303;2301;Стоматологическая практика;Краснодар;S;Стоматологические установки (кресла, блоки врача/ассистента);1866667;1500000;2500000
50303;2301;Стоматологическая практика;Краснодар;M;Стоматологические установки (кресла, блоки врача/ассистента);5466667;4000000;7200000
50303;2301;Стоматологическая практика;Краснодар;L;Стоматологические установки (кресла, блоки врача/ассистента);13833333;10000000;17000000
50303;2301;Стоматологическая практика;Краснодар;S;Рентген-оборудование (визиограф/ортопантомограф/КЛКТ — по формату клиники);566667;500000;700000
50303;2301;Стоматологическая практика;Краснодар;M;Рентген-оборудование (визиограф/ортопантомограф/КЛКТ — по формату клиники);2300000;1500000;2800000
50303;2301;Стоматологическая практика;Краснодар;L;Рентген-оборудование (визиограф/ортопантомограф/КЛКТ — по формату клиники);6333333;3000000;8500000
50303;2301;Стоматологическая практика;Краснодар;S;Стерилизационное оборудование (автоклав, сухожар, ультразвуковая мойка и др.);340000;200000;500000
50303;2301;Стоматологическая практика;Краснодар;M;Стерилизационное оборудование (автоклав, сухожар, ультразвуковая мойка и др.);826667;400000;1300000
50303;2301;Стоматологическая практика;Краснодар;L;Стерилизационное оборудование (автоклав, сухожар, ультразвуковая мойка и др.);1866667;800000;3200000
50303;2301;Стоматологическая практика;Краснодар;S;Компрессор, аспирация и другое инженерное оборудование;350000;200000;450000
50303;2301;Стоматологическая практика;Краснодар;M;Компрессор, аспирация и другое инженерное оборудование;866667;300000;1200000
50303;2301;Стоматологическая практика;Краснодар;L;Компрессор, аспирация и другое инженерное оборудование;2000000;500000;3000000
50303;2301;Стоматологическая практика;Краснодар;S;Мебель и оснащение кабинетов, ресепшен и зоны ожидания;440000;400000;500000
50303;2301;Стоматологическая практика;Краснодар;M;Мебель и оснащение кабинетов, ресепшен и зоны ожидания;1166667;800000;1500000
50303;2301;Стоматологическая практика;Краснодар;L;Мебель и оснащение кабинетов, ресепшен и зоны ожидания;2866667;1500000;4500000
50303;2301;Стоматологическая практика;Краснодар;S;Первичный запас стоматологических материалов, расходников и медикаментов;293333;100000;500000
50303;2301;Стоматологическая практика;Краснодар;M;Первичный запас стоматологических материалов, расходников и медикаментов;866667;200000;1500000
50303;2301;Стоматологическая практика;Краснодар;L;Первичный запас стоматологических материалов, расходников и медикаментов;2133333;400000;3800000
50303;2301;Стоматологическая практика;Краснодар;S;Медицинский инструмент и наборы для старта;220000;100000;300000
50303;2301;Стоматологическая практика;Краснодар;M;Медицинский инструмент и наборы для старта;540000;200000;720000
50303;2301;Стоматологическая практика;Краснодар;L;Медицинский инструмент и наборы для старта;1433333;300000;2200000
50303;2301;Стоматологическая практика;Краснодар;S;Регистрация юридического лица / ИП и сопутствующие госпошлины и услуги;43333;30000;50000
50303;2301;Стоматологическая практика;Краснодар;M;Регистрация юридического лица / ИП и сопутствующие госпошлины и услуги;90000;50000;120000
50303;2301;Стоматологическая практика;Краснодар;L;Регистрация юридического лица / ИП и сопутствующие госпошлины и услуги;183333;100000;250000
50303;2301;Стоматологическая практика;Краснодар;S;Санитарно-эпидемиологическая подготовка и оформление обязательной документации;126667;100000;180000
50303;2301;Стоматологическая практика;Краснодар;M;Санитарно-эпидемиологическая подготовка и оформление обязательной документации;290000;200000;420000
50303;2301;Стоматологическая практика;Краснодар;L;Санитарно-эпидемиологическая подготовка и оформление обязательной документации;550000;300000;850000
50303;2301;Стоматологическая практика;Краснодар;S;Лицензирование медицинской деятельности;133333;80000;200000
50303;2301;Стоматологическая практика;Краснодар;M;Лицензирование медицинской деятельности;250000;150000;300000
50303;2301;Стоматологическая практика;Краснодар;L;Лицензирование медицинской деятельности;483333;300000;650000
50303;2301;Стоматологическая практика;Краснодар;S;Вывеска и внешнее оформление клиники;123333;100000;150000
50303;2301;Стоматологическая практика;Краснодар;M;Вывеска и внешнее оформление клиники;316667;200000;400000
50303;2301;Стоматологическая практика;Краснодар;L;Вывеска и внешнее оформление клиники;866667;300000;1500000
50303;2301;Стоматологическая практика;Краснодар;S;Запуск рекламы и продвижения на старте;383333;300000;500000
50303;2301;Стоматологическая практика;Краснодар;M;Запуск рекламы и продвижения на старте;833333;600000;1000000
50303;2301;Стоматологическая практика;Краснодар;L;Запуск рекламы и продвижения на старте;2133333;2000000;2200000
50303;2301;Стоматологическая практика;Краснодар;S;Касса, POS-оборудование, компьютерная техника и медицинское/учетное ПО;290000;150000;420000
50303;2301;Стоматологическая практика;Краснодар;M;Касса, POS-оборудование, компьютерная техника и медицинское/учетное ПО;683333;500000;1050000
50303;2301;Стоматологическая практика;Краснодар;L;Касса, POS-оборудование, компьютерная техника и медицинское/учетное ПО;1500000;1000000;2200000
50303;2301;Стоматологическая практика;Краснодар;S;Резерв;625000;464000;911000
50303;2301;Стоматологическая практика;Краснодар;M;Резерв;1193667;1040000;1450000
50303;2301;Стоматологическая практика;Краснодар;L;Резерв;3736333;1800000;4900000
150202;2301;Строительство жилых и нежилых зданий;Краснодар;S;Регистрация юридического лица / ИП, госпошлины, нотариальные и сервисные расходы;35000;25000;50000
150202;2301;Строительство жилых и нежилых зданий;Краснодар;M;Регистрация юридического лица / ИП, госпошлины, нотариальные и сервисные расходы;73333;50000;100000
150202;2301;Строительство жилых и нежилых зданий;Краснодар;L;Регистрация юридического лица / ИП, госпошлины, нотариальные и сервисные расходы;156667;120000;200000
150202;2301;Строительство жилых и нежилых зданий;Краснодар;S;Открытие расчётного счёта, выпуск КЭП, подключение к электронному документообороту;24667;9000;35000
150202;2301;Строительство жилых и нежилых зданий;Краснодар;M;Открытие расчётного счёта, выпуск КЭП, подключение к электронному документообороту;63333;20000;120000
150202;2301;Строительство жилых и нежилых зданий;Краснодар;L;Открытие расчётного счёта, выпуск КЭП, подключение к электронному документообороту;130000;40000;250000
150202;2301;Строительство жилых и нежилых зданий;Краснодар;S;Аренда офиса / производственной базы / склада + обеспечительный депозит;216667;150000;350000
150202;2301;Строительство жилых и нежилых зданий;Краснодар;M;Аренда офиса / производственной базы / склада + обеспечительный депозит;1163333;900000;1600000
150202;2301;Строительство жилых и нежилых зданий;Краснодар;L;Аренда офиса / производственной базы / склада + обеспечительный депозит;5900000;1500000;8500000
150202;2301;Строительство жилых и нежилых зданий;Краснодар;S;Аренда или подготовка строительной площадки / бытового городка / временных помещений на объекте;146667;100000;220000
150202;2301;Строительство жилых и нежилых зданий;Краснодар;M;Аренда или подготовка строительной площадки / бытового городка / временных помещений на объекте;939000;500000;1467000
150202;2301;Строительство жилых и нежилых зданий;Краснодар;L;Аренда или подготовка строительной площадки / бытового городка / временных помещений на объекте;5733333;1000000;11200000
150202;2301;Строительство жилых и нежилых зданий;Краснодар;S;Проектные, изыскательские и предпроектные работы;230000;180000;310000
150202;2301;Строительство жилых и нежилых зданий;Краснодар;M;Проектные, изыскательские и предпроектные работы;1491667;1200000;2075000
150202;2301;Строительство жилых и нежилых зданий;Краснодар;L;Проектные, изыскательские и предпроектные работы;9000000;2000000;16000000
150202;2301;Строительство жилых и нежилых зданий;Краснодар;S;Согласование проектной документации, получение необходимых разрешений на строительство и ввод (по проекту);110000;80000;150000
150202;2301;Строительство жилых и нежилых зданий;Краснодар;M;Согласование проектной документации, получение необходимых разрешений на строительство и ввод (по проекту);638000;450000;800000
150202;2301;Строительство жилых и нежилых зданий;Краснодар;L;Согласование проектной документации, получение необходимых разрешений на строительство и ввод (по проекту);3033333;1500000;5100000
150202;2301;Строительство жилых и нежилых зданий;Краснодар;S;Подключение и организация временного электроснабжения, водоснабжения, связи на объекте;116667;100000;150000
150202;2301;Строительство жилых и нежилых зданий;Краснодар;M;Подключение и организация временного электроснабжения, водоснабжения, связи на объекте;663333;500000;990000
150202;2301;Строительство жилых и нежилых зданий;Краснодар;L;Подключение и организация временного электроснабжения, водоснабжения, связи на объекте;3600000;1000000;7600000
150202;2301;Строительство жилых и нежилых зданий;Краснодар;S;Строительные машины и механизмы: покупка / аренда / лизинг (экскаватор, автокран, погрузчик, бетоносмесительная техника и т.п.);616667;500000;850000
150202;2301;Строительство жилых и нежилых зданий;Краснодар;M;Строительные машины и механизмы: покупка / аренда / лизинг (экскаватор, автокран, погрузчик, бетоносмесительная техника и т.п.);4200000;3000000;6200000
150202;2301;Строительство жилых и нежилых зданий;Краснодар;L;Строительные машины и механизмы: покупка / аренда / лизинг (экскаватор, автокран, погрузчик, бетоносмесительная техника и т.п.);24333333;5000000;41000000
150202;2301;Строительство жилых и нежилых зданий;Краснодар;S;Строительный инструмент, ручной и электроинструмент;139667;100000;199000
150202;2301;Строительство жилых и нежилых зданий;Краснодар;M;Строительный инструмент, ручной и электроинструмент;825333;500000;1326000
150202;2301;Строительство жилых и нежилых зданий;Краснодар;L;Строительный инструмент, ручной и электроинструмент;4533333;1000000;10100000
150202;2301;Строительство жилых и нежилых зданий;Краснодар;S;Опалубка, леса, инвентарные приспособления и оснастка;153000;110000;200000
150202;2301;Строительство жилых и нежилых зданий;Краснодар;M;Опалубка, леса, инвентарные приспособления и оснастка;964667;900000;1000000
150202;2301;Строительство жилых и нежилых зданий;Краснодар;L;Опалубка, леса, инвентарные приспособления и оснастка;5200000;2000000;7600000
150202;2301;Строительство жилых и нежилых зданий;Краснодар;S;Первичный запас основных материалов и расходников для старта работ;453333;410000;500000
150202;2301;Строительство жилых и нежилых зданий;Краснодар;M;Первичный запас основных материалов и расходников для старта работ;3100000;2800000;3500000
150202;2301;Строительство жилых и нежилых зданий;Краснодар;L;Первичный запас основных материалов и расходников для старта работ;18500000;5000000;28000000
150202;2301;Строительство жилых и нежилых зданий;Краснодар;S;ГСМ, технические жидкости и расходные материалы для техники;113333;100000;140000
150202;2301;Строительство жилых и нежилых зданий;Краснодар;M;ГСМ, технические жидкости и расходные материалы для техники;688000;500000;900000
150202;2301;Строительство жилых и нежилых зданий;Краснодар;L;ГСМ, технические жидкости и расходные материалы для техники;3366667;1000000;4900000
150202;2301;Строительство жилых и нежилых зданий;Краснодар;S;Средства индивидуальной защиты, спецодежда и охрана труда;56667;50000;70000
150202;2301;Строительство жилых и нежилых зданий;Краснодар;M;Средства индивидуальной защиты, спецодежда и охрана труда;284000;200000;332000
150202;2301;Строительство жилых и нежилых зданий;Краснодар;L;Средства индивидуальной защиты, спецодежда и охрана труда;1433333;500000;2400000
150202;2301;Строительство жилых и нежилых зданий;Краснодар;S;Транспорт и логистика: аренда/лизинг грузового транспорта, доставка материалов;163333;130000;210000
150202;2301;Строительство жилых и нежилых зданий;Краснодар;M;Транспорт и логистика: аренда/лизинг грузового транспорта, доставка материалов;1066667;800000;1400000
150202;2301;Строительство жилых и нежилых зданий;Краснодар;L;Транспорт и логистика: аренда/лизинг грузового транспорта, доставка материалов;6233333;1500000;10700000
150202;2301;Строительство жилых и нежилых зданий;Краснодар;S;Учетное, проектное и строительное ПО, лицензии на программные продукты;80000;50000;100000
150202;2301;Строительство жилых и нежилых зданий;Краснодар;M;Учетное, проектное и строительное ПО, лицензии на программные продукты;427333;332000;500000
150202;2301;Строительство жилых и нежилых зданий;Краснодар;L;Учетное, проектное и строительное ПО, лицензии на программные продукты;1166667;700000;1800000
150202;2301;Строительство жилых и нежилых зданий;Краснодар;S;Системы связи и оргтехника: компьютеры, принтеры, телефония, интернет;107000;81000;140000
150202;2301;Строительство жилых и нежилых зданий;Краснодар;M;Системы связи и оргтехника: компьютеры, принтеры, телефония, интернет;530333;500000;550000
150202;2301;Строительство жилых и нежилых зданий;Краснодар;L;Системы связи и оргтехника: компьютеры, принтеры, телефония, интернет;1366667;900000;2200000
150202;2301;Строительство жилых и нежилых зданий;Краснодар;S;Маркетинг на запуск: сайт, презентационные материалы, реклама и тендерное продвижение;96667;90000;100000
150202;2301;Строительство жилых и нежилых зданий;Краснодар;M;Маркетинг на запуск: сайт, презентационные материалы, реклама и тендерное продвижение;504667;350000;664000
150202;2301;Строительство жилых и нежилых зданий;Краснодар;L;Маркетинг на запуск: сайт, презентационные материалы, реклама и тендерное продвижение;2500000;1000000;5000000
150202;2301;Строительство жилых и нежилых зданий;Краснодар;S;Вывеска, наружная идентификация и фирменное оформление;35333;25000;50000
150202;2301;Строительство жилых и нежилых зданий;Краснодар;M;Вывеска, наружная идентификация и фирменное оформление;175667;120000;207000
150202;2301;Строительство жилых и нежилых зданий;Краснодар;L;Вывеска, наружная идентификация и фирменное оформление;450000;400000;500000
150202;2301;Строительство жилых и нежилых зданий;Краснодар;S;Банковские гарантии, обеспечительные взносы по контрактам и участие в закупках;160000;50000;230000
150202;2301;Строительство жилых и нежилых зданий;Краснодар;M;Банковские гарантии, обеспечительные взносы по контрактам и участие в закупках;944000;332000;1500000
150202;2301;Строительство жилых и нежилых зданий;Краснодар;L;Банковские гарантии, обеспечительные взносы по контрактам и участие в закупках;5500000;2000000;12000000
150202;2301;Строительство жилых и нежилых зданий;Краснодар;S;Резерв;175000;100000;218000
150202;2301;Строительство жилых и нежилых зданий;Краснодар;M;Резерв;1003333;500000;1500000
150202;2301;Строительство жилых и нежилых зданий;Краснодар;L;Резерв;6860333;1000000;13121000
131301;5201;Оптика и очки;Нижний Новгород;S;Аренда помещения под салон оптики + обеспечительный депозит;160000;150000;180000
131301;5201;Оптика и очки;Нижний Новгород;M;Аренда помещения под салон оптики + обеспечительный депозит;306667;270000;350000
131301;5201;Оптика и очки;Нижний Новгород;L;Аренда помещения под салон оптики + обеспечительный депозит;613333;540000;700000
131301;5201;Оптика и очки;Нижний Новгород;S;Ремонт и подготовка помещения под требования салона оптики;93333;90000;100000
131301;5201;Оптика и очки;Нижний Новгород;M;Ремонт и подготовка помещения под требования салона оптики;170000;150000;200000
131301;5201;Оптика и очки;Нижний Новгород;L;Ремонт и подготовка помещения под требования салона оптики;340000;300000;400000
131301;5201;Оптика и очки;Нижний Новгород;S;Вывеска и наружное оформление;31667;25000;40000
131301;5201;Оптика и очки;Нижний Новгород;M;Вывеска и наружное оформление;51667;45000;60000
131301;5201;Оптика и очки;Нижний Новгород;L;Вывеска и наружное оформление;103333;90000;120000
131301;5201;Оптика и очки;Нижний Новгород;S;Торговое и демонстрационное оборудование для салона оптики;83333;70000;100000
131301;5201;Оптика и очки;Нижний Новгород;M;Торговое и демонстрационное оборудование для салона оптики;153333;130000;180000
131301;5201;Оптика и очки;Нижний Новгород;L;Торговое и демонстрационное оборудование для салона оптики;306667;260000;360000
131301;5201;Оптика и очки;Нижний Новгород;S;Профессиональное оборудование для подбора и проверки зрения (офтальмологическое/оптометрическое);113333;100000;120000
131301;5201;Оптика и очки;Нижний Новгород;M;Профессиональное оборудование для подбора и проверки зрения (офтальмологическое/оптометрическое);206667;200000;220000
131301;5201;Оптика и очки;Нижний Новгород;L;Профессиональное оборудование для подбора и проверки зрения (офтальмологическое/оптометрическое);413333;400000;440000
131301;5201;Оптика и очки;Нижний Новгород;S;Оборудование для изготовления и подгонки очков, если предусмотрено форматом;20000;0;60000
131301;5201;Оптика и очки;Нижний Новгород;M;Оборудование для изготовления и подгонки очков, если предусмотрено форматом;66667;50000;100000
131301;5201;Оптика и очки;Нижний Новгород;L;Оборудование для изготовления и подгонки очков, если предусмотрено форматом;176667;150000;200000
131301;5201;Оптика и очки;Нижний Новгород;S;Компьютеры, POS-оборудование и касса;45000;30000;60000
131301;5201;Оптика и очки;Нижний Новгород;M;Компьютеры, POS-оборудование и касса;73333;50000;100000
131301;5201;Оптика и очки;Нижний Новгород;L;Компьютеры, POS-оборудование и касса;130000;100000;180000
131301;5201;Оптика и очки;Нижний Новгород;S;Учетное и кассовое программное обеспечение;16667;15000;20000
131301;5201;Оптика и очки;Нижний Новгород;M;Учетное и кассовое программное обеспечение;28333;25000;30000
131301;5201;Оптика и очки;Нижний Новгород;L;Учетное и кассовое программное обеспечение;50000;40000;60000
131301;5201;Оптика и очки;Нижний Новгород;S;Первичный товарный запас: оправы, солнцезащитные очки, линзы, футляры, сопутствующие товары;126667;80000;180000
131301;5201;Оптика и очки;Нижний Новгород;M;Первичный товарный запас: оправы, солнцезащитные очки, линзы, футляры, сопутствующие товары;233333;150000;330000
131301;5201;Оптика и очки;Нижний Новгород;L;Первичный товарный запас: оправы, солнцезащитные очки, линзы, футляры, сопутствующие товары;460000;300000;660000
131301;5201;Оптика и очки;Нижний Новгород;S;Расходные материалы для первичного запуска;11667;10000;15000
131301;5201;Оптика и очки;Нижний Новгород;M;Расходные материалы для первичного запуска;19333;15000;25000
131301;5201;Оптика и очки;Нижний Новгород;L;Расходные материалы для первичного запуска;38333;30000;50000
131301;5201;Оптика и очки;Нижний Новгород;S;Регистрация бизнеса и сопутствующие госпошлины;8667;6000;10000
131301;5201;Оптика и очки;Нижний Новгород;M;Регистрация бизнеса и сопутствующие госпошлины;13333;10000;15000
131301;5201;Оптика и очки;Нижний Новгород;L;Регистрация бизнеса и сопутствующие госпошлины;21667;15000;30000
131301;5201;Оптика и очки;Нижний Новгород;S;Санитарно-эпидемиологические и иные обязательные документы/согласования, если требуются по формату;13333;10000;20000
131301;5201;Оптика и очки;Нижний Новгород;M;Санитарно-эпидемиологические и иные обязательные документы/согласования, если требуются по формату;21000;15000;30000
131301;5201;Оптика и очки;Нижний Новгород;L;Санитарно-эпидемиологические и иные обязательные документы/согласования, если требуются по формату;36667;30000;50000
131301;5201;Оптика и очки;Нижний Новгород;S;Маркетинг на запуск: реклама и продвижение;35000;25000;50000
131301;5201;Оптика и очки;Нижний Новгород;M;Маркетинг на запуск: реклама и продвижение;61667;45000;80000
131301;5201;Оптика и очки;Нижний Новгород;L;Маркетинг на запуск: реклама и продвижение;116667;90000;160000
131301;5201;Оптика и очки;Нижний Новгород;S;Резерв;44000;0;96000
131301;5201;Оптика и очки;Нижний Новгород;M;Резерв;72333;20000;131000
131301;5201;Оптика и очки;Нижний Новгород;L;Резерв;114667;10000;202000
20206;23;Кафе;Краснодарский край;S;Аренда помещения и обеспечительный депозит;226667;180000;300000
20206;23;Кафе;Краснодарский край;M;Аренда помещения и обеспечительный депозит;453333;360000;600000
20206;23;Кафе;Краснодарский край;L;Аренда помещения и обеспечительный депозит;906667;720000;1200000
20206;23;Кафе;Краснодарский край;S;Ремонт, отделка и подготовка помещения;270000;250000;300000
20206;23;Кафе;Краснодарский край;M;Ремонт, отделка и подготовка помещения;616667;500000;700000
20206;23;Кафе;Краснодарский край;L;Ремонт, отделка и подготовка помещения;1450000;1000000;1800000
20206;23;Кафе;Краснодарский край;S;Проектирование и согласование планировки, технологический проект;58333;50000;75000
20206;23;Кафе;Краснодарский край;M;Проектирование и согласование планировки, технологический проект;113333;90000;150000
20206;23;Кафе;Краснодарский край;L;Проектирование и согласование планировки, технологический проект;226667;180000;300000
20206;23;Кафе;Краснодарский край;S;Ключевое профильное оборудование для кафе (кофемашина, кофемолка, холодильное, тепловое, нейтральное оборудование);343333;250000;400000
20206;23;Кафе;Краснодарский край;M;Ключевое профильное оборудование для кафе (кофемашина, кофемолка, холодильное, тепловое, нейтральное оборудование);816667;500000;1000000
20206;23;Кафе;Краснодарский край;L;Ключевое профильное оборудование для кафе (кофемашина, кофемолка, холодильное, тепловое, нейтральное оборудование);1866667;1000000;2500000
20206;23;Кафе;Краснодарский край;S;Мебель и интерьерное оснащение зала;146667;140000;150000
20206;23;Кафе;Краснодарский край;M;Мебель и интерьерное оснащение зала;340000;300000;400000
20206;23;Кафе;Краснодарский край;L;Мебель и интерьерное оснащение зала;766667;600000;1000000
20206;23;Кафе;Краснодарский край;S;Посуда, инвентарь и мелкий кухонный инвентарь;56667;50000;60000
20206;23;Кафе;Краснодарский край;M;Посуда, инвентарь и мелкий кухонный инвентарь;113333;100000;120000
20206;23;Кафе;Краснодарский край;L;Посуда, инвентарь и мелкий кухонный инвентарь;236667;200000;260000
20206;23;Кафе;Краснодарский край;S;Первичный запас сырья, продуктов и расходных материалов;56667;50000;70000
20206;23;Кафе;Краснодарский край;M;Первичный запас сырья, продуктов и расходных материалов;113333;100000;140000
20206;23;Кафе;Краснодарский край;L;Первичный запас сырья, продуктов и расходных материалов;240000;200000;320000
20206;23;Кафе;Краснодарский край;S;Регистрация бизнеса и сопутствующие госпошлины;16667;15000;20000
20206;23;Кафе;Краснодарский край;M;Регистрация бизнеса и сопутствующие госпошлины;23333;20000;30000
20206;23;Кафе;Краснодарский край;L;Регистрация бизнеса и сопутствующие госпошлины;40000;30000;50000
20206;23;Кафе;Краснодарский край;S;Разрешительная документация и обязательные уведомления для общепита;26667;20000;30000
20206;23;Кафе;Краснодарский край;M;Разрешительная документация и обязательные уведомления для общепита;43333;30000;50000
20206;23;Кафе;Краснодарский край;L;Разрешительная документация и обязательные уведомления для общепита;70000;50000;90000
20206;23;Кафе;Краснодарский край;S;Маркетинг: вывеска и наружное оформление;50000;40000;60000
20206;23;Кафе;Краснодарский край;M;Маркетинг: вывеска и наружное оформление;103333;100000;110000
20206;23;Кафе;Краснодарский край;L;Маркетинг: вывеска и наружное оформление;206667;200000;220000
20206;23;Кафе;Краснодарский край;S;Маркетинг: реклама на запуск;48333;45000;50000
20206;23;Кафе;Краснодарский край;M;Маркетинг: реклама на запуск;110000;80000;150000
20206;23;Кафе;Краснодарский край;L;Маркетинг: реклама на запуск;253333;160000;400000
20206;23;Кафе;Краснодарский край;S;Касса, POS-оборудование и учетное ПО;43333;30000;70000
20206;23;Кафе;Краснодарский край;M;Касса, POS-оборудование и учетное ПО;83333;50000;120000
20206;23;Кафе;Краснодарский край;L;Касса, POS-оборудование и учетное ПО;153333;100000;210000
20206;23;Кафе;Краснодарский край;S;Монтаж, доставка и пусконаладка оборудования;43333;30000;70000
20206;23;Кафе;Краснодарский край;M;Монтаж, доставка и пусконаладка оборудования;86667;50000;140000
20206;23;Кафе;Краснодарский край;L;Монтаж, доставка и пусконаладка оборудования;176667;100000;280000
20206;23;Кафе;Краснодарский край;S;Резерв;91667;50000;125000
20206;23;Кафе;Краснодарский край;M;Резерв;256000;100000;419000
20206;23;Кафе;Краснодарский край;L;Резерв;642667;200000;1024000
181801;77;Предоставление услуг парикмахерскими и салонами красоты;г.Москва;S;Аренда помещения и обеспечительный депозит;363333;340000;400000
181801;77;Предоставление услуг парикмахерскими и салонами красоты;г.Москва;M;Аренда помещения и обеспечительный депозит;760000;680000;900000
181801;77;Предоставление услуг парикмахерскими и салонами красоты;г.Москва;L;Аренда помещения и обеспечительный депозит;1326667;1180000;1600000
181801;77;Предоставление услуг парикмахерскими и салонами красоты;г.Москва;S;Ремонт, отделка и подготовка помещения под салон;251667;200000;300000
181801;77;Предоставление услуг парикмахерскими и салонами красоты;г.Москва;M;Ремонт, отделка и подготовка помещения под салон;586667;400000;800000
181801;77;Предоставление услуг парикмахерскими и салонами красоты;г.Москва;L;Ремонт, отделка и подготовка помещения под салон;1073333;700000;1500000
181801;77;Предоставление услуг парикмахерскими и салонами красоты;г.Москва;S;Мебель и оснащение рабочих мест (парикмахерские кресла, зеркала, мойки, тележки, стойка администратора);190000;100000;300000
181801;77;Предоставление услуг парикмахерскими и салонами красоты;г.Москва;M;Мебель и оснащение рабочих мест (парикмахерские кресла, зеркала, мойки, тележки, стойка администратора);406667;200000;600000
181801;77;Предоставление услуг парикмахерскими и салонами красоты;г.Москва;L;Мебель и оснащение рабочих мест (парикмахерские кресла, зеркала, мойки, тележки, стойка администратора);710000;350000;1000000
181801;77;Предоставление услуг парикмахерскими и салонами красоты;г.Москва;S;Профессиональное оборудование и инструменты (фены, машинки, плойки, стерилизаторы, УФ/сухожар, климазон и др.);190000;150000;250000
181801;77;Предоставление услуг парикмахерскими и салонами красоты;г.Москва;M;Профессиональное оборудование и инструменты (фены, машинки, плойки, стерилизаторы, УФ/сухожар, климазон и др.);406667;300000;500000
181801;77;Предоставление услуг парикмахерскими и салонами красоты;г.Москва;L;Профессиональное оборудование и инструменты (фены, машинки, плойки, стерилизаторы, УФ/сухожар, климазон и др.);703333;500000;850000
181801;77;Предоставление услуг парикмахерскими и салонами красоты;г.Москва;S;Первичный запас расходных материалов и косметики для старта;95000;50000;150000
181801;77;Предоставление услуг парикмахерскими и салонами красоты;г.Москва;M;Первичный запас расходных материалов и косметики для старта;206667;100000;300000
181801;77;Предоставление услуг парикмахерскими и салонами красоты;г.Москва;L;Первичный запас расходных материалов и косметики для старта;336667;150000;500000
181801;77;Предоставление услуг парикмахерскими и салонами красоты;г.Москва;S;Регистрация бизнеса и открытие расчетного счета;20000;10000;30000
181801;77;Предоставление услуг парикмахерскими и салонами красоты;г.Москва;M;Регистрация бизнеса и открытие расчетного счета;31667;20000;50000
181801;77;Предоставление услуг парикмахерскими и салонами красоты;г.Москва;L;Регистрация бизнеса и открытие расчетного счета;46667;30000;80000
181801;77;Предоставление услуг парикмахерскими и салонами красоты;г.Москва;S;Уведомление/согласования и санитарно-эпидемиологическая подготовка помещения;36667;30000;50000
181801;77;Предоставление услуг парикмахерскими и салонами красоты;г.Москва;M;Уведомление/согласования и санитарно-эпидемиологическая подготовка помещения;70000;50000;100000
181801;77;Предоставление услуг парикмахерскими и салонами красоты;г.Москва;L;Уведомление/согласования и санитарно-эпидемиологическая подготовка помещения;110000;80000;150000
181801;77;Предоставление услуг парикмахерскими и салонами красоты;г.Москва;S;Наружная вывеска и фирменное оформление;56667;40000;80000
181801;77;Предоставление услуг парикмахерскими и салонами красоты;г.Москва;M;Наружная вывеска и фирменное оформление;113333;90000;150000
181801;77;Предоставление услуг парикмахерскими и салонами красоты;г.Москва;L;Наружная вывеска и фирменное оформление;186667;150000;250000
181801;77;Предоставление услуг парикмахерскими и салонами красоты;г.Москва;S;Запусковая реклама и продвижение на старте;83333;50000;100000
181801;77;Предоставление услуг парикмахерскими и салонами красоты;г.Москва;M;Запусковая реклама и продвижение на старте;170000;110000;200000
181801;77;Предоставление услуг парикмахерскими и салонами красоты;г.Москва;L;Запусковая реклама и продвижение на старте;276667;180000;350000
181801;77;Предоставление услуг парикмахерскими и салонами красоты;г.Москва;S;Онлайн-запись, касса, POS-оборудование и учетное ПО;38333;30000;50000
181801;77;Предоставление услуг парикмахерскими и салонами красоты;г.Москва;M;Онлайн-запись, касса, POS-оборудование и учетное ПО;73333;50000;100000
181801;77;Предоставление услуг парикмахерскими и салонами красоты;г.Москва;L;Онлайн-запись, касса, POS-оборудование и учетное ПО;116667;80000;150000
181801;77;Предоставление услуг парикмахерскими и салонами красоты;г.Москва;S;Инженерное оснащение и мелкое хозяйственное оборудование (освещение, сантехника, бытовое оснащение);63333;40000;90000
181801;77;Предоставление услуг парикмахерскими и салонами красоты;г.Москва;M;Инженерное оснащение и мелкое хозяйственное оборудование (освещение, сантехника, бытовое оснащение);126667;80000;180000
181801;77;Предоставление услуг парикмахерскими и салонами красоты;г.Москва;L;Инженерное оснащение и мелкое хозяйственное оборудование (освещение, сантехника, бытовое оснащение);206667;120000;300000
181801;77;Предоставление услуг парикмахерскими и салонами красоты;г.Москва;S;Дезинфекционные средства и санитарные расходники для запуска;20000;20000;20000
181801;77;Предоставление услуг парикмахерскими и салонами красоты;г.Москва;M;Дезинфекционные средства и санитарные расходники для запуска;35000;30000;40000
181801;77;Предоставление услуг парикмахерскими и салонами красоты;г.Москва;L;Дезинфекционные средства и санитарные расходники для запуска;53333;50000;60000
181801;77;Предоставление услуг парикмахерскими и салонами красоты;г.Москва;S;Резерв;104967;60900;154000
181801;77;Предоставление услуг парикмахерскими и салонами красоты;г.Москва;M;Резерв;209333;138000;290000
181801;77;Предоставление услуг парикмахерскими и салонами красоты;г.Москва;L;Резерв;260000;155000;325000
60303;2301;Деятельность фитнес-центров;Краснодар;S;Аренда помещения и обеспечительный депозит;810000;430000;1200000
60303;2301;Деятельность фитнес-центров;Краснодар;M;Аренда помещения и обеспечительный депозит;3433333;1800000;5000000
60303;2301;Деятельность фитнес-центров;Краснодар;L;Аренда помещения и обеспечительный депозит;11900000;6500000;17200000
60303;2301;Деятельность фитнес-центров;Краснодар;S;Ремонт, отделка и подготовка помещения под фитнес-центр;1150000;950000;1500000
60303;2301;Деятельность фитнес-центров;Краснодар;M;Ремонт, отделка и подготовка помещения под фитнес-центр;4533333;3600000;6000000
60303;2301;Деятельность фитнес-центров;Краснодар;L;Ремонт, отделка и подготовка помещения под фитнес-центр;16666667;13500000;21500000
60303;2301;Деятельность фитнес-центров;Краснодар;S;Проектирование, перепланировка и согласования по помещению;360000;180000;500000
60303;2301;Деятельность фитнес-центров;Краснодар;M;Проектирование, перепланировка и согласования по помещению;1216667;650000;1500000
60303;2301;Деятельность фитнес-центров;Краснодар;L;Проектирование, перепланировка и согласования по помещению;4133333;2400000;5000000
60303;2301;Деятельность фитнес-центров;Краснодар;S;Спортивное и тренажерное оборудование;1500000;900000;2100000
60303;2301;Деятельность фитнес-центров;Краснодар;M;Спортивное и тренажерное оборудование;5900000;3500000;8200000
60303;2301;Деятельность фитнес-центров;Краснодар;L;Спортивное и тренажерное оборудование;20300000;12900000;28000000
60303;2301;Деятельность фитнес-центров;Краснодар;S;Оборудование для групповых и кардио-зон;606667;500000;800000
60303;2301;Деятельность фитнес-центров;Краснодар;M;Оборудование для групповых и кардио-зон;2466667;2400000;2500000
60303;2301;Деятельность фитнес-центров;Краснодар;L;Оборудование для групповых и кардио-зон;8700000;8000000;9500000
60303;2301;Деятельность фитнес-центров;Краснодар;S;Оборудование для раздевалок, душевых и санитарных зон;320000;260000;400000
60303;2301;Деятельность фитнес-центров;Краснодар;M;Оборудование для раздевалок, душевых и санитарных зон;1060000;980000;1200000
60303;2301;Деятельность фитнес-центров;Краснодар;L;Оборудование для раздевалок, душевых и санитарных зон;3633333;3000000;4300000
60303;2301;Деятельность фитнес-центров;Краснодар;S;Мебель и инвентарь для клиентских и административных зон;210000;180000;250000
60303;2301;Деятельность фитнес-центров;Краснодар;M;Мебель и инвентарь для клиентских и административных зон;740000;500000;1000000
60303;2301;Деятельность фитнес-центров;Краснодар;L;Мебель и инвентарь для клиентских и административных зон;2450000;1500000;3450000
60303;2301;Деятельность фитнес-центров;Краснодар;S;Системы вентиляции, кондиционирования и климат-контроль;346667;300000;390000
60303;2301;Деятельность фитнес-центров;Краснодар;M;Системы вентиляции, кондиционирования и климат-контроль;1333333;1000000;1500000
60303;2301;Деятельность фитнес-центров;Краснодар;L;Системы вентиляции, кондиционирования и климат-контроль;4633333;3000000;5900000
60303;2301;Деятельность фитнес-центров;Краснодар;S;Системы безопасности и видеонаблюдения;163333;140000;200000
60303;2301;Деятельность фитнес-центров;Краснодар;M;Системы безопасности и видеонаблюдения;473333;420000;500000
60303;2301;Деятельность фитнес-центров;Краснодар;L;Системы безопасности и видеонаблюдения;1473333;1200000;1720000
60303;2301;Деятельность фитнес-центров;Краснодар;S;Регистрация бизнеса и сопутствующие организационные расходы;63333;50000;80000
60303;2301;Деятельность фитнес-центров;Краснодар;M;Регистрация бизнеса и сопутствующие организационные расходы;130000;100000;150000
60303;2301;Деятельность фитнес-центров;Краснодар;L;Регистрация бизнеса и сопутствующие организационные расходы;350000;300000;400000
60303;2301;Деятельность фитнес-центров;Краснодар;S;Разрешительная документация и обязательные согласования;123333;100000;150000
60303;2301;Деятельность фитнес-центров;Краснодар;M;Разрешительная документация и обязательные согласования;286667;200000;360000
60303;2301;Деятельность фитнес-центров;Краснодар;L;Разрешительная документация и обязательные согласования;800000;500000;1100000
60303;2301;Деятельность фитнес-центров;Краснодар;S;Вывеска и наружное оформление;103333;90000;120000
60303;2301;Деятельность фитнес-центров;Краснодар;M;Вывеска и наружное оформление;293333;200000;400000
60303;2301;Деятельность фитнес-центров;Краснодар;L;Вывеска и наружное оформление;883333;500000;1300000
60303;2301;Деятельность фитнес-центров;Краснодар;S;Рекламная кампания на запуск;260000;200000;300000
60303;2301;Деятельность фитнес-центров;Краснодар;M;Рекламная кампания на запуск;1033333;1000000;1100000
60303;2301;Деятельность фитнес-центров;Краснодар;L;Рекламная кампания на запуск;3733333;3000000;4200000
60303;2301;Деятельность фитнес-центров;Краснодар;S;Кассовое оборудование, POS-терминал и учетное ПО;113333;100000;130000
60303;2301;Деятельность фитнес-центров;Краснодар;M;Кассовое оборудование, POS-терминал и учетное ПО;293333;200000;400000
60303;2301;Деятельность фитнес-центров;Краснодар;L;Кассовое оборудование, POS-терминал и учетное ПО;816667;500000;1200000
60303;2301;Деятельность фитнес-центров;Краснодар;S;Резерв;306000;100000;500000
60303;2301;Деятельность фитнес-центров;Краснодар;M;Резерв;1353333;280000;2000000
60303;2301;Деятельность фитнес-центров;Краснодар;L;Резерв;3913333;860000;5880000
150202;23;Строительство жилых и нежилых зданий;Краснодарский край;S;Регистрация юридического лица / ИП, госпошлины, нотариальные и сервисные расходы;48333;35000;60000
150202;23;Строительство жилых и нежилых зданий;Краснодарский край;M;Регистрация юридического лица / ИП, госпошлины, нотариальные и сервисные расходы;106667;80000;150000
150202;23;Строительство жилых и нежилых зданий;Краснодарский край;L;Регистрация юридического лица / ИП, госпошлины, нотариальные и сервисные расходы;283333;100000;500000
150202;23;Строительство жилых и нежилых зданий;Краснодарский край;S;Открытие расчётного счёта, выпуск КЭП, подключение к электронному документообороту;30000;30000;30000
150202;23;Строительство жилых и нежилых зданий;Краснодарский край;M;Открытие расчётного счёта, выпуск КЭП, подключение к электронному документообороту;66667;40000;80000
150202;23;Строительство жилых и нежилых зданий;Краснодарский край;L;Открытие расчётного счёта, выпуск КЭП, подключение к электронному документообороту;150000;50000;200000
150202;23;Строительство жилых и нежилых зданий;Краснодарский край;S;Аренда офиса / производственной базы / склада + обеспечительный депозит;253333;180000;400000
150202;23;Строительство жилых и нежилых зданий;Краснодарский край;M;Аренда офиса / производственной базы / склада + обеспечительный депозит;950000;600000;1200000
150202;23;Строительство жилых и нежилых зданий;Краснодарский край;L;Аренда офиса / производственной базы / склада + обеспечительный депозит;4533333;800000;6800000
150202;23;Строительство жилых и нежилых зданий;Краснодарский край;S;Аренда или подготовка строительной площадки / бытового городка / временных помещений на объекте;110000;60000;150000
150202;23;Строительство жилых и нежилых зданий;Краснодарский край;M;Аренда или подготовка строительной площадки / бытового городка / временных помещений на объекте;806667;620000;1000000
150202;23;Строительство жилых и нежилых зданий;Краснодарский край;L;Аренда или подготовка строительной площадки / бытового городка / временных помещений на объекте;3866667;3000000;5000000
150202;23;Строительство жилых и нежилых зданий;Краснодарский край;S;Проектные, изыскательские и предпроектные работы;63333;0;100000
150202;23;Строительство жилых и нежилых зданий;Краснодарский край;M;Проектные, изыскательские и предпроектные работы;893333;500000;1500000
150202;23;Строительство жилых и нежилых зданий;Краснодарский край;L;Проектные, изыскательские и предпроектные работы;6466667;2000000;12000000
150202;23;Строительство жилых и нежилых зданий;Краснодарский край;S;Согласование проектной документации, получение необходимых разрешений на строительство и ввод (по проекту);46667;0;80000
150202;23;Строительство жилых и нежилых зданий;Краснодарский край;M;Согласование проектной документации, получение необходимых разрешений на строительство и ввод (по проекту);373333;200000;500000
150202;23;Строительство жилых и нежилых зданий;Краснодарский край;L;Согласование проектной документации, получение необходимых разрешений на строительство и ввод (по проекту);2033333;500000;3000000
150202;23;Строительство жилых и нежилых зданий;Краснодарский край;S;Подключение и организация временного электроснабжения, водоснабжения, связи на объекте;78333;30000;120000
150202;23;Строительство жилых и нежилых зданий;Краснодарский край;M;Подключение и организация временного электроснабжения, водоснабжения, связи на объекте;320000;300000;360000
150202;23;Строительство жилых и нежилых зданий;Краснодарский край;L;Подключение и организация временного электроснабжения, водоснабжения, связи на объекте;1633333;1000000;2000000
150202;23;Строительство жилых и нежилых зданий;Краснодарский край;S;Строительные машины и механизмы: покупка / аренда / лизинг (экскаватор, автокран, погрузчик, бетоносмесительная техника и т.п.);373333;200000;500000
150202;23;Строительство жилых и нежилых зданий;Краснодарский край;M;Строительные машины и механизмы: покупка / аренда / лизинг (экскаватор, автокран, погрузчик, бетоносмесительная техника и т.п.);3566667;3000000;4200000
150202;23;Строительство жилых и нежилых зданий;Краснодарский край;L;Строительные машины и механизмы: покупка / аренда / лизинг (экскаватор, автокран, погрузчик, бетоносмесительная техника и т.п.);29000000;10000000;42000000
150202;23;Строительство жилых и нежилых зданий;Краснодарский край;S;Строительный инструмент, ручной и электроинструмент;153333;100000;250000
150202;23;Строительство жилых и нежилых зданий;Краснодарский край;M;Строительный инструмент, ручной и электроинструмент;573333;200000;1000000
150202;23;Строительство жилых и нежилых зданий;Краснодарский край;L;Строительный инструмент, ручной и электроинструмент;2200000;500000;4000000
150202;23;Строительство жилых и нежилых зданий;Краснодарский край;S;Опалубка, леса, инвентарные приспособления и оснастка;113333;50000;200000
150202;23;Строительство жилых и нежилых зданий;Краснодарский край;M;Опалубка, леса, инвентарные приспособления и оснастка;900000;600000;1100000
150202;23;Строительство жилых и нежилых зданий;Краснодарский край;L;Опалубка, леса, инвентарные приспособления и оснастка;4466667;3000000;6400000
150202;23;Строительство жилых и нежилых зданий;Краснодарский край;S;Первичный запас основных материалов и расходников для старта работ;486667;300000;800000
150202;23;Строительство жилых и нежилых зданий;Краснодарский край;M;Первичный запас основных материалов и расходников для старта работ;3400000;3000000;4200000
150202;23;Строительство жилых и нежилых зданий;Краснодарский край;L;Первичный запас основных материалов и расходников для старта работ;17333333;10000000;24000000
150202;23;Строительство жилых и нежилых зданий;Краснодарский край;S;ГСМ, технические жидкости и расходные материалы для техники;68333;50000;95000
150202;23;Строительство жилых и нежилых зданий;Краснодарский край;M;ГСМ, технические жидкости и расходные материалы для техники;453333;100000;860000
150202;23;Строительство жилых и нежилых зданий;Краснодарский край;L;ГСМ, технические жидкости и расходные материалы для техники;3000000;300000;6200000
150202;23;Строительство жилых и нежилых зданий;Краснодарский край;S;Средства индивидуальной защиты, спецодежда и охрана труда;65000;50000;80000
150202;23;Строительство жилых и нежилых зданий;Краснодарский край;M;Средства индивидуальной защиты, спецодежда и охрана труда;220000;150000;310000
150202;23;Строительство жилых и нежилых зданий;Краснодарский край;L;Средства индивидуальной защиты, спецодежда и охрана труда;1000000;500000;1500000
150202;23;Строительство жилых и нежилых зданий;Краснодарский край;S;Транспорт и логистика: аренда/лизинг грузового транспорта, доставка материалов;80000;0;140000
150202;23;Строительство жилых и нежилых зданий;Краснодарский край;M;Транспорт и логистика: аренда/лизинг грузового транспорта, доставка материалов;660000;500000;980000
150202;23;Строительство жилых и нежилых зданий;Краснодарский край;L;Транспорт и логистика: аренда/лизинг грузового транспорта, доставка материалов;4233333;1500000;7200000
150202;23;Строительство жилых и нежилых зданий;Краснодарский край;S;Учетное, проектное и строительное ПО, лицензии на программные продукты;50000;30000;70000
150202;23;Строительство жилых и нежилых зданий;Краснодарский край;M;Учетное, проектное и строительное ПО, лицензии на программные продукты;296667;100000;400000
150202;23;Строительство жилых и нежилых зданий;Краснодарский край;L;Учетное, проектное и строительное ПО, лицензии на программные продукты;1800000;200000;3500000
150202;23;Строительство жилых и нежилых зданий;Краснодарский край;S;Системы связи и оргтехника: компьютеры, принтеры, телефония, интернет;65000;20000;95000
150202;23;Строительство жилых и нежилых зданий;Краснодарский край;M;Системы связи и оргтехника: компьютеры, принтеры, телефония, интернет;260000;150000;380000
150202;23;Строительство жилых и нежилых зданий;Краснодарский край;L;Системы связи и оргтехника: компьютеры, принтеры, телефония, интернет;1083333;300000;1500000
150202;23;Строительство жилых и нежилых зданий;Краснодарский край;S;Маркетинг на запуск: сайт, презентационные материалы, реклама и тендерное продвижение;76667;60000;100000
150202;23;Строительство жилых и нежилых зданий;Краснодарский край;M;Маркетинг на запуск: сайт, презентационные материалы, реклама и тендерное продвижение;270000;200000;350000
150202;23;Строительство жилых и нежилых зданий;Краснодарский край;L;Маркетинг на запуск: сайт, презентационные материалы, реклама и тендерное продвижение;1400000;500000;2500000
150202;23;Строительство жилых и нежилых зданий;Краснодарский край;S;Вывеска, наружная идентификация и фирменное оформление;28333;10000;50000
150202;23;Строительство жилых и нежилых зданий;Краснодарский край;M;Вывеска, наружная идентификация и фирменное оформление;96667;80000;110000
150202;23;Строительство жилых и нежилых зданий;Краснодарский край;L;Вывеска, наружная идентификация и фирменное оформление;350000;200000;500000
150202;23;Строительство жилых и нежилых зданий;Краснодарский край;S;Банковские гарантии, обеспечительные взносы по контрактам и участие в закупках;93333;0;180000
150202;23;Строительство жилых и нежилых зданий;Краснодарский край;M;Банковские гарантии, обеспечительные взносы по контрактам и участие в закупках;1033333;500000;1800000
150202;23;Строительство жилых и нежилых зданий;Краснодарский край;L;Банковские гарантии, обеспечительные взносы по контрактам и участие в закупках;8333333;1500000;13500000
150202;23;Строительство жилых и нежилых зданий;Краснодарский край;S;Резерв;254333;100000;479000
150202;23;Строительство жилых и нежилых зданий;Краснодарский край;M;Резерв;1208333;500000;2000000
150202;23;Строительство жилых и нежилых зданий;Краснодарский край;L;Резерв;8413333;1000000;15000000
20206;50;Кафе;Московская область;S;Аренда помещения и обеспечительный депозит;310000;250000;380000
20206;50;Кафе;Московская область;M;Аренда помещения и обеспечительный депозит;583333;450000;700000
20206;50;Кафе;Московская область;L;Аренда помещения и обеспечительный депозит;1200000;900000;1500000
20206;50;Кафе;Московская область;S;Ремонт, отделка и подготовка помещения;363333;330000;400000
20206;50;Кафе;Московская область;M;Ремонт, отделка и подготовка помещения;816667;800000;850000
20206;50;Кафе;Московская область;L;Ремонт, отделка и подготовка помещения;1833333;1600000;2000000
20206;50;Кафе;Московская область;S;Проектирование и согласование планировки, технологический проект;90000;80000;100000
20206;50;Кафе;Московская область;M;Проектирование и согласование планировки, технологический проект;163333;140000;200000
20206;50;Кафе;Московская область;L;Проектирование и согласование планировки, технологический проект;340000;220000;400000
20206;50;Кафе;Московская область;S;Ключевое профильное оборудование для кафе (кофемашина, кофемолка, холодильное, тепловое, нейтральное оборудование);466667;420000;500000
20206;50;Кафе;Московская область;M;Ключевое профильное оборудование для кафе (кофемашина, кофемолка, холодильное, тепловое, нейтральное оборудование);1083333;1000000;1200000
20206;50;Кафе;Московская область;L;Ключевое профильное оборудование для кафе (кофемашина, кофемолка, холодильное, тепловое, нейтральное оборудование);2533333;2000000;3000000
20206;50;Кафе;Московская область;S;Мебель и интерьерное оснащение зала;236667;180000;300000
20206;50;Кафе;Московская область;M;Мебель и интерьерное оснащение зала;573333;520000;600000
20206;50;Кафе;Московская область;L;Мебель и интерьерное оснащение зала;1283333;1150000;1500000
20206;50;Кафе;Московская область;S;Посуда, инвентарь и мелкий кухонный инвентарь;86667;70000;100000
20206;50;Кафе;Московская область;M;Посуда, инвентарь и мелкий кухонный инвентарь;186667;160000;200000
20206;50;Кафе;Московская область;L;Посуда, инвентарь и мелкий кухонный инвентарь;373333;320000;400000
20206;50;Кафе;Московская область;S;Первичный запас сырья, продуктов и расходных материалов;70000;50000;100000
20206;50;Кафе;Московская область;M;Первичный запас сырья, продуктов и расходных материалов;156667;100000;250000
20206;50;Кафе;Московская область;L;Первичный запас сырья, продуктов и расходных материалов;313333;200000;500000
20206;50;Кафе;Московская область;S;Регистрация бизнеса и сопутствующие госпошлины;16667;15000;20000
20206;50;Кафе;Московская область;M;Регистрация бизнеса и сопутствующие госпошлины;23333;20000;30000
20206;50;Кафе;Московская область;L;Регистрация бизнеса и сопутствующие госпошлины;36667;30000;50000
20206;50;Кафе;Московская область;S;Разрешительная документация и обязательные уведомления для общепита;31667;25000;40000
20206;50;Кафе;Московская область;M;Разрешительная документация и обязательные уведомления для общепита;56667;50000;70000
20206;50;Кафе;Московская область;L;Разрешительная документация и обязательные уведомления для общепита;106667;100000;120000
20206;50;Кафе;Московская область;S;Маркетинг: вывеска и наружное оформление;86667;70000;100000
20206;50;Кафе;Московская область;M;Маркетинг: вывеска и наружное оформление;176667;150000;200000
20206;50;Кафе;Московская область;L;Маркетинг: вывеска и наружное оформление;350000;300000;400000
20206;50;Кафе;Московская область;S;Маркетинг: реклама на запуск;90000;60000;150000
20206;50;Кафе;Московская область;M;Маркетинг: реклама на запуск;206667;120000;300000
20206;50;Кафе;Московская область;L;Маркетинг: реклама на запуск;450000;250000;600000
20206;50;Кафе;Московская область;S;Касса, POS-оборудование и учетное ПО;55000;45000;70000
20206;50;Кафе;Московская область;M;Касса, POS-оборудование и учетное ПО;110000;100000;130000
20206;50;Кафе;Московская область;L;Касса, POS-оборудование и учетное ПО;206667;200000;220000
20206;50;Кафе;Московская область;S;Монтаж, доставка и пусконаладка оборудования;85000;35000;120000
20206;50;Кафе;Московская область;M;Монтаж, доставка и пусконаладка оборудования;166667;80000;220000
20206;50;Кафе;Московская область;L;Монтаж, доставка и пусконаладка оборудования;340000;200000;420000
20206;50;Кафе;Московская область;S;Резерв;147000;83000;200000
20206;50;Кафе;Московская область;M;Резерв;369333;259000;449000
20206;50;Кафе;Московская область;L;Резерв;728000;592000;800000
100101;78;Аренда и управление собственным или арендованным недвижимым имуществом;г.Санкт-Петербург;S;Регистрация юридического лица / ИП и сопутствующие госпошлины;7333;5000;12000
100101;78;Аренда и управление собственным или арендованным недвижимым имуществом;г.Санкт-Петербург;M;Регистрация юридического лица / ИП и сопутствующие госпошлины;15000;5000;25000
100101;78;Аренда и управление собственным или арендованным недвижимым имуществом;г.Санкт-Петербург;L;Регистрация юридического лица / ИП и сопутствующие госпошлины;35000;5000;70000
100101;78;Аренда и управление собственным или арендованным недвижимым имуществом;г.Санкт-Петербург;S;Подготовка учредительных документов, нотариальные и юридические услуги;14333;10000;18000
100101;78;Аренда и управление собственным или арендованным недвижимым имуществом;г.Санкт-Петербург;M;Подготовка учредительных документов, нотариальные и юридические услуги;45000;30000;60000
100101;78;Аренда и управление собственным или арендованным недвижимым имуществом;г.Санкт-Петербург;L;Подготовка учредительных документов, нотариальные и юридические услуги;116667;50000;180000
100101;78;Аренда и управление собственным или арендованным недвижимым имуществом;г.Санкт-Петербург;S;Аренда офиса / помещения для управления недвижимостью и обеспечительный депозит;73333;60000;90000
100101;78;Аренда и управление собственным или арендованным недвижимым имуществом;г.Санкт-Петербург;M;Аренда офиса / помещения для управления недвижимостью и обеспечительный депозит;533333;400000;720000
100101;78;Аренда и управление собственным или арендованным недвижимым имуществом;г.Санкт-Петербург;L;Аренда офиса / помещения для управления недвижимостью и обеспечительный депозит;1783333;1200000;2650000
100101;78;Аренда и управление собственным или арендованным недвижимым имуществом;г.Санкт-Петербург;S;Ремонт, косметическая подготовка и адаптация офиса / помещения под офис;26667;20000;30000
100101;78;Аренда и управление собственным или арендованным недвижимым имуществом;г.Санкт-Петербург;M;Ремонт, косметическая подготовка и адаптация офиса / помещения под офис;160000;100000;200000
100101;78;Аренда и управление собственным или арендованным недвижимым имуществом;г.Санкт-Петербург;L;Ремонт, косметическая подготовка и адаптация офиса / помещения под офис;583333;300000;800000
100101;78;Аренда и управление собственным или арендованным недвижимым имуществом;г.Санкт-Петербург;S;Мебель для офиса и рабочие места сотрудников;35000;20000;45000
100101;78;Аренда и управление собственным или арендованным недвижимым имуществом;г.Санкт-Петербург;M;Мебель для офиса и рабочие места сотрудников;213333;80000;300000
100101;78;Аренда и управление собственным или арендованным недвижимым имуществом;г.Санкт-Петербург;L;Мебель для офиса и рабочие места сотрудников;783333;200000;1200000
100101;78;Аренда и управление собственным или арендованным недвижимым имуществом;г.Санкт-Петербург;S;Компьютеры, ноутбуки, оргтехника и периферия;41667;30000;50000
100101;78;Аренда и управление собственным или арендованным недвижимым имуществом;г.Санкт-Петербург;M;Компьютеры, ноутбуки, оргтехника и периферия;236667;120000;350000
100101;78;Аренда и управление собственным или арендованным недвижимым имуществом;г.Санкт-Петербург;L;Компьютеры, ноутбуки, оргтехника и периферия;850000;300000;1400000
100101;78;Аренда и управление собственным или арендованным недвижимым имуществом;г.Санкт-Петербург;S;Телефония, интернет и коммуникационное оборудование;11333;9000;15000
100101;78;Аренда и управление собственным или арендованным недвижимым имуществом;г.Санкт-Петербург;M;Телефония, интернет и коммуникационное оборудование;51667;30000;80000
100101;78;Аренда и управление собственным или арендованным недвижимым имуществом;г.Санкт-Петербург;L;Телефония, интернет и коммуникационное оборудование;146667;50000;250000
100101;78;Аренда и управление собственным или арендованным недвижимым имуществом;г.Санкт-Петербург;S;Ключевое профильное ПО для управления недвижимостью, CRM / учет арендных договоров;19000;12000;30000
100101;78;Аренда и управление собственным или арендованным недвижимым имуществом;г.Санкт-Петербург;M;Ключевое профильное ПО для управления недвижимостью, CRM / учет арендных договоров;113333;50000;200000
100101;78;Аренда и управление собственным или арендованным недвижимым имуществом;г.Санкт-Петербург;L;Ключевое профильное ПО для управления недвижимостью, CRM / учет арендных договоров;393333;100000;800000
100101;78;Аренда и управление собственным или арендованным недвижимым имуществом;г.Санкт-Петербург;S;Настройка и внедрение учетной системы, интеграция сервисов;15000;10000;20000
100101;78;Аренда и управление собственным или арендованным недвижимым имуществом;г.Санкт-Петербург;M;Настройка и внедрение учетной системы, интеграция сервисов;86667;20000;120000
100101;78;Аренда и управление собственным или арендованным недвижимым имуществом;г.Санкт-Петербург;L;Настройка и внедрение учетной системы, интеграция сервисов;323333;50000;500000
100101;78;Аренда и управление собственным или арендованным недвижимым имуществом;г.Санкт-Петербург;S;Создание корпоративного сайта и базовых цифровых каналов присутствия;23333;15000;30000
100101;78;Аренда и управление собственным или арендованным недвижимым имуществом;г.Санкт-Петербург;M;Создание корпоративного сайта и базовых цифровых каналов присутствия;126667;50000;180000
100101;78;Аренда и управление собственным или арендованным недвижимым имуществом;г.Санкт-Петербург;L;Создание корпоративного сайта и базовых цифровых каналов присутствия;373333;100000;520000
100101;78;Аренда и управление собственным или арендованным недвижимым имуществом;г.Санкт-Петербург;S;Вывеска, навигация и фирменное оформление офиса;11000;8000;15000
100101;78;Аренда и управление собственным или арендованным недвижимым имуществом;г.Санкт-Петербург;M;Вывеска, навигация и фирменное оформление офиса;55000;30000;100000
100101;78;Аренда и управление собственным или арендованным недвижимым имуществом;г.Санкт-Петербург;L;Вывеска, навигация и фирменное оформление офиса;190000;50000;400000
100101;78;Аренда и управление собственным или арендованным недвижимым имуществом;г.Санкт-Петербург;S;Реклама и продвижение на запуске;34667;24000;50000
100101;78;Аренда и управление собственным или арендованным недвижимым имуществом;г.Санкт-Петербург;M;Реклама и продвижение на запуске;220000;100000;300000
100101;78;Аренда и управление собственным или арендованным недвижимым имуществом;г.Санкт-Петербург;L;Реклама и продвижение на запуске;1016667;200000;1650000
100101;78;Аренда и управление собственным или арендованным недвижимым имуществом;г.Санкт-Петербург;S;Юридическая подготовка типовых договоров аренды, актов и шаблонов документов;11333;10000;12000
100101;78;Аренда и управление собственным или арендованным недвижимым имуществом;г.Санкт-Петербург;M;Юридическая подготовка типовых договоров аренды, актов и шаблонов документов;41667;20000;55000
100101;78;Аренда и управление собственным или арендованным недвижимым имуществом;г.Санкт-Петербург;L;Юридическая подготовка типовых договоров аренды, актов и шаблонов документов;116667;30000;170000
100101;78;Аренда и управление собственным или арендованным недвижимым имуществом;г.Санкт-Петербург;S;Расходы на первичный осмотр, фотофиксацию и оценку объектов недвижимости;9333;8000;10000
100101;78;Аренда и управление собственным или арендованным недвижимым имуществом;г.Санкт-Петербург;M;Расходы на первичный осмотр, фотофиксацию и оценку объектов недвижимости;41667;30000;50000
100101;78;Аренда и управление собственным или арендованным недвижимым имуществом;г.Санкт-Петербург;L;Расходы на первичный осмотр, фотофиксацию и оценку объектов недвижимости;136667;50000;200000
100101;78;Аренда и управление собственным или арендованным недвижимым имуществом;г.Санкт-Петербург;S;Резерв;31333;22000;40000
100101;78;Аренда и управление собственным или арендованным недвижимым имуществом;г.Санкт-Петербург;M;Резерв;200667;200000;202000
100101;78;Аренда и управление собственным или арендованным недвижимым имуществом;г.Санкт-Петербург;L;Резерв;943000;500000;1529000
100101;77;Аренда и управление собственным или арендованным недвижимым имуществом;г.Москва;S;Регистрация юридического лица / ИП и сопутствующие госпошлины;5783;4350;8000
100101;77;Аренда и управление собственным или арендованным недвижимым имуществом;г.Москва;M;Регистрация юридического лица / ИП и сопутствующие госпошлины;12333;5000;20000
100101;77;Аренда и управление собственным или арендованным недвижимым имуществом;г.Москва;L;Регистрация юридического лица / ИП и сопутствующие госпошлины;22333;5000;50000
100101;77;Аренда и управление собственным или арендованным недвижимым имуществом;г.Москва;S;Подготовка учредительных документов, нотариальные и юридические услуги;20667;10000;32000
100101;77;Аренда и управление собственным или арендованным недвижимым имуществом;г.Москва;M;Подготовка учредительных документов, нотариальные и юридические услуги;46667;30000;80000
100101;77;Аренда и управление собственным или арендованным недвижимым имуществом;г.Москва;L;Подготовка учредительных документов, нотариальные и юридические услуги;96667;50000;180000
100101;77;Аренда и управление собственным или арендованным недвижимым имуществом;г.Москва;S;Аренда офиса / помещения для управления недвижимостью и обеспечительный депозит;90000;80000;110000
100101;77;Аренда и управление собственным или арендованным недвижимым имуществом;г.Москва;M;Аренда офиса / помещения для управления недвижимостью и обеспечительный депозит;553333;400000;760000
100101;77;Аренда и управление собственным или арендованным недвижимым имуществом;г.Москва;L;Аренда офиса / помещения для управления недвижимостью и обеспечительный депозит;2066667;1000000;3200000
100101;77;Аренда и управление собственным или арендованным недвижимым имуществом;г.Москва;S;Ремонт, косметическая подготовка и адаптация офиса / помещения под офис;28333;0;45000
100101;77;Аренда и управление собственным или арендованным недвижимым имуществом;г.Москва;M;Ремонт, косметическая подготовка и адаптация офиса / помещения под офис;156667;100000;220000
100101;77;Аренда и управление собственным или арендованным недвижимым имуществом;г.Москва;L;Ремонт, косметическая подготовка и адаптация офиса / помещения под офис;566667;200000;900000
100101;77;Аренда и управление собственным или арендованным недвижимым имуществом;г.Москва;S;Мебель для офиса и рабочие места сотрудников;35667;20000;45000
100101;77;Аренда и управление собственным или арендованным недвижимым имуществом;г.Москва;M;Мебель для офиса и рабочие места сотрудников;193333;100000;250000
100101;77;Аренда и управление собственным или арендованным недвижимым имуществом;г.Москва;L;Мебель для офиса и рабочие места сотрудников;650000;200000;900000
100101;77;Аренда и управление собственным или арендованным недвижимым имуществом;г.Москва;S;Компьютеры, ноутбуки, оргтехника и периферия;50667;30000;62000
100101;77;Аренда и управление собственным или арендованным недвижимым имуществом;г.Москва;M;Компьютеры, ноутбуки, оргтехника и периферия;243333;150000;300000
100101;77;Аренда и управление собственным или арендованным недвижимым имуществом;г.Москва;L;Компьютеры, ноутбуки, оргтехника и периферия;866667;300000;1200000
100101;77;Аренда и управление собственным или арендованным недвижимым имуществом;г.Москва;S;Телефония, интернет и коммуникационное оборудование;12333;10000;15000
100101;77;Аренда и управление собственным или арендованным недвижимым имуществом;г.Москва;M;Телефония, интернет и коммуникационное оборудование;50000;40000;60000
100101;77;Аренда и управление собственным или арендованным недвижимым имуществом;г.Москва;L;Телефония, интернет и коммуникационное оборудование;140000;100000;200000
100101;77;Аренда и управление собственным или арендованным недвижимым имуществом;г.Москва;S;Ключевое профильное ПО для управления недвижимостью, CRM / учет арендных договоров;24000;20000;30000
100101;77;Аренда и управление собственным или арендованным недвижимым имуществом;г.Москва;M;Ключевое профильное ПО для управления недвижимостью, CRM / учет арендных договоров;120000;70000;200000
100101;77;Аренда и управление собственным или арендованным недвижимым имуществом;г.Москва;L;Ключевое профильное ПО для управления недвижимостью, CRM / учет арендных договоров;403333;150000;800000
100101;77;Аренда и управление собственным или арендованным недвижимым имуществом;г.Москва;S;Настройка и внедрение учетной системы, интеграция сервисов;14333;10000;18000
100101;77;Аренда и управление собственным или арендованным недвижимым имуществом;г.Москва;M;Настройка и внедрение учетной системы, интеграция сервисов;66667;50000;80000
100101;77;Аренда и управление собственным или арендованным недвижимым имуществом;г.Москва;L;Настройка и внедрение учетной системы, интеграция сервисов;190000;100000;250000
100101;77;Аренда и управление собственным или арендованным недвижимым имуществом;г.Москва;S;Создание корпоративного сайта и базовых цифровых каналов присутствия;26000;20000;30000
100101;77;Аренда и управление собственным или арендованным недвижимым имуществом;г.Москва;M;Создание корпоративного сайта и базовых цифровых каналов присутствия;120000;60000;150000
100101;77;Аренда и управление собственным или арендованным недвижимым имуществом;г.Москва;L;Создание корпоративного сайта и базовых цифровых каналов присутствия;340000;100000;500000
100101;77;Аренда и управление собственным или арендованным недвижимым имуществом;г.Москва;S;Вывеска, навигация и фирменное оформление офиса;13000;9000;20000
100101;77;Аренда и управление собственным или арендованным недвижимым имуществом;г.Москва;M;Вывеска, навигация и фирменное оформление офиса;55000;30000;100000
100101;77;Аренда и управление собственным или арендованным недвижимым имуществом;г.Москва;L;Вывеска, навигация и фирменное оформление офиса;156667;50000;300000
100101;77;Аренда и управление собственным или арендованным недвижимым имуществом;г.Москва;S;Реклама и продвижение на запуске;44000;32000;50000
100101;77;Аренда и управление собственным или арендованным недвижимым имуществом;г.Москва;M;Реклама и продвижение на запуске;400000;200000;700000
100101;77;Аренда и управление собственным или арендованным недвижимым имуществом;г.Москва;L;Реклама и продвижение на запуске;1233333;500000;2200000
100101;77;Аренда и управление собственным или арендованным недвижимым имуществом;г.Москва;S;Юридическая подготовка типовых договоров аренды, актов и шаблонов документов;14667;10000;20000
100101;77;Аренда и управление собственным или арендованным недвижимым имуществом;г.Москва;M;Юридическая подготовка типовых договоров аренды, актов и шаблонов документов;40000;20000;50000
100101;77;Аренда и управление собственным или арендованным недвижимым имуществом;г.Москва;L;Юридическая подготовка типовых договоров аренды, актов и шаблонов документов;103333;50000;140000
100101;77;Аренда и управление собственным или арендованным недвижимым имуществом;г.Москва;S;Расходы на первичный осмотр, фотофиксацию и оценку объектов недвижимости;13667;10000;20000
100101;77;Аренда и управление собственным или арендованным недвижимым имуществом;г.Москва;M;Расходы на первичный осмотр, фотофиксацию и оценку объектов недвижимости;75000;30000;150000
100101;77;Аренда и управление собственным или арендованным недвижимым имуществом;г.Москва;L;Расходы на первичный осмотр, фотофиксацию и оценку объектов недвижимости;230000;50000;500000
100101;77;Аренда и управление собственным или арендованным недвижимым имуществом;г.Москва;S;Резерв;39550;28000;50000
100101;77;Аренда и управление собственным или арендованным недвижимым имуществом;г.Москва;M;Резерв;260200;100000;509000
100101;77;Аренда и управление собственным или арендованным недвижимым имуществом;г.Москва;L;Резерв;1154000;200000;2398000
100101;3601;Аренда и управление собственным или арендованным недвижимым имуществом;Воронеж;S;Регистрация юридического лица / ИП и сопутствующие госпошлины;7333;4000;10000
100101;3601;Аренда и управление собственным или арендованным недвижимым имуществом;Воронеж;M;Регистрация юридического лица / ИП и сопутствующие госпошлины;17667;8000;30000
100101;3601;Аренда и управление собственным или арендованным недвижимым имуществом;Воронеж;L;Регистрация юридического лица / ИП и сопутствующие госпошлины;42667;8000;80000
100101;3601;Аренда и управление собственным или арендованным недвижимым имуществом;Воронеж;S;Подготовка учредительных документов, нотариальные и юридические услуги;13333;5000;20000
100101;3601;Аренда и управление собственным или арендованным недвижимым имуществом;Воронеж;M;Подготовка учредительных документов, нотариальные и юридические услуги;43333;30000;70000
100101;3601;Аренда и управление собственным или арендованным недвижимым имуществом;Воронеж;L;Подготовка учредительных документов, нотариальные и юридические услуги;110000;50000;180000
100101;3601;Аренда и управление собственным или арендованным недвижимым имуществом;Воронеж;S;Аренда офиса / помещения для управления недвижимостью и обеспечительный депозит;73333;60000;90000
100101;3601;Аренда и управление собственным или арендованным недвижимым имуществом;Воронеж;M;Аренда офиса / помещения для управления недвижимостью и обеспечительный депозит;406667;350000;520000
100101;3601;Аренда и управление собственным или арендованным недвижимым имуществом;Воронеж;L;Аренда офиса / помещения для управления недвижимостью и обеспечительный депозит;1533333;1000000;1800000
100101;3601;Аренда и управление собственным или арендованным недвижимым имуществом;Воронеж;S;Ремонт, косметическая подготовка и адаптация офиса / помещения под офис;33333;30000;40000
100101;3601;Аренда и управление собственным или арендованным недвижимым имуществом;Воронеж;M;Ремонт, косметическая подготовка и адаптация офиса / помещения под офис;180000;100000;240000
100101;3601;Аренда и управление собственным или арендованным недвижимым имуществом;Воронеж;L;Ремонт, косметическая подготовка и адаптация офиса / помещения под офис;700000;200000;1000000
100101;3601;Аренда и управление собственным или арендованным недвижимым имуществом;Воронеж;S;Мебель для офиса и рабочие места сотрудников;36667;30000;40000
100101;3601;Аренда и управление собственным или арендованным недвижимым имуществом;Воронеж;M;Мебель для офиса и рабочие места сотрудников;210000;150000;300000
100101;3601;Аренда и управление собственным или арендованным недвижимым имуществом;Воронеж;L;Мебель для офиса и рабочие места сотрудников;733333;300000;1200000
100101;3601;Аренда и управление собственным или арендованным недвижимым имуществом;Воронеж;S;Компьютеры, ноутбуки, оргтехника и периферия;38333;30000;50000
100101;3601;Аренда и управление собственным или арендованным недвижимым имуществом;Воронеж;M;Компьютеры, ноутбуки, оргтехника и периферия;223333;100000;350000
100101;3601;Аренда и управление собственным или арендованным недвижимым имуществом;Воронеж;L;Компьютеры, ноутбуки, оргтехника и периферия;816667;200000;1400000
100101;3601;Аренда и управление собственным или арендованным недвижимым имуществом;Воронеж;S;Телефония, интернет и коммуникационное оборудование;12333;7000;15000
100101;3601;Аренда и управление собственным или арендованным недвижимым имуществом;Воронеж;M;Телефония, интернет и коммуникационное оборудование;41667;30000;60000
100101;3601;Аренда и управление собственным или арендованным недвижимым имуществом;Воронеж;L;Телефония, интернет и коммуникационное оборудование;123333;50000;200000
100101;3601;Аренда и управление собственным или арендованным недвижимым имуществом;Воронеж;S;Ключевое профильное ПО для управления недвижимостью, CRM / учет арендных договоров;17333;12000;20000
100101;3601;Аренда и управление собственным или арендованным недвижимым имуществом;Воронеж;M;Ключевое профильное ПО для управления недвижимостью, CRM / учет арендных договоров;93333;50000;150000
100101;3601;Аренда и управление собственным или арендованным недвижимым имуществом;Воронеж;L;Ключевое профильное ПО для управления недвижимостью, CRM / учет арендных договоров;283333;100000;500000
100101;3601;Аренда и управление собственным или арендованным недвижимым имуществом;Воронеж;S;Настройка и внедрение учетной системы, интеграция сервисов;11667;10000;15000
100101;3601;Аренда и управление собственным или арендованным недвижимым имуществом;Воронеж;M;Настройка и внедрение учетной системы, интеграция сервисов;60000;30000;80000
100101;3601;Аренда и управление собственным или арендованным недвижимым имуществом;Воронеж;L;Настройка и внедрение учетной системы, интеграция сервисов;190000;50000;300000
100101;3601;Аренда и управление собственным или арендованным недвижимым имуществом;Воронеж;S;Создание корпоративного сайта и базовых цифровых каналов присутствия;25000;20000;30000
100101;3601;Аренда и управление собственным или арендованным недвижимым имуществом;Воронеж;M;Создание корпоративного сайта и базовых цифровых каналов присутствия;110000;50000;150000
100101;3601;Аренда и управление собственным или арендованным недвижимым имуществом;Воронеж;L;Создание корпоративного сайта и базовых цифровых каналов присутствия;340000;100000;500000
100101;3601;Аренда и управление собственным или арендованным недвижимым имуществом;Воронеж;S;Вывеска, навигация и фирменное оформление офиса;11000;8000;15000
100101;3601;Аренда и управление собственным или арендованным недвижимым имуществом;Воронеж;M;Вывеска, навигация и фирменное оформление офиса;48333;20000;80000
100101;3601;Аренда и управление собственным или арендованным недвижимым имуществом;Воронеж;L;Вывеска, навигация и фирменное оформление офиса;166667;50000;300000
100101;3601;Аренда и управление собственным или арендованным недвижимым имуществом;Воронеж;S;Реклама и продвижение на запуске;45000;40000;50000
100101;3601;Аренда и управление собственным или арендованным недвижимым имуществом;Воронеж;M;Реклама и продвижение на запуске;283333;150000;450000
100101;3601;Аренда и управление собственным или арендованным недвижимым имуществом;Воронеж;L;Реклама и продвижение на запуске;1033333;300000;1800000
100101;3601;Аренда и управление собственным или арендованным недвижимым имуществом;Воронеж;S;Юридическая подготовка типовых договоров аренды, актов и шаблонов документов;10000;10000;10000
100101;3601;Аренда и управление собственным или арендованным недвижимым имуществом;Воронеж;M;Юридическая подготовка типовых договоров аренды, актов и шаблонов документов;38333;20000;50000
100101;3601;Аренда и управление собственным или арендованным недвижимым имуществом;Воронеж;L;Юридическая подготовка типовых договоров аренды, актов и шаблонов документов;113333;30000;160000
100101;3601;Аренда и управление собственным или арендованным недвижимым имуществом;Воронеж;S;Расходы на первичный осмотр, фотофиксацию и оценку объектов недвижимости;12333;7000;20000
100101;3601;Аренда и управление собственным или арендованным недвижимым имуществом;Воронеж;M;Расходы на первичный осмотр, фотофиксацию и оценку объектов недвижимости;56667;50000;70000
100101;3601;Аренда и управление собственным или арендованным недвижимым имуществом;Воронеж;L;Расходы на первичный осмотр, фотофиксацию и оценку объектов недвижимости;156667;100000;220000
100101;3601;Аренда и управление собственным или арендованным недвижимым имуществом;Воронеж;S;Резерв;21333;14000;30000
100101;3601;Аренда и управление собственным или арендованным недвижимым имуществом;Воронеж;M;Резерв;206667;100000;270000
100101;3601;Аренда и управление собственным или арендованным недвижимым имуществом;Воронеж;L;Резерв;687000;300000;950000
181801;78;Предоставление услуг парикмахерскими и салонами красоты;г.Санкт-Петербург;S;Аренда помещения и обеспечительный депозит;304000;300000;312000
181801;78;Предоставление услуг парикмахерскими и салонами красоты;г.Санкт-Петербург;M;Аренда помещения и обеспечительный депозит;620000;600000;660000
181801;78;Предоставление услуг парикмахерскими и салонами красоты;г.Санкт-Петербург;L;Аренда помещения и обеспечительный депозит;1016667;900000;1150000
181801;78;Предоставление услуг парикмахерскими и салонами красоты;г.Санкт-Петербург;S;Ремонт, отделка и подготовка помещения под салон;303333;200000;360000
181801;78;Предоставление услуг парикмахерскими и салонами красоты;г.Санкт-Петербург;M;Ремонт, отделка и подготовка помещения под салон;653333;400000;800000
181801;78;Предоставление услуг парикмахерскими и салонами красоты;г.Санкт-Петербург;L;Ремонт, отделка и подготовка помещения под салон;1173333;700000;1500000
181801;78;Предоставление услуг парикмахерскими и салонами красоты;г.Санкт-Петербург;S;Мебель и оснащение рабочих мест (парикмахерские кресла, зеркала, мойки, тележки, стойка администратора);206667;150000;250000
181801;78;Предоставление услуг парикмахерскими и салонами красоты;г.Санкт-Петербург;M;Мебель и оснащение рабочих мест (парикмахерские кресла, зеркала, мойки, тележки, стойка администратора);423333;300000;500000
181801;78;Предоставление услуг парикмахерскими и салонами красоты;г.Санкт-Петербург;L;Мебель и оснащение рабочих мест (парикмахерские кресла, зеркала, мойки, тележки, стойка администратора);740000;500000;900000
181801;78;Предоставление услуг парикмахерскими и салонами красоты;г.Санкт-Петербург;S;Профессиональное оборудование и инструменты (фены, машинки, плойки, стерилизаторы, УФ/сухожар, климазон и др.);190000;170000;200000
181801;78;Предоставление услуг парикмахерскими и салонами красоты;г.Санкт-Петербург;M;Профессиональное оборудование и инструменты (фены, машинки, плойки, стерилизаторы, УФ/сухожар, климазон и др.);406667;370000;450000
181801;78;Предоставление услуг парикмахерскими и салонами красоты;г.Санкт-Петербург;L;Профессиональное оборудование и инструменты (фены, машинки, плойки, стерилизаторы, УФ/сухожар, климазон и др.);680000;600000;800000
181801;78;Предоставление услуг парикмахерскими и салонами красоты;г.Санкт-Петербург;S;Первичный запас расходных материалов и косметики для старта;80000;50000;100000
181801;78;Предоставление услуг парикмахерскими и салонами красоты;г.Санкт-Петербург;M;Первичный запас расходных материалов и косметики для старта;160000;100000;200000
181801;78;Предоставление услуг парикмахерскими и салонами красоты;г.Санкт-Петербург;L;Первичный запас расходных материалов и косметики для старта;293333;150000;400000
181801;78;Предоставление услуг парикмахерскими и салонами красоты;г.Санкт-Петербург;S;Регистрация бизнеса и открытие расчетного счета;23333;20000;30000
181801;78;Предоставление услуг парикмахерскими и салонами красоты;г.Санкт-Петербург;M;Регистрация бизнеса и открытие расчетного счета;30000;20000;40000
181801;78;Предоставление услуг парикмахерскими и салонами красоты;г.Санкт-Петербург;L;Регистрация бизнеса и открытие расчетного счета;36667;20000;50000
181801;78;Предоставление услуг парикмахерскими и салонами красоты;г.Санкт-Петербург;S;Уведомление/согласования и санитарно-эпидемиологическая подготовка помещения;36667;30000;50000
181801;78;Предоставление услуг парикмахерскими и салонами красоты;г.Санкт-Петербург;M;Уведомление/согласования и санитарно-эпидемиологическая подготовка помещения;63333;50000;80000
181801;78;Предоставление услуг парикмахерскими и салонами красоты;г.Санкт-Петербург;L;Уведомление/согласования и санитарно-эпидемиологическая подготовка помещения;96667;80000;120000
181801;78;Предоставление услуг парикмахерскими и салонами красоты;г.Санкт-Петербург;S;Наружная вывеска и фирменное оформление;56667;50000;60000
181801;78;Предоставление услуг парикмахерскими и салонами красоты;г.Санкт-Петербург;M;Наружная вывеска и фирменное оформление;113333;100000;120000
181801;78;Предоставление услуг парикмахерскими и салонами красоты;г.Санкт-Петербург;L;Наружная вывеска и фирменное оформление;203333;150000;250000
181801;78;Предоставление услуг парикмахерскими и салонами красоты;г.Санкт-Петербург;S;Запусковая реклама и продвижение на старте;83333;70000;100000
181801;78;Предоставление услуг парикмахерскими и салонами красоты;г.Санкт-Петербург;M;Запусковая реклама и продвижение на старте;180000;140000;200000
181801;78;Предоставление услуг парикмахерскими и салонами красоты;г.Санкт-Петербург;L;Запусковая реклама и продвижение на старте;313333;240000;400000
181801;78;Предоставление услуг парикмахерскими и салонами красоты;г.Санкт-Петербург;S;Онлайн-запись, касса, POS-оборудование и учетное ПО;50000;50000;50000
181801;78;Предоставление услуг парикмахерскими и салонами красоты;г.Санкт-Петербург;M;Онлайн-запись, касса, POS-оборудование и учетное ПО;96667;90000;100000
181801;78;Предоставление услуг парикмахерскими и салонами красоты;г.Санкт-Петербург;L;Онлайн-запись, касса, POS-оборудование и учетное ПО;150000;150000;150000
181801;78;Предоставление услуг парикмахерскими и салонами красоты;г.Санкт-Петербург;S;Инженерное оснащение и мелкое хозяйственное оборудование (освещение, сантехника, бытовое оснащение);46667;30000;70000
181801;78;Предоставление услуг парикмахерскими и салонами красоты;г.Санкт-Петербург;M;Инженерное оснащение и мелкое хозяйственное оборудование (освещение, сантехника, бытовое оснащение);83333;50000;120000
181801;78;Предоставление услуг парикмахерскими и салонами красоты;г.Санкт-Петербург;L;Инженерное оснащение и мелкое хозяйственное оборудование (освещение, сантехника, бытовое оснащение);146667;80000;210000
181801;78;Предоставление услуг парикмахерскими и салонами красоты;г.Санкт-Петербург;S;Дезинфекционные средства и санитарные расходники для запуска;18333;15000;20000
181801;78;Предоставление услуг парикмахерскими и салонами красоты;г.Санкт-Петербург;M;Дезинфекционные средства и санитарные расходники для запуска;28333;25000;30000
181801;78;Предоставление услуг парикмахерскими и салонами красоты;г.Санкт-Петербург;L;Дезинфекционные средства и санитарные расходники для запуска;46667;40000;50000
181801;78;Предоставление услуг парикмахерскими и салонами красоты;г.Санкт-Петербург;S;Резерв;73667;34000;100000
181801;78;Предоставление услуг парикмахерскими и салонами красоты;г.Санкт-Петербург;M;Резерв;186333;92000;267000
181801;78;Предоставление услуг парикмахерскими и салонами красоты;г.Санкт-Петербург;L;Резерв;306333;59000;560000
60303;5201;Деятельность фитнес-центров;Нижний Новгород;S;Аренда помещения и обеспечительный депозит;1200000;1200000;1200000
60303;5201;Деятельность фитнес-центров;Нижний Новгород;M;Аренда помещения и обеспечительный депозит;4833333;3500000;6000000
60303;5201;Деятельность фитнес-центров;Нижний Новгород;L;Аренда помещения и обеспечительный депозит;18333333;12000000;25000000
60303;5201;Деятельность фитнес-центров;Нижний Новгород;S;Ремонт, отделка и подготовка помещения под фитнес-центр;1066667;600000;1500000
60303;5201;Деятельность фитнес-центров;Нижний Новгород;M;Ремонт, отделка и подготовка помещения под фитнес-центр;4400000;2000000;7000000
60303;5201;Деятельность фитнес-центров;Нижний Новгород;L;Ремонт, отделка и подготовка помещения под фитнес-центр;15000000;6000000;25000000
60303;5201;Деятельность фитнес-центров;Нижний Новгород;S;Проектирование, перепланировка и согласования по помещению;216667;150000;300000
60303;5201;Деятельность фитнес-центров;Нижний Новгород;M;Проектирование, перепланировка и согласования по помещению;933333;500000;1500000
60303;5201;Деятельность фитнес-центров;Нижний Новгород;L;Проектирование, перепланировка и согласования по помещению;2933333;1800000;5000000
60303;5201;Деятельность фитнес-центров;Нижний Новгород;S;Спортивное и тренажерное оборудование;1500000;1200000;1800000
60303;5201;Деятельность фитнес-центров;Нижний Новгород;M;Спортивное и тренажерное оборудование;5733333;5000000;7200000
60303;5201;Деятельность фитнес-центров;Нижний Новгород;L;Спортивное и тренажерное оборудование;20333333;15000000;28000000
60303;5201;Деятельность фитнес-центров;Нижний Новгород;S;Оборудование для групповых и кардио-зон;500000;500000;500000
60303;5201;Деятельность фитнес-центров;Нижний Новгород;M;Оборудование для групповых и кардио-зон;2033333;1500000;2600000
60303;5201;Деятельность фитнес-центров;Нижний Новгород;L;Оборудование для групповых и кардио-зон;7000000;4000000;10000000
60303;5201;Деятельность фитнес-центров;Нижний Новгород;S;Оборудование для раздевалок, душевых и санитарных зон;316667;250000;400000
60303;5201;Деятельность фитнес-центров;Нижний Новгород;M;Оборудование для раздевалок, душевых и санитарных зон;1133333;900000;1500000
60303;5201;Деятельность фитнес-центров;Нижний Новгород;L;Оборудование для раздевалок, душевых и санитарных зон;3333333;2000000;5000000
60303;5201;Деятельность фитнес-центров;Нижний Новгород;S;Мебель и инвентарь для клиентских и административных зон;226667;180000;300000
60303;5201;Деятельность фитнес-центров;Нижний Новгород;M;Мебель и инвентарь для клиентских и административных зон;716667;500000;1000000
60303;5201;Деятельность фитнес-центров;Нижний Новгород;L;Мебель и инвентарь для клиентских и административных зон;2400000;1000000;4000000
60303;5201;Деятельность фитнес-центров;Нижний Новгород;S;Системы вентиляции, кондиционирования и климат-контроль;306667;200000;420000
60303;5201;Деятельность фитнес-центров;Нижний Новгород;M;Системы вентиляции, кондиционирования и климат-контроль;1200000;600000;1500000
60303;5201;Деятельность фитнес-центров;Нижний Новгород;L;Системы вентиляции, кондиционирования и климат-контроль;4566667;1500000;6200000
60303;5201;Деятельность фитнес-центров;Нижний Новгород;S;Системы безопасности и видеонаблюдения;106667;100000;120000
60303;5201;Деятельность фитнес-центров;Нижний Новгород;M;Системы безопасности и видеонаблюдения;383333;300000;450000
60303;5201;Деятельность фитнес-центров;Нижний Новгород;L;Системы безопасности и видеонаблюдения;1166667;500000;1500000
60303;5201;Деятельность фитнес-центров;Нижний Новгород;S;Регистрация бизнеса и сопутствующие организационные расходы;50000;50000;50000
60303;5201;Деятельность фитнес-центров;Нижний Новгород;M;Регистрация бизнеса и сопутствующие организационные расходы;123333;100000;150000
60303;5201;Деятельность фитнес-центров;Нижний Новгород;L;Регистрация бизнеса и сопутствующие организационные расходы;316667;200000;500000
60303;5201;Деятельность фитнес-центров;Нижний Новгород;S;Разрешительная документация и обязательные согласования;73333;50000;100000
60303;5201;Деятельность фитнес-центров;Нижний Новгород;M;Разрешительная документация и обязательные согласования;216667;100000;300000
60303;5201;Деятельность фитнес-центров;Нижний Новгород;L;Разрешительная документация и обязательные согласования;633333;200000;1000000
60303;5201;Деятельность фитнес-центров;Нижний Новгород;S;Вывеска и наружное оформление;93333;80000;100000
60303;5201;Деятельность фитнес-центров;Нижний Новгород;M;Вывеска и наружное оформление;273333;200000;320000
60303;5201;Деятельность фитнес-центров;Нижний Новгород;L;Вывеска и наружное оформление;866667;500000;1200000
60303;5201;Деятельность фитнес-центров;Нижний Новгород;S;Рекламная кампания на запуск;233333;200000;300000
60303;5201;Деятельность фитнес-центров;Нижний Новгород;M;Рекламная кампания на запуск;900000;700000;1000000
60303;5201;Деятельность фитнес-центров;Нижний Новгород;L;Рекламная кампания на запуск;3166667;2500000;4000000
60303;5201;Деятельность фитнес-центров;Нижний Новгород;S;Кассовое оборудование, POS-терминал и учетное ПО;96667;90000;100000
60303;5201;Деятельность фитнес-центров;Нижний Новгород;M;Кассовое оборудование, POS-терминал и учетное ПО;240000;200000;300000
60303;5201;Деятельность фитнес-центров;Нижний Новгород;L;Кассовое оборудование, POS-терминал и учетное ПО;616667;500000;800000
60303;5201;Деятельность фитнес-центров;Нижний Новгород;S;Резерв;233000;90000;309000
60303;5201;Деятельность фитнес-центров;Нижний Новгород;M;Резерв;928333;400000;1385000
60303;5201;Деятельность фитнес-центров;Нижний Новгород;L;Резерв;3745333;3000000;5236000
181801;5501;Предоставление услуг парикмахерскими и салонами красоты;Омск;S;Аренда помещения и обеспечительный депозит;146667;145000;150000
181801;5501;Предоставление услуг парикмахерскими и салонами красоты;Омск;M;Аренда помещения и обеспечительный депозит;293000;289000;300000
181801;5501;Предоставление услуг парикмахерскими и салонами красоты;Омск;L;Аренда помещения и обеспечительный депозит;510000;500000;520000
181801;5501;Предоставление услуг парикмахерскими и салонами красоты;Омск;S;Ремонт, отделка и подготовка помещения под салон;113333;100000;120000
181801;5501;Предоставление услуг парикмахерскими и салонами красоты;Омск;M;Ремонт, отделка и подготовка помещения под салон;273333;200000;320000
181801;5501;Предоставление услуг парикмахерскими и салонами красоты;Омск;L;Ремонт, отделка и подготовка помещения под салон;456667;300000;550000
181801;5501;Предоставление услуг парикмахерскими и салонами красоты;Омск;S;Мебель и оснащение рабочих мест (парикмахерские кресла, зеркала, мойки, тележки, стойка администратора);95000;90000;100000
181801;5501;Предоставление услуг парикмахерскими и салонами красоты;Омск;M;Мебель и оснащение рабочих мест (парикмахерские кресла, зеркала, мойки, тележки, стойка администратора);213333;200000;230000
181801;5501;Предоставление услуг парикмахерскими и салонами красоты;Омск;L;Мебель и оснащение рабочих мест (парикмахерские кресла, зеркала, мойки, тележки, стойка администратора);353333;300000;400000
181801;5501;Предоставление услуг парикмахерскими и салонами красоты;Омск;S;Профессиональное оборудование и инструменты (фены, машинки, плойки, стерилизаторы, УФ/сухожар, климазон и др.);123333;110000;150000
181801;5501;Предоставление услуг парикмахерскими и салонами красоты;Омск;M;Профессиональное оборудование и инструменты (фены, машинки, плойки, стерилизаторы, УФ/сухожар, климазон и др.);260000;230000;300000
181801;5501;Предоставление услуг парикмахерскими и салонами красоты;Омск;L;Профессиональное оборудование и инструменты (фены, машинки, плойки, стерилизаторы, УФ/сухожар, климазон и др.);406667;390000;430000
181801;5501;Предоставление услуг парикмахерскими и салонами красоты;Омск;S;Первичный запас расходных материалов и косметики для старта;41667;20000;60000
181801;5501;Предоставление услуг парикмахерскими и салонами красоты;Омск;M;Первичный запас расходных материалов и косметики для старта;81667;40000;120000
181801;5501;Предоставление услуг парикмахерскими и салонами красоты;Омск;L;Первичный запас расходных материалов и косметики для старта;146667;60000;220000
181801;5501;Предоставление услуг парикмахерскими и салонами красоты;Омск;S;Регистрация бизнеса и открытие расчетного счета;20000;10000;35000
181801;5501;Предоставление услуг парикмахерскими и салонами красоты;Омск;M;Регистрация бизнеса и открытие расчетного счета;25000;15000;40000
181801;5501;Предоставление услуг парикмахерскими и салонами красоты;Омск;L;Регистрация бизнеса и открытие расчетного счета;30000;20000;45000
181801;5501;Предоставление услуг парикмахерскими и салонами красоты;Омск;S;Уведомление/согласования и санитарно-эпидемиологическая подготовка помещения;28333;20000;40000
181801;5501;Предоставление услуг парикмахерскими и салонами красоты;Омск;M;Уведомление/согласования и санитарно-эпидемиологическая подготовка помещения;45000;30000;70000
181801;5501;Предоставление услуг парикмахерскими и салонами красоты;Омск;L;Уведомление/согласования и санитарно-эпидемиологическая подготовка помещения;60000;40000;90000
181801;5501;Предоставление услуг парикмахерскими и салонами красоты;Омск;S;Наружная вывеска и фирменное оформление;38333;30000;55000
181801;5501;Предоставление услуг парикмахерскими и салонами красоты;Омск;M;Наружная вывеска и фирменное оформление;60000;50000;75000
181801;5501;Предоставление услуг парикмахерскими и салонами красоты;Омск;L;Наружная вывеска и фирменное оформление;93333;70000;120000
181801;5501;Предоставление услуг парикмахерскими и салонами красоты;Омск;S;Запусковая реклама и продвижение на старте;43333;30000;50000
181801;5501;Предоставление услуг парикмахерскими и салонами красоты;Омск;M;Запусковая реклама и продвижение на старте;81667;60000;100000
181801;5501;Предоставление услуг парикмахерскими и салонами красоты;Омск;L;Запусковая реклама и продвижение на старте;135000;100000;155000
181801;5501;Предоставление услуг парикмахерскими и салонами красоты;Омск;S;Онлайн-запись, касса, POS-оборудование и учетное ПО;28333;25000;30000
181801;5501;Предоставление услуг парикмахерскими и салонами красоты;Омск;M;Онлайн-запись, касса, POS-оборудование и учетное ПО;50000;45000;55000
181801;5501;Предоставление услуг парикмахерскими и салонами красоты;Омск;L;Онлайн-запись, касса, POS-оборудование и учетное ПО;75000;70000;85000
181801;5501;Предоставление услуг парикмахерскими и салонами красоты;Омск;S;Инженерное оснащение и мелкое хозяйственное оборудование (освещение, сантехника, бытовое оснащение);21000;18000;25000
181801;5501;Предоставление услуг парикмахерскими и салонами красоты;Омск;M;Инженерное оснащение и мелкое хозяйственное оборудование (освещение, сантехника, бытовое оснащение);46667;40000;60000
181801;5501;Предоставление услуг парикмахерскими и салонами красоты;Омск;L;Инженерное оснащение и мелкое хозяйственное оборудование (освещение, сантехника, бытовое оснащение);83333;60000;120000
181801;5501;Предоставление услуг парикмахерскими и салонами красоты;Омск;S;Дезинфекционные средства и санитарные расходники для запуска;12333;10000;15000
181801;5501;Предоставление услуг парикмахерскими и салонами красоты;Омск;M;Дезинфекционные средства и санитарные расходники для запуска;21000;18000;25000
181801;5501;Предоставление услуг парикмахерскими и салонами красоты;Омск;L;Дезинфекционные средства и санитарные расходники для запуска;31667;25000;40000
181801;5501;Предоставление услуг парикмахерскими и салонами красоты;Омск;S;Резерв;49333;16000;76000
181801;5501;Предоставление услуг парикмахерскими и салонами красоты;Омск;M;Резерв;111000;40000;183000
181801;5501;Предоставление услуг парикмахерскими и салонами красоты;Омск;L;Резерв;219667;83000;378000
20206;5401;Кафе;Новосибирск;S;Аренда помещения и обеспечительный депозит;233333;180000;270000
20206;5401;Кафе;Новосибирск;M;Аренда помещения и обеспечительный депозит;506667;420000;600000
20206;5401;Кафе;Новосибирск;L;Аренда помещения и обеспечительный депозит;1050000;950000;1200000
20206;5401;Кафе;Новосибирск;S;Ремонт, отделка и подготовка помещения;316667;250000;400000
20206;5401;Кафе;Новосибирск;M;Ремонт, отделка и подготовка помещения;783333;650000;1000000
20206;5401;Кафе;Новосибирск;L;Ремонт, отделка и подготовка помещения;1816667;1500000;2300000
20206;5401;Кафе;Новосибирск;S;Проектирование и согласование планировки, технологический проект;63333;50000;80000
20206;5401;Кафе;Новосибирск;M;Проектирование и согласование планировки, технологический проект;123333;100000;150000
20206;5401;Кафе;Новосибирск;L;Проектирование и согласование планировки, технологический проект;270000;200000;350000
20206;5401;Кафе;Новосибирск;S;Ключевое профильное оборудование для кафе (кофемашина, кофемолка, холодильное, тепловое, нейтральное оборудование);323333;300000;350000
20206;5401;Кафе;Новосибирск;M;Ключевое профильное оборудование для кафе (кофемашина, кофемолка, холодильное, тепловое, нейтральное оборудование);740000;600000;820000
20206;5401;Кафе;Новосибирск;L;Ключевое профильное оборудование для кафе (кофемашина, кофемолка, холодильное, тепловое, нейтральное оборудование);1766667;1200000;2100000
20206;5401;Кафе;Новосибирск;S;Мебель и интерьерное оснащение зала;166667;150000;200000
20206;5401;Кафе;Новосибирск;M;Мебель и интерьерное оснащение зала;406667;400000;420000
20206;5401;Кафе;Новосибирск;L;Мебель и интерьерное оснащение зала;926667;800000;1000000
20206;5401;Кафе;Новосибирск;S;Посуда, инвентарь и мелкий кухонный инвентарь;60000;50000;70000
20206;5401;Кафе;Новосибирск;M;Посуда, инвентарь и мелкий кухонный инвентарь;126667;100000;160000
20206;5401;Кафе;Новосибирск;L;Посуда, инвентарь и мелкий кухонный инвентарь;270000;200000;360000
20206;5401;Кафе;Новосибирск;S;Первичный запас сырья, продуктов и расходных материалов;63333;50000;70000
20206;5401;Кафе;Новосибирск;M;Первичный запас сырья, продуктов и расходных материалов;143333;100000;180000
20206;5401;Кафе;Новосибирск;L;Первичный запас сырья, продуктов и расходных материалов;306667;200000;420000
20206;5401;Кафе;Новосибирск;S;Регистрация бизнеса и сопутствующие госпошлины;13333;10000;15000
20206;5401;Кафе;Новосибирск;M;Регистрация бизнеса и сопутствующие госпошлины;23333;20000;30000
20206;5401;Кафе;Новосибирск;L;Регистрация бизнеса и сопутствующие госпошлины;40000;30000;50000
20206;5401;Кафе;Новосибирск;S;Разрешительная документация и обязательные уведомления для общепита;21667;20000;25000
20206;5401;Кафе;Новосибирск;M;Разрешительная документация и обязательные уведомления для общепита;40000;30000;50000
20206;5401;Кафе;Новосибирск;L;Разрешительная документация и обязательные уведомления для общепита;66667;50000;90000
20206;5401;Кафе;Новосибирск;S;Маркетинг: вывеска и наружное оформление;60000;40000;80000
20206;5401;Кафе;Новосибирск;M;Маркетинг: вывеска и наружное оформление;116667;80000;150000
20206;5401;Кафе;Новосибирск;L;Маркетинг: вывеска и наружное оформление;223333;150000;300000
20206;5401;Кафе;Новосибирск;S;Маркетинг: реклама на запуск;60000;30000;100000
20206;5401;Кафе;Новосибирск;M;Маркетинг: реклама на запуск;140000;100000;200000
20206;5401;Кафе;Новосибирск;L;Маркетинг: реклама на запуск;316667;250000;400000
20206;5401;Кафе;Новосибирск;S;Касса, POS-оборудование и учетное ПО;38333;20000;50000
20206;5401;Кафе;Новосибирск;M;Касса, POS-оборудование и учетное ПО;80000;50000;100000
20206;5401;Кафе;Новосибирск;L;Касса, POS-оборудование и учетное ПО;160000;100000;200000
20206;5401;Кафе;Новосибирск;S;Монтаж, доставка и пусконаладка оборудования;58333;15000;90000
20206;5401;Кафе;Новосибирск;M;Монтаж, доставка и пусконаладка оборудования;123333;40000;180000
20206;5401;Кафе;Новосибирск;L;Монтаж, доставка и пусконаладка оборудования;233333;80000;320000
20206;5401;Кафе;Новосибирск;S;Резерв;81000;9000;134000
20206;5401;Кафе;Новосибирск;M;Резерв;200667;92000;310000
20206;5401;Кафе;Новосибирск;L;Резерв;602667;500000;714000
150202;3601;Строительство жилых и нежилых зданий;Воронеж;S;Регистрация юридического лица / ИП, госпошлины, нотариальные и сервисные расходы;38333;30000;50000
150202;3601;Строительство жилых и нежилых зданий;Воронеж;M;Регистрация юридического лица / ИП, госпошлины, нотариальные и сервисные расходы;61667;50000;80000
150202;3601;Строительство жилых и нежилых зданий;Воронеж;L;Регистрация юридического лица / ИП, госпошлины, нотариальные и сервисные расходы;113333;90000;150000
150202;3601;Строительство жилых и нежилых зданий;Воронеж;S;Открытие расчётного счёта, выпуск КЭП, подключение к электронному документообороту;30000;15000;45000
150202;3601;Строительство жилых и нежилых зданий;Воронеж;M;Открытие расчётного счёта, выпуск КЭП, подключение к электронному документообороту;66667;30000;120000
150202;3601;Строительство жилых и нежилых зданий;Воронеж;L;Открытие расчётного счёта, выпуск КЭП, подключение к электронному документообороту;160000;80000;300000
150202;3601;Строительство жилых и нежилых зданий;Воронеж;S;Аренда офиса / производственной базы / склада + обеспечительный депозит;306667;200000;420000
150202;3601;Строительство жилых и нежилых зданий;Воронеж;M;Аренда офиса / производственной базы / склада + обеспечительный депозит;1766667;1200000;2600000
150202;3601;Строительство жилых и нежилых зданий;Воронеж;L;Аренда офиса / производственной базы / склада + обеспечительный депозит;8833333;1500000;15000000
150202;3601;Строительство жилых и нежилых зданий;Воронеж;S;Аренда или подготовка строительной площадки / бытового городка / временных помещений на объекте;226667;180000;300000
150202;3601;Строительство жилых и нежилых зданий;Воронеж;M;Аренда или подготовка строительной площадки / бытового городка / временных помещений на объекте;1300000;1000000;1500000
150202;3601;Строительство жилых и нежилых зданий;Воронеж;L;Аренда или подготовка строительной площадки / бытового городка / временных помещений на объекте;6500000;2000000;9500000
150202;3601;Строительство жилых и нежилых зданий;Воронеж;S;Проектные, изыскательские и предпроектные работы;300000;250000;400000
150202;3601;Строительство жилых и нежилых зданий;Воронеж;M;Проектные, изыскательские и предпроектные работы;2066667;2000000;2200000
150202;3601;Строительство жилых и нежилых зданий;Воронеж;L;Проектные, изыскательские и предпроектные работы;12000000;3000000;18000000
150202;3601;Строительство жилых и нежилых зданий;Воронеж;S;Согласование проектной документации, получение необходимых разрешений на строительство и ввод (по проекту);156667;120000;200000
150202;3601;Строительство жилых и нежилых зданий;Воронеж;M;Согласование проектной документации, получение необходимых разрешений на строительство и ввод (по проекту);916667;750000;1000000
150202;3601;Строительство жилых и нежилых зданий;Воронеж;L;Согласование проектной документации, получение необходимых разрешений на строительство и ввод (по проекту);4666667;1500000;8000000
150202;3601;Строительство жилых и нежилых зданий;Воронеж;S;Подключение и организация временного электроснабжения, водоснабжения, связи на объекте;136667;100000;160000
150202;3601;Строительство жилых и нежилых зданий;Воронеж;M;Подключение и организация временного электроснабжения, водоснабжения, связи на объекте;816667;750000;900000
150202;3601;Строительство жилых и нежилых зданий;Воронеж;L;Подключение и организация временного электроснабжения, водоснабжения, связи на объекте;3733333;1000000;6000000
150202;3601;Строительство жилых и нежилых зданий;Воронеж;S;Строительные машины и механизмы: покупка / аренда / лизинг (экскаватор, автокран, погрузчик, бетоносмесительная техника и т.п.);716667;500000;1050000
150202;3601;Строительство жилых и нежилых зданий;Воронеж;M;Строительные машины и механизмы: покупка / аренда / лизинг (экскаватор, автокран, погрузчик, бетоносмесительная техника и т.п.);5066667;3000000;8200000
150202;3601;Строительство жилых и нежилых зданий;Воронеж;L;Строительные машины и механизмы: покупка / аренда / лизинг (экскаватор, автокран, погрузчик, бетоносмесительная техника и т.п.);32000000;4000000;62000000
150202;3601;Строительство жилых и нежилых зданий;Воронеж;S;Строительный инструмент, ручной и электроинструмент;160000;100000;200000
150202;3601;Строительство жилых и нежилых зданий;Воронеж;M;Строительный инструмент, ручной и электроинструмент;716667;500000;850000
150202;3601;Строительство жилых и нежилых зданий;Воронеж;L;Строительный инструмент, ручной и электроинструмент;2966667;700000;5000000
150202;3601;Строительство жилых и нежилых зданий;Воронеж;S;Опалубка, леса, инвентарные приспособления и оснастка;190000;150000;220000
150202;3601;Строительство жилых и нежилых зданий;Воронеж;M;Опалубка, леса, инвентарные приспособления и оснастка;1266667;1000000;1800000
150202;3601;Строительство жилых и нежилых зданий;Воронеж;L;Опалубка, леса, инвентарные приспособления и оснастка;6433333;1500000;9800000
150202;3601;Строительство жилых и нежилых зданий;Воронеж;S;Первичный запас основных материалов и расходников для старта работ;606667;420000;800000
150202;3601;Строительство жилых и нежилых зданий;Воронеж;M;Первичный запас основных материалов и расходников для старта работ;4433333;4000000;5000000
150202;3601;Строительство жилых и нежилых зданий;Воронеж;L;Первичный запас основных материалов и расходников для старта работ;26000000;6000000;40000000
150202;3601;Строительство жилых и нежилых зданий;Воронеж;S;ГСМ, технические жидкости и расходные материалы для техники;113333;100000;140000
150202;3601;Строительство жилых и нежилых зданий;Воронеж;M;ГСМ, технические жидкости и расходные материалы для техники;750000;500000;950000
150202;3601;Строительство жилых и нежилых зданий;Воронеж;L;ГСМ, технические жидкости и расходные материалы для техники;3633333;700000;5200000
150202;3601;Строительство жилых и нежилых зданий;Воронеж;S;Средства индивидуальной защиты, спецодежда и охрана труда;63333;50000;90000
150202;3601;Строительство жилых и нежилых зданий;Воронеж;M;Средства индивидуальной защиты, спецодежда и охрана труда;290000;200000;420000
150202;3601;Строительство жилых и нежилых зданий;Воронеж;L;Средства индивидуальной защиты, спецодежда и охрана труда;1216667;350000;1800000
150202;3601;Строительство жилых и нежилых зданий;Воронеж;S;Транспорт и логистика: аренда/лизинг грузового транспорта, доставка материалов;203333;150000;250000
150202;3601;Строительство жилых и нежилых зданий;Воронеж;M;Транспорт и логистика: аренда/лизинг грузового транспорта, доставка материалов;1283333;750000;1600000
150202;3601;Строительство жилых и нежилых зданий;Воронеж;L;Транспорт и логистика: аренда/лизинг грузового транспорта, доставка материалов;6933333;1000000;10000000
150202;3601;Строительство жилых и нежилых зданий;Воронеж;S;Учетное, проектное и строительное ПО, лицензии на программные продукты;106667;80000;140000
150202;3601;Строительство жилых и нежилых зданий;Воронеж;M;Учетное, проектное и строительное ПО, лицензии на программные продукты;473333;300000;620000
150202;3601;Строительство жилых и нежилых зданий;Воронеж;L;Учетное, проектное и строительное ПО, лицензии на программные продукты;1766667;700000;2600000
150202;3601;Строительство жилых и нежилых зданий;Воронеж;S;Системы связи и оргтехника: компьютеры, принтеры, телефония, интернет;120000;100000;160000
150202;3601;Строительство жилых и нежилых зданий;Воронеж;M;Системы связи и оргтехника: компьютеры, принтеры, телефония, интернет;540000;400000;720000
150202;3601;Строительство жилых и нежилых зданий;Воронеж;L;Системы связи и оргтехника: компьютеры, принтеры, телефония, интернет;2200000;700000;3000000
150202;3601;Строительство жилых и нежилых зданий;Воронеж;S;Маркетинг на запуск: сайт, презентационные материалы, реклама и тендерное продвижение;156667;120000;200000
150202;3601;Строительство жилых и нежилых зданий;Воронеж;M;Маркетинг на запуск: сайт, презентационные материалы, реклама и тендерное продвижение;716667;500000;1000000
150202;3601;Строительство жилых и нежилых зданий;Воронеж;L;Маркетинг на запуск: сайт, презентационные материалы, реклама и тендерное продвижение;2633333;1500000;4000000
150202;3601;Строительство жилых и нежилых зданий;Воронеж;S;Вывеска, наружная идентификация и фирменное оформление;46667;40000;50000
150202;3601;Строительство жилых и нежилых зданий;Воронеж;M;Вывеска, наружная идентификация и фирменное оформление;176667;100000;250000
150202;3601;Строительство жилых и нежилых зданий;Воронеж;L;Вывеска, наружная идентификация и фирменное оформление;500000;350000;650000
150202;3601;Строительство жилых и нежилых зданий;Воронеж;S;Банковские гарантии, обеспечительные взносы по контрактам и участие в закупках;233333;200000;300000
150202;3601;Строительство жилых и нежилых зданий;Воронеж;M;Банковские гарантии, обеспечительные взносы по контрактам и участие в закупках;1533333;1000000;2100000
150202;3601;Строительство жилых и нежилых зданий;Воронеж;L;Банковские гарантии, обеспечительные взносы по контрактам и участие в закупках;9500000;1500000;15000000
150202;3601;Строительство жилых и нежилых зданий;Воронеж;S;Резерв;258333;65000;510000
150202;3601;Строительство жилых и нежилых зданий;Воронеж;M;Резерв;1893667;1000000;3559000
150202;3601;Строительство жилых и нежилых зданий;Воронеж;L;Резерв;11161333;1500000;26150000
50303;3601;Стоматологическая практика;Воронеж;S;Аренда помещения под стоматологическую клинику + обеспечительный депозит;1023333;770000;1500000
50303;3601;Стоматологическая практика;Воронеж;M;Аренда помещения под стоматологическую клинику + обеспечительный депозит;2416667;2000000;3000000
50303;3601;Стоматологическая практика;Воронеж;L;Аренда помещения под стоматологическую клинику + обеспечительный депозит;5283333;5000000;5850000
50303;3601;Стоматологическая практика;Воронеж;S;Ремонт и подготовка помещения под санитарные и технологические требования;1216667;1000000;1500000
50303;3601;Стоматологическая практика;Воронеж;M;Ремонт и подготовка помещения под санитарные и технологические требования;3366667;2000000;4500000
50303;3601;Стоматологическая практика;Воронеж;L;Ремонт и подготовка помещения под санитарные и технологические требования;8266667;3000000;12000000
50303;3601;Стоматологическая практика;Воронеж;S;Проектирование и согласование планировки/инженерных решений для стоматологии;360000;180000;500000
50303;3601;Стоматологическая практика;Воронеж;M;Проектирование и согласование планировки/инженерных решений для стоматологии;840000;520000;1000000
50303;3601;Стоматологическая практика;Воронеж;L;Проектирование и согласование планировки/инженерных решений для стоматологии;1733333;1200000;2500000
50303;3601;Стоматологическая практика;Воронеж;S;Стоматологические установки (кресла, блоки врача/ассистента);1766667;1500000;2000000
50303;3601;Стоматологическая практика;Воронеж;M;Стоматологические установки (кресла, блоки врача/ассистента);4733333;3000000;6000000
50303;3601;Стоматологическая практика;Воронеж;L;Стоматологические установки (кресла, блоки врача/ассистента);11633333;4500000;18000000
50303;3601;Стоматологическая практика;Воронеж;S;Рентген-оборудование (визиограф/ортопантомограф/КЛКТ — по формату клиники);583333;500000;650000
50303;3601;Стоматологическая практика;Воронеж;M;Рентген-оборудование (визиограф/ортопантомограф/КЛКТ — по формату клиники);1966667;1000000;2500000
50303;3601;Стоматологическая практика;Воронеж;L;Рентген-оборудование (визиограф/ортопантомограф/КЛКТ — по формату клиники);5066667;2000000;7200000
50303;3601;Стоматологическая практика;Воронеж;S;Стерилизационное оборудование (автоклав, сухожар, ультразвуковая мойка и др.);306667;200000;400000
50303;3601;Стоматологическая практика;Воронеж;M;Стерилизационное оборудование (автоклав, сухожар, ультразвуковая мойка и др.);760000;500000;1000000
50303;3601;Стоматологическая практика;Воронеж;L;Стерилизационное оборудование (автоклав, сухожар, ультразвуковая мойка и др.);1666667;1000000;2500000
50303;3601;Стоматологическая практика;Воронеж;S;Компрессор, аспирация и другое инженерное оборудование;320000;300000;360000
50303;3601;Стоматологическая практика;Воронеж;M;Компрессор, аспирация и другое инженерное оборудование;760000;500000;980000
50303;3601;Стоматологическая практика;Воронеж;L;Компрессор, аспирация и другое инженерное оборудование;1633333;800000;2100000
50303;3601;Стоматологическая практика;Воронеж;S;Мебель и оснащение кабинетов, ресепшен и зоны ожидания;426667;380000;500000
50303;3601;Стоматологическая практика;Воронеж;M;Мебель и оснащение кабинетов, ресепшен и зоны ожидания;1133333;800000;1500000
50303;3601;Стоматологическая практика;Воронеж;L;Мебель и оснащение кабинетов, ресепшен и зоны ожидания;2566667;1200000;4000000
50303;3601;Стоматологическая практика;Воронеж;S;Первичный запас стоматологических материалов, расходников и медикаментов;340000;200000;420000
50303;3601;Стоматологическая практика;Воронеж;M;Первичный запас стоматологических материалов, расходников и медикаментов;826667;300000;1200000
50303;3601;Стоматологическая практика;Воронеж;L;Первичный запас стоматологических материалов, расходников и медикаментов;1800000;500000;3000000
50303;3601;Стоматологическая практика;Воронеж;S;Медицинский инструмент и наборы для старта;296667;290000;300000
50303;3601;Стоматологическая практика;Воронеж;M;Медицинский инструмент и наборы для старта;706667;500000;820000
50303;3601;Стоматологическая практика;Воронеж;L;Медицинский инструмент и наборы для старта;1466667;700000;2000000
50303;3601;Стоматологическая практика;Воронеж;S;Регистрация юридического лица / ИП и сопутствующие госпошлины и услуги;46667;40000;50000
50303;3601;Стоматологическая практика;Воронеж;M;Регистрация юридического лица / ИП и сопутствующие госпошлины и услуги;90000;70000;100000
50303;3601;Стоматологическая практика;Воронеж;L;Регистрация юридического лица / ИП и сопутствующие госпошлины и услуги;140000;120000;150000
50303;3601;Стоматологическая практика;Воронеж;S;Санитарно-эпидемиологическая подготовка и оформление обязательной документации;126667;100000;180000
50303;3601;Стоматологическая практика;Воронеж;M;Санитарно-эпидемиологическая подготовка и оформление обязательной документации;273333;200000;420000
50303;3601;Стоматологическая практика;Воронеж;L;Санитарно-эпидемиологическая подготовка и оформление обязательной документации;483333;300000;850000
50303;3601;Стоматологическая практика;Воронеж;S;Лицензирование медицинской деятельности;146667;90000;200000
50303;3601;Стоматологическая практика;Воронеж;M;Лицензирование медицинской деятельности;260000;180000;300000
50303;3601;Стоматологическая практика;Воронеж;L;Лицензирование медицинской деятельности;440000;320000;500000
50303;3601;Стоматологическая практика;Воронеж;S;Вывеска и внешнее оформление клиники;130000;100000;150000
50303;3601;Стоматологическая практика;Воронеж;M;Вывеска и внешнее оформление клиники;273333;200000;320000
50303;3601;Стоматологическая практика;Воронеж;L;Вывеска и внешнее оформление клиники;466667;300000;600000
50303;3601;Стоматологическая практика;Воронеж;S;Запуск рекламы и продвижения на старте;350000;250000;500000
50303;3601;Стоматологическая практика;Воронеж;M;Запуск рекламы и продвижения на старте;816667;650000;1000000
50303;3601;Стоматологическая практика;Воронеж;L;Запуск рекламы и продвижения на старте;1666667;1500000;2000000
50303;3601;Стоматологическая практика;Воронеж;S;Касса, POS-оборудование, компьютерная техника и медицинское/учетное ПО;306667;200000;420000
50303;3601;Стоматологическая практика;Воронеж;M;Касса, POS-оборудование, компьютерная техника и медицинское/учетное ПО;700000;500000;1100000
50303;3601;Стоматологическая практика;Воронеж;L;Касса, POS-оборудование, компьютерная техника и медицинское/учетное ПО;1566667;800000;2400000
50303;3601;Стоматологическая практика;Воронеж;S;Резерв;252667;74000;384000
50303;3601;Стоматологическая практика;Воронеж;M;Резерв;891000;500000;1173000
50303;3601;Стоматологическая практика;Воронеж;L;Резерв;8246000;1000000;19894000
50303;77;Стоматологическая практика;г.Москва;S;Аренда помещения под стоматологическую клинику + обеспечительный депозит;2693400;2000000;3580200
50303;77;Стоматологическая практика;г.Москва;M;Аренда помещения под стоматологическую клинику + обеспечительный депозит;7813600;5500000;10740800
50303;77;Стоматологическая практика;г.Москва;L;Аренда помещения под стоматологическую клинику + обеспечительный депозит;20747333;16000000;28642000
50303;77;Стоматологическая практика;г.Москва;S;Ремонт и подготовка помещения под санитарные и технологические требования;2924687;1074060;4200000
50303;77;Стоматологическая практика;г.Москва;M;Ремонт и подготовка помещения под санитарные и технологические требования;8907413;3222240;12500000
50303;77;Стоматологическая практика;г.Москва;L;Ремонт и подготовка помещения под санитарные и технологические требования;25864200;8592600;38000000
50303;77;Стоматологическая практика;г.Москва;S;Проектирование и согласование планировки/инженерных решений для стоматологии;579010;500000;700000
50303;77;Стоматологическая практика;г.Москва;M;Проектирование и согласование планировки/инженерных решений для стоматологии;1637040;1500000;1800000
50303;77;Стоматологическая практика;г.Москва;L;Проектирование и согласование планировки/инженерных решений для стоматологии;4165433;4000000;4296300
50303;77;Стоматологическая практика;г.Москва;S;Стоматологические установки (кресла, блоки врача/ассистента);3082697;2148090;3600000
50303;77;Стоматологическая практика;г.Москва;M;Стоматологические установки (кресла, блоки врача/ассистента);10081493;6444480;13000000
50303;77;Стоматологическая практика;г.Москва;L;Стоматологические установки (кресла, блоки врача/ассистента);27995067;17185200;38000000
50303;77;Стоматологическая практика;г.Москва;S;Рентген-оборудование (визиограф/ортопантомограф/КЛКТ — по формату клиники);1624687;1074060;2500000
50303;77;Стоматологическая практика;г.Москва;M;Рентген-оборудование (визиограф/ортопантомограф/КЛКТ — по формату клиники);4807413;3222240;6000000
50303;77;Стоматологическая практика;г.Москва;L;Рентген-оборудование (визиограф/ортопантомограф/КЛКТ — по формату клиники);12697533;8592600;16500000
50303;77;Стоматологическая практика;г.Москва;S;Стерилизационное оборудование (автоклав, сухожар, ультразвуковая мойка и др.);536007;358020;650000
50303;77;Стоматологическая практика;г.Москва;M;Стерилизационное оборудование (автоклав, сухожар, ультразвуковая мойка и др.);1424693;1074080;1700000
50303;77;Стоматологическая практика;г.Москва;L;Стерилизационное оборудование (автоклав, сухожар, ультразвуковая мойка и др.);3488067;2864200;4000000
50303;77;Стоматологическая практика;г.Москва;S;Компрессор, аспирация и другое инженерное оборудование;538270;214809;900000
50303;77;Стоматологическая практика;г.Москва;M;Компрессор, аспирация и другое инженерное оборудование;1348149;644448;2400000
50303;77;Стоматологическая практика;г.Москва;L;Компрессор, аспирация и другое инженерное оборудование;3439507;1718520;6100000
50303;77;Стоматологическая практика;г.Москва;S;Мебель и оснащение кабинетов, ресепшен и зоны ожидания;981343;850000;1200000
50303;77;Стоматологическая практика;г.Москва;M;Мебель и оснащение кабинетов, ресепшен и зоны ожидания;2760707;2100000;3500000
50303;77;Стоматологическая практика;г.Москва;L;Мебель и оснащение кабинетов, ресепшен и зоны ожидания;7020233;4900000;9000000
50303;77;Стоматологическая практика;г.Москва;S;Первичный запас стоматологических материалов, расходников и медикаментов;712343;537030;900000
50303;77;Стоматологическая практика;г.Москва;M;Первичный запас стоматологических материалов, расходников и медикаментов;1970373;1611120;2300000
50303;77;Стоматологическая практика;г.Москва;L;Первичный запас стоматологических материалов, расходников и медикаментов;4965433;4296300;5600000
50303;77;Стоматологическая практика;г.Москва;S;Медицинский инструмент и наборы для старта;502673;358020;650000
50303;77;Стоматологическая практика;г.Москва;M;Медицинский инструмент и наборы для старта;1458027;1074080;1800000
50303;77;Стоматологическая практика;г.Москва;L;Медицинский инструмент и наборы для старта;3721400;2864200;4300000
50303;77;Стоматологическая практика;г.Москва;S;Регистрация юридического лица / ИП и сопутствующие госпошлины и услуги;88601;35802;150000
50303;77;Стоматологическая практика;г.Москва;M;Регистрация юридического лица / ИП и сопутствующие госпошлины и услуги;175803;107408;300000
50303;77;Стоматологическая практика;г.Москва;L;Регистрация юридического лица / ИП и сопутствующие госпошлины и услуги;335473;220000;500000
50303;77;Стоматологическая практика;г.Москва;S;Санитарно-эпидемиологическая подготовка и оформление обязательной документации;185802;100000;350000
50303;77;Стоматологическая практика;г.Москва;M;Санитарно-эпидемиологическая подготовка и оформление обязательной документации;440741;200000;800000
50303;77;Стоматологическая практика;г.Москва;L;Санитарно-эпидемиологическая подготовка и оформление обязательной документации;886420;300000;1500000
50303;77;Стоматологическая практика;г.Москва;S;Лицензирование медицинской деятельности;221603;200000;250000
50303;77;Стоматологическая практика;г.Москва;M;Лицензирование медицинской деятельности;514816;300000;644448
50303;77;Стоматологическая практика;г.Москва;L;Лицензирование медицинской деятельности;1139507;500000;1718520
50303;77;Стоматологическая практика;г.Москва;S;Вывеска и внешнее оформление клиники;219502;178507;300000
50303;77;Стоматологическая практика;г.Москва;M;Вывеска и внешнее оформление клиники;495175;450000;535524
50303;77;Стоматологическая практика;г.Москва;L;Вывеска и внешнее оформление клиники;1128020;950000;1434060
50303;77;Стоматологическая практика;г.Москва;S;Запуск рекламы и продвижения на старте;630845;400000;892535
50303;77;Стоматологическая практика;г.Москва;M;Запуск рекламы и продвижения на старте;1825873;1000000;2677620
50303;77;Стоматологическая практика;г.Москва;L;Запуск рекламы и продвижения на старте;4790100;3000000;7170300
50303;77;Стоматологическая практика;г.Москва;S;Касса, POS-оборудование, компьютерная техника и медицинское/учетное ПО;595677;500000;750000
50303;77;Стоматологическая практика;г.Москва;M;Касса, POS-оборудование, компьютерная техника и медицинское/учетное ПО;1437040;1000000;1700000
50303;77;Стоматологическая практика;г.Москва;L;Касса, POS-оборудование, компьютерная техника и медицинское/учетное ПО;3465433;2500000;4296300
50303;77;Стоматологическая практика;г.Москва;S;Резерв;1059017;751000;1531000
50303;77;Стоматологическая практика;г.Москва;M;Резерв;3536400;2685200;4020000
50303;77;Стоматологическая практика;г.Москва;L;Резерв;7015167;1910000;11975000
60303;23;Деятельность фитнес-центров;Краснодарский край;S;Аренда помещения и обеспечительный депозит;901867;650000;1055600
60303;23;Деятельность фитнес-центров;Краснодарский край;M;Аренда помещения и обеспечительный депозит;3399400;1800000;4398200
60303;23;Деятельность фитнес-центров;Краснодарский край;L;Аренда помещения и обеспечительный депозит;12444467;6500000;15833400
60303;23;Деятельность фитнес-центров;Краснодарский край;S;Ремонт, отделка и подготовка помещения под фитнес-центр;985200;800000;1100000
60303;23;Деятельность фитнес-центров;Краснодарский край;M;Ремонт, отделка и подготовка помещения под фитнес-центр;3800000;2000000;5500000
60303;23;Деятельность фитнес-центров;Краснодарский край;L;Ремонт, отделка и подготовка помещения под фитнес-центр;13433333;6000000;19800000
60303;23;Деятельность фитнес-центров;Краснодарский край;S;Проектирование, перепланировка и согласования по помещению;226667;180000;300000
60303;23;Деятельность фитнес-центров;Краснодарский край;M;Проектирование, перепланировка и согласования по помещению;883333;500000;1500000
60303;23;Деятельность фитнес-центров;Краснодарский край;L;Проектирование, перепланировка и согласования по помещению;2633333;1500000;4000000
60303;23;Деятельность фитнес-центров;Краснодарский край;S;Спортивное и тренажерное оборудование;1350000;1200000;1500000
60303;23;Деятельность фитнес-центров;Краснодарский край;M;Спортивное и тренажерное оборудование;5533333;5000000;6000000
60303;23;Деятельность фитнес-центров;Краснодарский край;L;Спортивное и тренажерное оборудование;19166667;18000000;20000000
60303;23;Деятельность фитнес-центров;Краснодарский край;S;Оборудование для групповых и кардио-зон;593333;480000;700000
60303;23;Деятельность фитнес-центров;Краснодарский край;M;Оборудование для групповых и кардио-зон;2233333;2000000;2500000
60303;23;Деятельность фитнес-центров;Краснодарский край;L;Оборудование для групповых и кардио-зон;7733333;6000000;9000000
60303;23;Деятельность фитнес-центров;Краснодарский край;S;Оборудование для раздевалок, душевых и санитарных зон;253333;200000;300000
60303;23;Деятельность фитнес-центров;Краснодарский край;M;Оборудование для раздевалок, душевых и санитарных зон;850000;800000;950000
60303;23;Деятельность фитнес-центров;Краснодарский край;L;Оборудование для раздевалок, душевых и санитарных зон;2833333;2000000;3500000
60303;23;Деятельность фитнес-центров;Краснодарский край;S;Мебель и инвентарь для клиентских и административных зон;180000;150000;200000
60303;23;Деятельность фитнес-центров;Краснодарский край;M;Мебель и инвентарь для клиентских и административных зон;583333;500000;650000
60303;23;Деятельность фитнес-центров;Краснодарский край;L;Мебель и инвентарь для клиентских и административных зон;1900000;1000000;2500000
60303;23;Деятельность фитнес-центров;Краснодарский край;S;Системы вентиляции, кондиционирования и климат-контроль;306667;200000;420000
60303;23;Деятельность фитнес-центров;Краснодарский край;M;Системы вентиляции, кондиционирования и климат-контроль;1100000;500000;1600000
60303;23;Деятельность фитнес-центров;Краснодарский край;L;Системы вентиляции, кондиционирования и климат-контроль;4100000;1500000;5800000
60303;23;Деятельность фитнес-центров;Краснодарский край;S;Системы безопасности и видеонаблюдения;116667;100000;150000
60303;23;Деятельность фитнес-центров;Краснодарский край;M;Системы безопасности и видеонаблюдения;360000;200000;480000
60303;23;Деятельность фитнес-центров;Краснодарский край;L;Системы безопасности и видеонаблюдения;1166667;500000;1500000
60303;23;Деятельность фитнес-центров;Краснодарский край;S;Регистрация бизнеса и сопутствующие организационные расходы;50000;50000;50000
60303;23;Деятельность фитнес-центров;Краснодарский край;M;Регистрация бизнеса и сопутствующие организационные расходы;123333;100000;150000
60303;23;Деятельность фитнес-центров;Краснодарский край;L;Регистрация бизнеса и сопутствующие организационные расходы;266667;200000;300000
60303;23;Деятельность фитнес-центров;Краснодарский край;S;Разрешительная документация и обязательные согласования;83333;50000;120000
60303;23;Деятельность фитнес-центров;Краснодарский край;M;Разрешительная документация и обязательные согласования;250000;100000;350000
60303;23;Деятельность фитнес-центров;Краснодарский край;L;Разрешительная документация и обязательные согласования;633333;200000;900000
60303;23;Деятельность фитнес-центров;Краснодарский край;S;Вывеска и наружное оформление;106667;50000;170000
60303;23;Деятельность фитнес-центров;Краснодарский край;M;Вывеска и наружное оформление;273333;200000;420000
60303;23;Деятельность фитнес-центров;Краснодарский край;L;Вывеска и наружное оформление;733333;500000;1100000
60303;23;Деятельность фитнес-центров;Краснодарский край;S;Рекламная кампания на запуск;240000;200000;300000
60303;23;Деятельность фитнес-центров;Краснодарский край;M;Рекламная кампания на запуск;833333;700000;1000000
60303;23;Деятельность фитнес-центров;Краснодарский край;L;Рекламная кампания на запуск;2733333;2200000;3000000
60303;23;Деятельность фитнес-центров;Краснодарский край;S;Кассовое оборудование, POS-терминал и учетное ПО;93333;50000;130000
60303;23;Деятельность фитнес-центров;Краснодарский край;M;Кассовое оборудование, POS-терминал и учетное ПО;240000;200000;320000
60303;23;Деятельность фитнес-центров;Краснодарский край;L;Кассовое оборудование, POS-терминал и учетное ПО;633333;500000;900000
60303;23;Деятельность фитнес-центров;Краснодарский край;S;Резерв;459333;100000;778000
60303;23;Деятельность фитнес-центров;Краснодарский край;M;Резерв;1430333;500000;2791000
60303;23;Деятельность фитнес-центров;Краснодарский край;L;Резерв;5048900;2000000;10146700
131301;3601;Оптика и очки;Воронеж;S;Аренда помещения под салон оптики + обеспечительный депозит;180000;120000;240000
131301;3601;Оптика и очки;Воронеж;M;Аренда помещения под салон оптики + обеспечительный депозит;316667;220000;400000
131301;3601;Оптика и очки;Воронеж;L;Аренда помещения под салон оптики + обеспечительный депозит;596667;440000;700000
131301;3601;Оптика и очки;Воронеж;S;Ремонт и подготовка помещения под требования салона оптики;120000;100000;140000
131301;3601;Оптика и очки;Воронеж;M;Ремонт и подготовка помещения под требования салона оптики;220000;200000;260000
131301;3601;Оптика и очки;Воронеж;L;Ремонт и подготовка помещения под требования салона оптики;406667;300000;520000
131301;3601;Оптика и очки;Воронеж;S;Вывеска и наружное оформление;31667;30000;35000
131301;3601;Оптика и очки;Воронеж;M;Вывеска и наружное оформление;56667;50000;70000
131301;3601;Оптика и очки;Воронеж;L;Вывеска и наружное оформление;113333;100000;140000
131301;3601;Оптика и очки;Воронеж;S;Торговое и демонстрационное оборудование для салона оптики;96667;80000;120000
131301;3601;Оптика и очки;Воронеж;M;Торговое и демонстрационное оборудование для салона оптики;193333;160000;250000
131301;3601;Оптика и очки;Воронеж;L;Торговое и демонстрационное оборудование для салона оптики;346667;320000;400000
131301;3601;Оптика и очки;Воронеж;S;Профессиональное оборудование для подбора и проверки зрения (офтальмологическое/оптометрическое);136667;110000;150000
131301;3601;Оптика и очки;Воронеж;M;Профессиональное оборудование для подбора и проверки зрения (офтальмологическое/оптометрическое);273333;220000;300000
131301;3601;Оптика и очки;Воронеж;L;Профессиональное оборудование для подбора и проверки зрения (офтальмологическое/оптометрическое);510000;430000;600000
131301;3601;Оптика и очки;Воронеж;S;Оборудование для изготовления и подгонки очков, если предусмотрено форматом;33333;0;50000
131301;3601;Оптика и очки;Воронеж;M;Оборудование для изготовления и подгонки очков, если предусмотрено форматом;113333;100000;120000
131301;3601;Оптика и очки;Воронеж;L;Оборудование для изготовления и подгонки очков, если предусмотрено форматом;236667;200000;260000
131301;3601;Оптика и очки;Воронеж;S;Компьютеры, POS-оборудование и касса;51667;30000;65000
131301;3601;Оптика и очки;Воронеж;M;Компьютеры, POS-оборудование и касса;80000;50000;100000
131301;3601;Оптика и очки;Воронеж;L;Компьютеры, POS-оборудование и касса;146667;100000;200000
131301;3601;Оптика и очки;Воронеж;S;Учетное и кассовое программное обеспечение;19333;18000;20000
131301;3601;Оптика и очки;Воронеж;M;Учетное и кассовое программное обеспечение;33333;30000;40000
131301;3601;Оптика и очки;Воронеж;L;Учетное и кассовое программное обеспечение;56667;50000;70000
131301;3601;Оптика и очки;Воронеж;S;Первичный товарный запас: оправы, солнцезащитные очки, линзы, футляры, сопутствующие товары;173333;100000;220000
131301;3601;Оптика и очки;Воронеж;M;Первичный товарный запас: оправы, солнцезащитные очки, линзы, футляры, сопутствующие товары;340000;200000;420000
131301;3601;Оптика и очки;Воронеж;L;Первичный товарный запас: оправы, солнцезащитные очки, линзы, футляры, сопутствующие товары;600000;300000;800000
131301;3601;Оптика и очки;Воронеж;S;Расходные материалы для первичного запуска;13333;10000;18000
131301;3601;Оптика и очки;Воронеж;M;Расходные материалы для первичного запуска;21667;20000;25000
131301;3601;Оптика и очки;Воронеж;L;Расходные материалы для первичного запуска;38333;30000;50000
131301;3601;Оптика и очки;Воронеж;S;Регистрация бизнеса и сопутствующие госпошлины;10667;10000;12000
131301;3601;Оптика и очки;Воронеж;M;Регистрация бизнеса и сопутствующие госпошлины;15000;15000;15000
131301;3601;Оптика и очки;Воронеж;L;Регистрация бизнеса и сопутствующие госпошлины;20000;20000;20000
131301;3601;Оптика и очки;Воронеж;S;Санитарно-эпидемиологические и иные обязательные документы/согласования, если требуются по формату;11000;8000;15000
131301;3601;Оптика и очки;Воронеж;M;Санитарно-эпидемиологические и иные обязательные документы/согласования, если требуются по формату;18333;15000;25000
131301;3601;Оптика и очки;Воронеж;L;Санитарно-эпидемиологические и иные обязательные документы/согласования, если требуются по формату;30000;20000;40000
131301;3601;Оптика и очки;Воронеж;S;Маркетинг на запуск: реклама и продвижение;45000;35000;50000
131301;3601;Оптика и очки;Воронеж;M;Маркетинг на запуск: реклама и продвижение;85000;70000;100000
131301;3601;Оптика и очки;Воронеж;L;Маркетинг на запуск: реклама и продвижение;156667;130000;200000
131301;3601;Оптика и очки;Воронеж;S;Резерв;22000;0;48000
131301;3601;Оптика и очки;Воронеж;M;Резерв;49333;20000;85000
131301;3601;Оптика и очки;Воронеж;L;Резерв;160667;99000;204000
131301;50;Оптика и очки;Московская область;S;Аренда помещения под салон оптики + обеспечительный депозит;200000;160000;240000
131301;50;Оптика и очки;Московская область;M;Аренда помещения под салон оптики + обеспечительный депозит;366667;300000;450000
131301;50;Оптика и очки;Московская область;L;Аренда помещения под салон оптики + обеспечительный депозит;733333;600000;900000
131301;50;Оптика и очки;Московская область;S;Ремонт и подготовка помещения под требования салона оптики;126667;100000;160000
131301;50;Оптика и очки;Московская область;M;Ремонт и подготовка помещения под требования салона оптики;256667;220000;300000
131301;50;Оптика и очки;Московская область;L;Ремонт и подготовка помещения под требования салона оптики;506667;420000;600000
131301;50;Оптика и очки;Московская область;S;Вывеска и наружное оформление;43333;40000;50000
131301;50;Оптика и очки;Московская область;M;Вывеска и наружное оформление;75000;70000;80000
131301;50;Оптика и очки;Московская область;L;Вывеска и наружное оформление;140000;120000;150000
131301;50;Оптика и очки;Московская область;S;Торговое и демонстрационное оборудование для салона оптики;83333;70000;100000
131301;50;Оптика и очки;Московская область;M;Торговое и демонстрационное оборудование для салона оптики;170000;130000;200000
131301;50;Оптика и очки;Московская область;L;Торговое и демонстрационное оборудование для салона оптики;310000;220000;360000
131301;50;Оптика и очки;Московская область;S;Профессиональное оборудование для подбора и проверки зрения (офтальмологическое/оптометрическое);96667;80000;120000
131301;50;Оптика и очки;Московская область;M;Профессиональное оборудование для подбора и проверки зрения (офтальмологическое/оптометрическое);206667;150000;250000
131301;50;Оптика и очки;Московская область;L;Профессиональное оборудование для подбора и проверки зрения (офтальмологическое/оптометрическое);416667;300000;500000
131301;50;Оптика и очки;Московская область;S;Оборудование для изготовления и подгонки очков, если предусмотрено форматом;13333;0;40000
131301;50;Оптика и очки;Московская область;M;Оборудование для изготовления и подгонки очков, если предусмотрено форматом;71667;50000;90000
131301;50;Оптика и очки;Московская область;L;Оборудование для изготовления и подгонки очков, если предусмотрено форматом;173333;150000;220000
131301;50;Оптика и очки;Московская область;S;Компьютеры, POS-оборудование и касса;45000;30000;60000
131301;50;Оптика и очки;Московская область;M;Компьютеры, POS-оборудование и касса;75000;50000;100000
131301;50;Оптика и очки;Московская область;L;Компьютеры, POS-оборудование и касса;140000;100000;200000
131301;50;Оптика и очки;Московская область;S;Учетное и кассовое программное обеспечение;21667;15000;30000
131301;50;Оптика и очки;Московская область;M;Учетное и кассовое программное обеспечение;35000;25000;50000
131301;50;Оптика и очки;Московская область;L;Учетное и кассовое программное обеспечение;60000;40000;80000
131301;50;Оптика и очки;Московская область;S;Первичный товарный запас: оправы, солнцезащитные очки, линзы, футляры, сопутствующие товары;123333;100000;170000
131301;50;Оптика и очки;Московская область;M;Первичный товарный запас: оправы, солнцезащитные очки, линзы, футляры, сопутствующие товары;243333;180000;300000
131301;50;Оптика и очки;Московская область;L;Первичный товарный запас: оправы, солнцезащитные очки, линзы, футляры, сопутствующие товары;460000;360000;520000
131301;50;Оптика и очки;Московская область;S;Расходные материалы для первичного запуска;13333;10000;15000
131301;50;Оптика и очки;Московская область;M;Расходные материалы для первичного запуска;23333;15000;30000
131301;50;Оптика и очки;Московская область;L;Расходные материалы для первичного запуска;43333;30000;60000
131301;50;Оптика и очки;Московская область;S;Регистрация бизнеса и сопутствующие госпошлины;11667;10000;15000
131301;50;Оптика и очки;Московская область;M;Регистрация бизнеса и сопутствующие госпошлины;16667;15000;20000
131301;50;Оптика и очки;Московская область;L;Регистрация бизнеса и сопутствующие госпошлины;26667;20000;30000
131301;50;Оптика и очки;Московская область;S;Санитарно-эпидемиологические и иные обязательные документы/согласования, если требуются по формату;10667;5000;15000
131301;50;Оптика и очки;Московская область;M;Санитарно-эпидемиологические и иные обязательные документы/согласования, если требуются по формату;16667;10000;20000
131301;50;Оптика и очки;Московская область;L;Санитарно-эпидемиологические и иные обязательные документы/согласования, если требуются по формату;26667;20000;30000
131301;50;Оптика и очки;Московская область;S;Маркетинг на запуск: реклама и продвижение;41667;25000;50000
131301;50;Оптика и очки;Московская область;M;Маркетинг на запуск: реклама и продвижение;78333;45000;100000
131301;50;Оптика и очки;Московская область;L;Маркетинг на запуск: реклама и продвижение;153333;80000;200000
131301;50;Оптика и очки;Московская область;S;Резерв;46000;18000;70000
131301;50;Оптика и очки;Московская область;M;Резерв;91667;31000;154000
131301;50;Оптика и очки;Московская область;L;Резерв;334000;180000;511000
50303;78;Стоматологическая практика;г.Санкт-Петербург;S;Аренда помещения под стоматологическую клинику + обеспечительный депозит;1516667;1050000;2000000
50303;78;Стоматологическая практика;г.Санкт-Петербург;M;Аренда помещения под стоматологическую клинику + обеспечительный депозит;4216667;3150000;6000000
50303;78;Стоматологическая практика;г.Санкт-Петербург;L;Аренда помещения под стоматологическую клинику + обеспечительный депозит;8783333;6000000;13000000
50303;78;Стоматологическая практика;г.Санкт-Петербург;S;Ремонт и подготовка помещения под санитарные и технологические требования;2133333;1200000;3000000
50303;78;Стоматологическая практика;г.Санкт-Петербург;M;Ремонт и подготовка помещения под санитарные и технологические требования;6100000;2500000;9000000
50303;78;Стоматологическая практика;г.Санкт-Петербург;L;Ремонт и подготовка помещения под санитарные и технологические требования;16333333;4000000;27000000
50303;78;Стоматологическая практика;г.Санкт-Петербург;S;Проектирование и согласование планировки/инженерных решений для стоматологии;416667;300000;500000
50303;78;Стоматологическая практика;г.Санкт-Петербург;M;Проектирование и согласование планировки/инженерных решений для стоматологии;1066667;500000;1500000
50303;78;Стоматологическая практика;г.Санкт-Петербург;L;Проектирование и согласование планировки/инженерных решений для стоматологии;2333333;800000;3200000
50303;78;Стоматологическая практика;г.Санкт-Петербург;S;Стоматологические установки (кресла, блоки врача/ассистента);3100000;2000000;4500000
50303;78;Стоматологическая практика;г.Санкт-Петербург;M;Стоматологические установки (кресла, блоки врача/ассистента);8833333;4000000;12000000
50303;78;Стоматологическая практика;г.Санкт-Петербург;L;Стоматологические установки (кресла, блоки врача/ассистента);22333333;7000000;32000000
50303;78;Стоматологическая практика;г.Санкт-Петербург;S;Рентген-оборудование (визиограф/ортопантомограф/КЛКТ — по формату клиники);916667;800000;1000000
50303;78;Стоматологическая практика;г.Санкт-Петербург;M;Рентген-оборудование (визиограф/ортопантомограф/КЛКТ — по формату клиники);3233333;2000000;4200000
50303;78;Стоматологическая практика;г.Санкт-Петербург;L;Рентген-оборудование (визиограф/ортопантомограф/КЛКТ — по формату клиники);9166667;3000000;16500000
50303;78;Стоматологическая практика;г.Санкт-Петербург;S;Стерилизационное оборудование (автоклав, сухожар, ультразвуковая мойка и др.);583333;500000;650000
50303;78;Стоматологическая практика;г.Санкт-Петербург;M;Стерилизационное оборудование (автоклав, сухожар, ультразвуковая мойка и др.);1433333;1000000;1800000
50303;78;Стоматологическая практика;г.Санкт-Петербург;L;Стерилизационное оборудование (автоклав, сухожар, ультразвуковая мойка и др.);3233333;1500000;4200000
50303;78;Стоматологическая практика;г.Санкт-Петербург;S;Компрессор, аспирация и другое инженерное оборудование;483333;300000;750000
50303;78;Стоматологическая практика;г.Санкт-Петербург;M;Компрессор, аспирация и другое инженерное оборудование;1266667;800000;2200000
50303;78;Стоматологическая практика;г.Санкт-Петербург;L;Компрессор, аспирация и другое инженерное оборудование;2966667;1200000;5200000
50303;78;Стоматологическая практика;г.Санкт-Петербург;S;Мебель и оснащение кабинетов, ресепшен и зоны ожидания;900000;800000;1000000
50303;78;Стоматологическая практика;г.Санкт-Петербург;M;Мебель и оснащение кабинетов, ресепшен и зоны ожидания;2600000;1500000;3500000
50303;78;Стоматологическая практика;г.Санкт-Петербург;L;Мебель и оснащение кабинетов, ресепшен и зоны ожидания;5900000;2500000;9000000
50303;78;Стоматологическая практика;г.Санкт-Петербург;S;Первичный запас стоматологических материалов, расходников и медикаментов;500000;300000;700000
50303;78;Стоматологическая практика;г.Санкт-Петербург;M;Первичный запас стоматологических материалов, расходников и медикаментов;1433333;500000;2000000
50303;78;Стоматологическая практика;г.Санкт-Петербург;L;Первичный запас стоматологических материалов, расходников и медикаментов;3100000;800000;5000000
50303;78;Стоматологическая практика;г.Санкт-Петербург;S;Медицинский инструмент и наборы для старта;450000;200000;650000
50303;78;Стоматологическая практика;г.Санкт-Петербург;M;Медицинский инструмент и наборы для старта;1433333;400000;2000000
50303;78;Стоматологическая практика;г.Санкт-Петербург;L;Медицинский инструмент и наборы для старта;3266667;600000;5000000
50303;78;Стоматологическая практика;г.Санкт-Петербург;S;Регистрация юридического лица / ИП и сопутствующие госпошлины и услуги;63333;50000;90000
50303;78;Стоматологическая практика;г.Санкт-Петербург;M;Регистрация юридического лица / ИП и сопутствующие госпошлины и услуги;193333;100000;300000
50303;78;Стоматологическая практика;г.Санкт-Петербург;L;Регистрация юридического лица / ИП и сопутствующие госпошлины и услуги;500000;150000;1000000
50303;78;Стоматологическая практика;г.Санкт-Петербург;S;Санитарно-эпидемиологическая подготовка и оформление обязательной документации;150000;100000;250000
50303;78;Стоматологическая практика;г.Санкт-Петербург;M;Санитарно-эпидемиологическая подготовка и оформление обязательной документации;416667;200000;650000
50303;78;Стоматологическая практика;г.Санкт-Петербург;L;Санитарно-эпидемиологическая подготовка и оформление обязательной документации;900000;300000;1400000
50303;78;Стоматологическая практика;г.Санкт-Петербург;S;Лицензирование медицинской деятельности;160000;100000;200000
50303;78;Стоматологическая практика;г.Санкт-Петербург;M;Лицензирование медицинской деятельности;383333;300000;450000
50303;78;Стоматологическая практика;г.Санкт-Петербург;L;Лицензирование медицинской деятельности;800000;500000;1000000
50303;78;Стоматологическая практика;г.Санкт-Петербург;S;Вывеска и внешнее оформление клиники;190000;150000;220000
50303;78;Стоматологическая практика;г.Санкт-Петербург;M;Вывеска и внешнее оформление клиники;450000;300000;550000
50303;78;Стоматологическая практика;г.Санкт-Петербург;L;Вывеска и внешнее оформление клиники;1066667;500000;1500000
50303;78;Стоматологическая практика;г.Санкт-Петербург;S;Запуск рекламы и продвижения на старте;616667;400000;1000000
50303;78;Стоматологическая практика;г.Санкт-Петербург;M;Запуск рекламы и продвижения на старте;1600000;1300000;2000000
50303;78;Стоматологическая практика;г.Санкт-Петербург;L;Запуск рекламы и продвижения на старте;3333333;3000000;4000000
50303;78;Стоматологическая практика;г.Санкт-Петербург;S;Касса, POS-оборудование, компьютерная техника и медицинское/учетное ПО;506667;500000;520000
50303;78;Стоматологическая практика;г.Санкт-Петербург;M;Касса, POS-оборудование, компьютерная техника и медицинское/учетное ПО;1300000;1000000;1500000
50303;78;Стоматологическая практика;г.Санкт-Петербург;L;Касса, POS-оборудование, компьютерная техника и медицинское/учетное ПО;2733333;1500000;3500000
50303;78;Стоматологическая практика;г.Санкт-Петербург;S;Резерв;1216333;1000000;1409000
50303;78;Стоматологическая практика;г.Санкт-Петербург;M;Резерв;2957333;2000000;3896000
50303;78;Стоматологическая практика;г.Санкт-Петербург;L;Резерв;8898667;3000000;12528000
50303;5401;Стоматологическая практика;Новосибирск;S;Аренда помещения под стоматологическую клинику + обеспечительный депозит;966667;500000;1500000
50303;5401;Стоматологическая практика;Новосибирск;M;Аренда помещения под стоматологическую клинику + обеспечительный депозит;2700000;1200000;4500000
50303;5401;Стоматологическая практика;Новосибирск;L;Аренда помещения под стоматологическую клинику + обеспечительный депозит;6233333;2500000;12000000
50303;5401;Стоматологическая практика;Новосибирск;S;Ремонт и подготовка помещения под санитарные и технологические требования;1400000;800000;2000000
50303;5401;Стоматологическая практика;Новосибирск;M;Ремонт и подготовка помещения под санитарные и технологические требования;4366667;2400000;6500000
50303;5401;Стоматологическая практика;Новосибирск;L;Ремонт и подготовка помещения под санитарные и технологические требования;11000000;6000000;15000000
50303;5401;Стоматологическая практика;Новосибирск;S;Проектирование и согласование планировки/инженерных решений для стоматологии;266667;250000;300000
50303;5401;Стоматологическая практика;Новосибирск;M;Проектирование и согласование планировки/инженерных решений для стоматологии;700000;500000;900000
50303;5401;Стоматологическая практика;Новосибирск;L;Проектирование и согласование планировки/инженерных решений для стоматологии;1766667;1500000;2000000
50303;5401;Стоматологическая практика;Новосибирск;S;Стоматологические установки (кресла, блоки врача/ассистента);2033333;1500000;2500000
50303;5401;Стоматологическая практика;Новосибирск;M;Стоматологические установки (кресла, блоки врача/ассистента);6600000;4500000;9000000
50303;5401;Стоматологическая практика;Новосибирск;L;Стоматологические установки (кресла, блоки врача/ассистента);18600000;12000000;27000000
50303;5401;Стоматологическая практика;Новосибирск;S;Рентген-оборудование (визиограф/ортопантомограф/КЛКТ — по формату клиники);550000;500000;600000
50303;5401;Стоматологическая практика;Новосибирск;M;Рентген-оборудование (визиограф/ортопантомограф/КЛКТ — по формату клиники);1933333;1500000;2500000
50303;5401;Стоматологическая практика;Новосибирск;L;Рентген-оборудование (визиограф/ортопантомограф/КЛКТ — по формату клиники);6666667;3000000;12000000
50303;5401;Стоматологическая практика;Новосибирск;S;Стерилизационное оборудование (автоклав, сухожар, ультразвуковая мойка и др.);300000;200000;350000
50303;5401;Стоматологическая практика;Новосибирск;M;Стерилизационное оборудование (автоклав, сухожар, ультразвуковая мойка и др.);833333;600000;1000000
50303;5401;Стоматологическая практика;Новосибирск;L;Стерилизационное оборудование (автоклав, сухожар, ультразвуковая мойка и др.);2066667;1500000;2500000
50303;5401;Стоматологическая практика;Новосибирск;S;Компрессор, аспирация и другое инженерное оборудование;356667;200000;450000
50303;5401;Стоматологическая практика;Новосибирск;M;Компрессор, аспирация и другое инженерное оборудование;1000000;600000;1200000
50303;5401;Стоматологическая практика;Новосибирск;L;Компрессор, аспирация и другое инженерное оборудование;2533333;1500000;3100000
50303;5401;Стоматологическая практика;Новосибирск;S;Мебель и оснащение кабинетов, ресепшен и зоны ожидания;433333;300000;500000
50303;5401;Стоматологическая практика;Новосибирск;M;Мебель и оснащение кабинетов, ресепшен и зоны ожидания;1333333;900000;1600000
50303;5401;Стоматологическая практика;Новосибирск;L;Мебель и оснащение кабинетов, ресепшен и зоны ожидания;3200000;2000000;4000000
50303;5401;Стоматологическая практика;Новосибирск;S;Первичный запас стоматологических материалов, расходников и медикаментов;300000;100000;450000
50303;5401;Стоматологическая практика;Новосибирск;M;Первичный запас стоматологических материалов, расходников и медикаментов;933333;300000;1500000
50303;5401;Стоматологическая практика;Новосибирск;L;Первичный запас стоматологических материалов, расходников и медикаментов;2333333;500000;3500000
50303;5401;Стоматологическая практика;Новосибирск;S;Медицинский инструмент и наборы для старта;223333;100000;320000
50303;5401;Стоматологическая практика;Новосибирск;M;Медицинский инструмент и наборы для старта;666667;300000;1000000
50303;5401;Стоматологическая практика;Новосибирск;L;Медицинский инструмент и наборы для старта;1633333;500000;2400000
50303;5401;Стоматологическая практика;Новосибирск;S;Регистрация юридического лица / ИП и сопутствующие госпошлины и услуги;43333;40000;50000
50303;5401;Стоматологическая практика;Новосибирск;M;Регистрация юридического лица / ИП и сопутствующие госпошлины и услуги;110000;80000;150000
50303;5401;Стоматологическая практика;Новосибирск;L;Регистрация юридического лица / ИП и сопутствующие госпошлины и услуги;193333;100000;300000
50303;5401;Стоматологическая практика;Новосибирск;S;Санитарно-эпидемиологическая подготовка и оформление обязательной документации;113333;60000;180000
50303;5401;Стоматологическая практика;Новосибирск;M;Санитарно-эпидемиологическая подготовка и оформление обязательной документации;300000;150000;450000
50303;5401;Стоматологическая практика;Новосибирск;L;Санитарно-эпидемиологическая подготовка и оформление обязательной документации;566667;300000;900000
50303;5401;Стоматологическая практика;Новосибирск;S;Лицензирование медицинской деятельности;156667;120000;200000
50303;5401;Стоматологическая практика;Новосибирск;M;Лицензирование медицинской деятельности;400000;300000;600000
50303;5401;Стоматологическая практика;Новосибирск;L;Лицензирование медицинской деятельности;666667;500000;1000000
50303;5401;Стоматологическая практика;Новосибирск;S;Вывеска и внешнее оформление клиники;106667;100000;120000
50303;5401;Стоматологическая практика;Новосибирск;M;Вывеска и внешнее оформление клиники;283333;250000;300000
50303;5401;Стоматологическая практика;Новосибирск;L;Вывеска и внешнее оформление клиники;566667;500000;700000
50303;5401;Стоматологическая практика;Новосибирск;S;Запуск рекламы и продвижения на старте;316667;200000;500000
50303;5401;Стоматологическая практика;Новосибирск;M;Запуск рекламы и продвижения на старте;933333;500000;1500000
50303;5401;Стоматологическая практика;Новосибирск;L;Запуск рекламы и продвижения на старте;1933333;1000000;3000000
50303;5401;Стоматологическая практика;Новосибирск;S;Касса, POS-оборудование, компьютерная техника и медицинское/учетное ПО;283333;200000;350000
50303;5401;Стоматологическая практика;Новосибирск;M;Касса, POS-оборудование, компьютерная техника и медицинское/учетное ПО;783333;600000;1100000
50303;5401;Стоматологическая практика;Новосибирск;L;Касса, POS-оборудование, компьютерная техника и медицинское/учетное ПО;1800000;1500000;2400000
50303;5401;Стоматологическая практика;Новосибирск;S;Резерв;528667;309000;777000
50303;5401;Стоматологическая практика;Новосибирск;M;Резерв;1431333;307000;2487000
50303;5401;Стоматологическая практика;Новосибирск;L;Резерв;3487333;1631000;5831000
100101;50;Аренда и управление собственным или арендованным недвижимым имуществом;Московская область;S;Регистрация юридического лица / ИП и сопутствующие госпошлины;5667;5000;7000
100101;50;Аренда и управление собственным или арендованным недвижимым имуществом;Московская область;M;Регистрация юридического лица / ИП и сопутствующие госпошлины;12333;7000;15000
100101;50;Аренда и управление собственным или арендованным недвижимым имуществом;Московская область;L;Регистрация юридического лица / ИП и сопутствующие госпошлины;21667;10000;30000
100101;50;Аренда и управление собственным или арендованным недвижимым имуществом;Московская область;S;Подготовка учредительных документов, нотариальные и юридические услуги;13333;10000;15000
100101;50;Аренда и управление собственным или арендованным недвижимым имуществом;Московская область;M;Подготовка учредительных документов, нотариальные и юридические услуги;41667;35000;50000
100101;50;Аренда и управление собственным или арендованным недвижимым имуществом;Московская область;L;Подготовка учредительных документов, нотариальные и юридические услуги;86667;60000;120000
100101;50;Аренда и управление собственным или арендованным недвижимым имуществом;Московская область;S;Аренда офиса / помещения для управления недвижимостью и обеспечительный депозит;70000;60000;90000
100101;50;Аренда и управление собственным или арендованным недвижимым имуществом;Московская область;M;Аренда офиса / помещения для управления недвижимостью и обеспечительный депозит;340000;300000;420000
100101;50;Аренда и управление собственным или арендованным недвижимым имуществом;Московская область;L;Аренда офиса / помещения для управления недвижимостью и обеспечительный депозит;1160000;600000;1680000
100101;50;Аренда и управление собственным или арендованным недвижимым имуществом;Московская область;S;Ремонт, косметическая подготовка и адаптация офиса / помещения под офис;21667;20000;25000
100101;50;Аренда и управление собственным или арендованным недвижимым имуществом;Московская область;M;Ремонт, косметическая подготовка и адаптация офиса / помещения под офис;143333;100000;180000
100101;50;Аренда и управление собственным или арендованным недвижимым имуществом;Московская область;L;Ремонт, косметическая подготовка и адаптация офиса / помещения под офис;566667;200000;900000
100101;50;Аренда и управление собственным или арендованным недвижимым имуществом;Московская область;S;Мебель для офиса и рабочие места сотрудников;28333;20000;35000
100101;50;Аренда и управление собственным или арендованным недвижимым имуществом;Московская область;M;Мебель для офиса и рабочие места сотрудников;183333;80000;250000
100101;50;Аренда и управление собственным или арендованным недвижимым имуществом;Московская область;L;Мебель для офиса и рабочие места сотрудников;576667;150000;800000
100101;50;Аренда и управление собственным или арендованным недвижимым имуществом;Московская область;S;Компьютеры, ноутбуки, оргтехника и периферия;33333;30000;40000
100101;50;Аренда и управление собственным или арендованным недвижимым имуществом;Московская область;M;Компьютеры, ноутбуки, оргтехника и периферия;226667;100000;300000
100101;50;Аренда и управление собственным или арендованным недвижимым имуществом;Московская область;L;Компьютеры, ноутбуки, оргтехника и периферия;773333;200000;1120000
100101;50;Аренда и управление собственным или арендованным недвижимым имуществом;Московская область;S;Телефония, интернет и коммуникационное оборудование;11000;8000;15000
100101;50;Аренда и управление собственным или арендованным недвижимым имуществом;Московская область;M;Телефония, интернет и коммуникационное оборудование;38333;25000;60000
100101;50;Аренда и управление собственным или арендованным недвижимым имуществом;Московская область;L;Телефония, интернет и коммуникационное оборудование;105000;50000;200000
100101;50;Аренда и управление собственным или арендованным недвижимым имуществом;Московская область;S;Ключевое профильное ПО для управления недвижимостью, CRM / учет арендных договоров;17333;12000;20000
100101;50;Аренда и управление собственным или арендованным недвижимым имуществом;Московская область;M;Ключевое профильное ПО для управления недвижимостью, CRM / учет арендных договоров;90000;60000;150000
100101;50;Аренда и управление собственным или арендованным недвижимым имуществом;Московская область;L;Ключевое профильное ПО для управления недвижимостью, CRM / учет арендных договоров;260000;100000;500000
100101;50;Аренда и управление собственным или арендованным недвижимым имуществом;Московская область;S;Настройка и внедрение учетной системы, интеграция сервисов;10000;10000;10000
100101;50;Аренда и управление собственным или арендованным недвижимым имуществом;Московская область;M;Настройка и внедрение учетной системы, интеграция сервисов;66667;30000;90000
100101;50;Аренда и управление собственным или арендованным недвижимым имуществом;Московская область;L;Настройка и внедрение учетной системы, интеграция сервисов;200000;50000;300000
100101;50;Аренда и управление собственным или арендованным недвижимым имуществом;Московская область;S;Создание корпоративного сайта и базовых цифровых каналов присутствия;19333;15000;25000
100101;50;Аренда и управление собственным или арендованным недвижимым имуществом;Московская область;M;Создание корпоративного сайта и базовых цифровых каналов присутствия;96667;50000;120000
100101;50;Аренда и управление собственным или арендованным недвижимым имуществом;Московская область;L;Создание корпоративного сайта и базовых цифровых каналов присутствия;283333;100000;400000
100101;50;Аренда и управление собственным или арендованным недвижимым имуществом;Московская область;S;Вывеска, навигация и фирменное оформление офиса;10667;7000;15000
100101;50;Аренда и управление собственным или арендованным недвижимым имуществом;Московская область;M;Вывеска, навигация и фирменное оформление офиса;46667;20000;80000
100101;50;Аренда и управление собственным или арендованным недвижимым имуществом;Московская область;L;Вывеска, навигация и фирменное оформление офиса;146667;50000;250000
100101;50;Аренда и управление собственным или арендованным недвижимым имуществом;Московская область;S;Реклама и продвижение на запуске;28333;25000;30000
100101;50;Аренда и управление собственным или арендованным недвижимым имуществом;Московская область;M;Реклама и продвижение на запуске;173333;100000;220000
100101;50;Аренда и управление собственным или арендованным недвижимым имуществом;Московская область;L;Реклама и продвижение на запуске;700000;200000;1000000
100101;50;Аренда и управление собственным или арендованным недвижимым имуществом;Московская область;S;Юридическая подготовка типовых договоров аренды, актов и шаблонов документов;11667;10000;15000
100101;50;Аренда и управление собственным или арендованным недвижимым имуществом;Московская область;M;Юридическая подготовка типовых договоров аренды, актов и шаблонов документов;35000;20000;45000
100101;50;Аренда и управление собственным или арендованным недвижимым имуществом;Московская область;L;Юридическая подготовка типовых договоров аренды, актов и шаблонов документов;86667;30000;130000
100101;50;Аренда и управление собственным или арендованным недвижимым имуществом;Московская область;S;Расходы на первичный осмотр, фотофиксацию и оценку объектов недвижимости;11667;9000;16000
100101;50;Аренда и управление собственным или арендованным недвижимым имуществом;Московская область;M;Расходы на первичный осмотр, фотофиксацию и оценку объектов недвижимости;65000;30000;100000
100101;50;Аренда и управление собственным или арендованным недвижимым имуществом;Московская область;L;Расходы на первичный осмотр, фотофиксацию и оценку объектов недвижимости;243333;50000;500000
100101;50;Аренда и управление собственным или арендованным недвижимым имуществом;Московская область;S;Резерв;26667;20000;31000
100101;50;Аренда и управление собственным или арендованным недвижимым имуществом;Московская область;M;Резерв;232333;200000;297000
100101;50;Аренда и управление собственным или арендованным недвижимым имуществом;Московская область;L;Резерв;737667;500000;913000
150202;5401;Строительство жилых и нежилых зданий;Новосибирск;S;Регистрация юридического лица / ИП, госпошлины, нотариальные и сервисные расходы;35000;15000;50000
150202;5401;Строительство жилых и нежилых зданий;Новосибирск;M;Регистрация юридического лица / ИП, госпошлины, нотариальные и сервисные расходы;63333;30000;100000
150202;5401;Строительство жилых и нежилых зданий;Новосибирск;L;Регистрация юридического лица / ИП, госпошлины, нотариальные и сервисные расходы;140000;100000;200000
150202;5401;Строительство жилых и нежилых зданий;Новосибирск;S;Открытие расчётного счёта, выпуск КЭП, подключение к электронному документообороту;30000;10000;50000
150202;5401;Строительство жилых и нежилых зданий;Новосибирск;M;Открытие расчётного счёта, выпуск КЭП, подключение к электронному документообороту;63333;20000;120000
150202;5401;Строительство жилых и нежилых зданий;Новосибирск;L;Открытие расчётного счёта, выпуск КЭП, подключение к электронному документообороту;143333;50000;300000
150202;5401;Строительство жилых и нежилых зданий;Новосибирск;S;Аренда офиса / производственной базы / склада + обеспечительный депозит;223333;150000;320000
150202;5401;Строительство жилых и нежилых зданий;Новосибирск;M;Аренда офиса / производственной базы / склада + обеспечительный депозит;1100000;500000;1800000
150202;5401;Строительство жилых и нежилых зданий;Новосибирск;L;Аренда офиса / производственной базы / склада + обеспечительный депозит;5266667;1000000;9800000
150202;5401;Строительство жилых и нежилых зданий;Новосибирск;S;Аренда или подготовка строительной площадки / бытового городка / временных помещений на объекте;176667;150000;200000
150202;5401;Строительство жилых и нежилых зданий;Новосибирск;M;Аренда или подготовка строительной площадки / бытового городка / временных помещений на объекте;816667;600000;1000000
150202;5401;Строительство жилых и нежилых зданий;Новосибирск;L;Аренда или подготовка строительной площадки / бытового городка / временных помещений на объекте;3400000;3000000;4200000
150202;5401;Строительство жилых и нежилых зданий;Новосибирск;S;Проектные, изыскательские и предпроектные работы;173333;100000;300000
150202;5401;Строительство жилых и нежилых зданий;Новосибирск;M;Проектные, изыскательские и предпроектные работы;1133333;500000;2000000
150202;5401;Строительство жилых и нежилых зданий;Новосибирск;L;Проектные, изыскательские и предпроектные работы;8166667;2000000;15000000
150202;5401;Строительство жилых и нежилых зданий;Новосибирск;S;Согласование проектной документации, получение необходимых разрешений на строительство и ввод (по проекту);110000;80000;150000
150202;5401;Строительство жилых и нежилых зданий;Новосибирск;M;Согласование проектной документации, получение необходимых разрешений на строительство и ввод (по проекту);383333;300000;500000
150202;5401;Строительство жилых и нежилых зданий;Новосибирск;L;Согласование проектной документации, получение необходимых разрешений на строительство и ввод (по проекту);2433333;500000;5000000
150202;5401;Строительство жилых и нежилых зданий;Новосибирск;S;Подключение и организация временного электроснабжения, водоснабжения, связи на объекте;70000;50000;110000
150202;5401;Строительство жилых и нежилых зданий;Новосибирск;M;Подключение и организация временного электроснабжения, водоснабжения, связи на объекте;316667;200000;450000
150202;5401;Строительство жилых и нежилых зданий;Новосибирск;L;Подключение и организация временного электроснабжения, водоснабжения, связи на объекте;1566667;500000;2200000
150202;5401;Строительство жилых и нежилых зданий;Новосибирск;S;Строительные машины и механизмы: покупка / аренда / лизинг (экскаватор, автокран, погрузчик, бетоносмесительная техника и т.п.);533333;400000;700000
150202;5401;Строительство жилых и нежилых зданий;Новосибирск;M;Строительные машины и механизмы: покупка / аренда / лизинг (экскаватор, автокран, погрузчик, бетоносмесительная техника и т.п.);3833333;2000000;6500000
150202;5401;Строительство жилых и нежилых зданий;Новосибирск;L;Строительные машины и механизмы: покупка / аренда / лизинг (экскаватор, автокран, погрузчик, бетоносмесительная техника и т.п.);24000000;5000000;42000000
150202;5401;Строительство жилых и нежилых зданий;Новосибирск;S;Строительный инструмент, ручной и электроинструмент;130000;100000;150000
150202;5401;Строительство жилых и нежилых зданий;Новосибирск;M;Строительный инструмент, ручной и электроинструмент;450000;200000;650000
150202;5401;Строительство жилых и нежилых зданий;Новосибирск;L;Строительный инструмент, ручной и электроинструмент;1666667;500000;2500000
150202;5401;Строительство жилых и нежилых зданий;Новосибирск;S;Опалубка, леса, инвентарные приспособления и оснастка;186667;160000;200000
150202;5401;Строительство жилых и нежилых зданий;Новосибирск;M;Опалубка, леса, инвентарные приспособления и оснастка;750000;500000;950000
150202;5401;Строительство жилых и нежилых зданий;Новосибирск;L;Опалубка, леса, инвентарные приспособления и оснастка;3733333;1000000;5200000
150202;5401;Строительство жилых и нежилых зданий;Новосибирск;S;Первичный запас основных материалов и расходников для старта работ;360000;200000;500000
150202;5401;Строительство жилых и нежилых зданий;Новосибирск;M;Первичный запас основных материалов и расходников для старта работ;2733333;1000000;4000000
150202;5401;Строительство жилых и нежилых зданий;Новосибирск;L;Первичный запас основных материалов и расходников для старта работ;19666667;3000000;30000000
150202;5401;Строительство жилых и нежилых зданий;Новосибирск;S;ГСМ, технические жидкости и расходные материалы для техники;63333;50000;90000
150202;5401;Строительство жилых и нежилых зданий;Новосибирск;M;ГСМ, технические жидкости и расходные материалы для техники;306667;100000;520000
150202;5401;Строительство жилых и нежилых зданий;Новосибирск;L;ГСМ, технические жидкости и расходные материалы для техники;2100000;200000;3100000
150202;5401;Строительство жилых и нежилых зданий;Новосибирск;S;Средства индивидуальной защиты, спецодежда и охрана труда;50000;30000;70000
150202;5401;Строительство жилых и нежилых зданий;Новосибирск;M;Средства индивидуальной защиты, спецодежда и охрана труда;146667;100000;240000
150202;5401;Строительство жилых и нежилых зданий;Новосибирск;L;Средства индивидуальной защиты, спецодежда и охрана труда;550000;200000;950000
150202;5401;Строительство жилых и нежилых зданий;Новосибирск;S;Транспорт и логистика: аренда/лизинг грузового транспорта, доставка материалов;106667;100000;120000
150202;5401;Строительство жилых и нежилых зданий;Новосибирск;M;Транспорт и логистика: аренда/лизинг грузового транспорта, доставка материалов;766667;200000;1100000
150202;5401;Строительство жилых и нежилых зданий;Новосибирск;L;Транспорт и логистика: аренда/лизинг грузового транспорта, доставка материалов;4966667;500000;8000000
150202;5401;Строительство жилых и нежилых зданий;Новосибирск;S;Учетное, проектное и строительное ПО, лицензии на программные продукты;46667;30000;60000
150202;5401;Строительство жилых и нежилых зданий;Новосибирск;M;Учетное, проектное и строительное ПО, лицензии на программные продукты;193333;100000;280000
150202;5401;Строительство жилых и нежилых зданий;Новосибирск;L;Учетное, проектное и строительное ПО, лицензии на программные продукты;800000;200000;1200000
150202;5401;Строительство жилых и нежилых зданий;Новосибирск;S;Системы связи и оргтехника: компьютеры, принтеры, телефония, интернет;76667;50000;130000
150202;5401;Строительство жилых и нежилых зданий;Новосибирск;M;Системы связи и оргтехника: компьютеры, принтеры, телефония, интернет;240000;100000;420000
150202;5401;Строительство жилых и нежилых зданий;Новосибирск;L;Системы связи и оргтехника: компьютеры, принтеры, телефония, интернет;866667;200000;1400000
150202;5401;Строительство жилых и нежилых зданий;Новосибирск;S;Маркетинг на запуск: сайт, презентационные материалы, реклама и тендерное продвижение;66667;50000;100000
150202;5401;Строительство жилых и нежилых зданий;Новосибирск;M;Маркетинг на запуск: сайт, презентационные материалы, реклама и тендерное продвижение;253333;200000;300000
150202;5401;Строительство жилых и нежилых зданий;Новосибирск;L;Маркетинг на запуск: сайт, презентационные материалы, реклама и тендерное продвижение;1200000;500000;2000000
150202;5401;Строительство жилых и нежилых зданий;Новосибирск;S;Вывеска, наружная идентификация и фирменное оформление;33333;20000;50000
150202;5401;Строительство жилых и нежилых зданий;Новосибирск;M;Вывеска, наружная идентификация и фирменное оформление;80000;50000;100000
150202;5401;Строительство жилых и нежилых зданий;Новосибирск;L;Вывеска, наружная идентификация и фирменное оформление;206667;200000;220000
150202;5401;Строительство жилых и нежилых зданий;Новосибирск;S;Банковские гарантии, обеспечительные взносы по контрактам и участие в закупках;133333;50000;250000
150202;5401;Строительство жилых и нежилых зданий;Новосибирск;M;Банковские гарантии, обеспечительные взносы по контрактам и участие в закупках;800000;500000;1400000
150202;5401;Строительство жилых и нежилых зданий;Новосибирск;L;Банковские гарантии, обеспечительные взносы по контрактам и участие в закупках;5666667;1000000;11000000
150202;5401;Строительство жилых и нежилых зданий;Новосибирск;S;Резерв;201000;100000;299000
150202;5401;Строительство жилых и нежилых зданий;Новосибирск;M;Резерв;1492667;500000;2324000
150202;5401;Строительство жилых и нежилых зданий;Новосибирск;L;Резерв;11364333;1000000;20080000
20206;3601;Кафе;Воронеж;S;Аренда помещения и обеспечительный депозит;206667;180000;240000
20206;3601;Кафе;Воронеж;M;Аренда помещения и обеспечительный депозит;436667;350000;600000
20206;3601;Кафе;Воронеж;L;Аренда помещения и обеспечительный депозит;890000;720000;1200000
20206;3601;Кафе;Воронеж;S;Ремонт, отделка и подготовка помещения;236667;200000;300000
20206;3601;Кафе;Воронеж;M;Ремонт, отделка и подготовка помещения;590000;400000;750000
20206;3601;Кафе;Воронеж;L;Ремонт, отделка и подготовка помещения;1383333;800000;1900000
20206;3601;Кафе;Воронеж;S;Проектирование и согласование планировки, технологический проект;53333;50000;60000
20206;3601;Кафе;Воронеж;M;Проектирование и согласование планировки, технологический проект;110000;100000;120000
20206;3601;Кафе;Воронеж;L;Проектирование и согласование планировки, технологический проект;193333;180000;200000
20206;3601;Кафе;Воронеж;S;Ключевое профильное оборудование для кафе (кофемашина, кофемолка, холодильное, тепловое, нейтральное оборудование);336667;300000;360000
20206;3601;Кафе;Воронеж;M;Ключевое профильное оборудование для кафе (кофемашина, кофемолка, холодильное, тепловое, нейтральное оборудование);843333;600000;980000
20206;3601;Кафе;Воронеж;L;Ключевое профильное оборудование для кафе (кофемашина, кофемолка, холодильное, тепловое, нейтральное оборудование);1950000;1200000;2350000
20206;3601;Кафе;Воронеж;S;Мебель и интерьерное оснащение зала;173333;120000;200000
20206;3601;Кафе;Воронеж;M;Мебель и интерьерное оснащение зала;403333;360000;450000
20206;3601;Кафе;Воронеж;L;Мебель и интерьерное оснащение зала;960000;800000;1100000
20206;3601;Кафе;Воронеж;S;Посуда, инвентарь и мелкий кухонный инвентарь;56667;50000;70000
20206;3601;Кафе;Воронеж;M;Посуда, инвентарь и мелкий кухонный инвентарь;133333;100000;170000
20206;3601;Кафе;Воронеж;L;Посуда, инвентарь и мелкий кухонный инвентарь;286667;200000;380000
20206;3601;Кафе;Воронеж;S;Первичный запас сырья, продуктов и расходных материалов;73333;50000;90000
20206;3601;Кафе;Воронеж;M;Первичный запас сырья, продуктов и расходных материалов;153333;100000;180000
20206;3601;Кафе;Воронеж;L;Первичный запас сырья, продуктов и расходных материалов;303333;200000;360000
20206;3601;Кафе;Воронеж;S;Регистрация бизнеса и сопутствующие госпошлины;15000;10000;20000
20206;3601;Кафе;Воронеж;M;Регистрация бизнеса и сопутствующие госпошлины;21667;15000;30000
20206;3601;Кафе;Воронеж;L;Регистрация бизнеса и сопутствующие госпошлины;33333;20000;50000
20206;3601;Кафе;Воронеж;S;Разрешительная документация и обязательные уведомления для общепита;23333;15000;30000
20206;3601;Кафе;Воронеж;M;Разрешительная документация и обязательные уведомления для общепита;40000;25000;50000
20206;3601;Кафе;Воронеж;L;Разрешительная документация и обязательные уведомления для общепита;70000;40000;100000
20206;3601;Кафе;Воронеж;S;Маркетинг: вывеска и наружное оформление;60000;30000;80000
20206;3601;Кафе;Воронеж;M;Маркетинг: вывеска и наружное оформление;126667;70000;160000
20206;3601;Кафе;Воронеж;L;Маркетинг: вывеска и наружное оформление;273333;200000;320000
20206;3601;Кафе;Воронеж;S;Маркетинг: реклама на запуск;53333;20000;80000
20206;3601;Кафе;Воронеж;M;Маркетинг: реклама на запуск;116667;80000;150000
20206;3601;Кафе;Воронеж;L;Маркетинг: реклама на запуск;256667;220000;300000
20206;3601;Кафе;Воронеж;S;Касса, POS-оборудование и учетное ПО;46667;30000;80000
20206;3601;Кафе;Воронеж;M;Касса, POS-оборудование и учетное ПО;93333;50000;170000
20206;3601;Кафе;Воронеж;L;Касса, POS-оборудование и учетное ПО;150000;90000;260000
20206;3601;Кафе;Воронеж;S;Монтаж, доставка и пусконаладка оборудования;46667;25000;75000
20206;3601;Кафе;Воронеж;M;Монтаж, доставка и пусконаладка оборудования;90000;50000;140000
20206;3601;Кафе;Воронеж;L;Монтаж, доставка и пусконаладка оборудования;160000;70000;260000
20206;3601;Кафе;Воронеж;S;Резерв;130000;38000;252000
20206;3601;Кафе;Воронеж;M;Резерв;211667;60000;375000
20206;3601;Кафе;Воронеж;L;Резерв;490000;300000;825000
20206;78;Кафе;г.Санкт-Петербург;S;Аренда помещения и обеспечительный депозит;416667;400000;450000
20206;78;Кафе;г.Санкт-Петербург;M;Аренда помещения и обеспечительный депозит;950000;900000;1000000
20206;78;Кафе;г.Санкт-Петербург;L;Аренда помещения и обеспечительный депозит;2066667;1800000;2400000
20206;78;Кафе;г.Санкт-Петербург;S;Ремонт, отделка и подготовка помещения;566667;450000;650000
20206;78;Кафе;г.Санкт-Петербург;M;Ремонт, отделка и подготовка помещения;1366667;1100000;1500000
20206;78;Кафе;г.Санкт-Петербург;L;Ремонт, отделка и подготовка помещения;3066667;2800000;3400000
20206;78;Кафе;г.Санкт-Петербург;S;Проектирование и согласование планировки, технологический проект;100000;80000;120000
20206;78;Кафе;г.Санкт-Петербург;M;Проектирование и согласование планировки, технологический проект;186667;180000;200000
20206;78;Кафе;г.Санкт-Петербург;L;Проектирование и согласование планировки, технологический проект;370000;260000;450000
20206;78;Кафе;г.Санкт-Петербург;S;Ключевое профильное оборудование для кафе (кофемашина, кофемолка, холодильное, тепловое, нейтральное оборудование);603333;500000;760000
20206;78;Кафе;г.Санкт-Петербург;M;Ключевое профильное оборудование для кафе (кофемашина, кофемолка, холодильное, тепловое, нейтральное оборудование);1466667;1200000;1700000
20206;78;Кафе;г.Санкт-Петербург;L;Ключевое профильное оборудование для кафе (кофемашина, кофемолка, холодильное, тепловое, нейтральное оборудование);3366667;2500000;3800000
20206;78;Кафе;г.Санкт-Петербург;S;Мебель и интерьерное оснащение зала;270000;250000;300000
20206;78;Кафе;г.Санкт-Петербург;M;Мебель и интерьерное оснащение зала;726667;700000;780000
20206;78;Кафе;г.Санкт-Петербург;L;Мебель и интерьерное оснащение зала;1733333;1500000;1900000
20206;78;Кафе;г.Санкт-Петербург;S;Посуда, инвентарь и мелкий кухонный инвентарь;96667;90000;100000
20206;78;Кафе;г.Санкт-Петербург;M;Посуда, инвентарь и мелкий кухонный инвентарь;210000;180000;250000
20206;78;Кафе;г.Санкт-Петербург;L;Посуда, инвентарь и мелкий кухонный инвентарь;390000;320000;450000
20206;78;Кафе;г.Санкт-Петербург;S;Первичный запас сырья, продуктов и расходных материалов;123333;50000;200000
20206;78;Кафе;г.Санкт-Петербург;M;Первичный запас сырья, продуктов и расходных материалов;240000;100000;400000
20206;78;Кафе;г.Санкт-Петербург;L;Первичный запас сырья, продуктов и расходных материалов;506667;200000;900000
20206;78;Кафе;г.Санкт-Петербург;S;Регистрация бизнеса и сопутствующие госпошлины;20000;15000;25000
20206;78;Кафе;г.Санкт-Петербург;M;Регистрация бизнеса и сопутствующие госпошлины;30000;25000;35000
20206;78;Кафе;г.Санкт-Петербург;L;Регистрация бизнеса и сопутствующие госпошлины;46667;40000;50000
20206;78;Кафе;г.Санкт-Петербург;S;Разрешительная документация и обязательные уведомления для общепита;43333;40000;50000
20206;78;Кафе;г.Санкт-Петербург;M;Разрешительная документация и обязательные уведомления для общепита;76667;70000;80000
20206;78;Кафе;г.Санкт-Петербург;L;Разрешительная документация и обязательные уведомления для общепита;130000;100000;150000
20206;78;Кафе;г.Санкт-Петербург;S;Маркетинг: вывеска и наружное оформление;113333;100000;140000
20206;78;Кафе;г.Санкт-Петербург;M;Маркетинг: вывеска и наружное оформление;220000;200000;260000
20206;78;Кафе;г.Санкт-Петербург;L;Маркетинг: вывеска и наружное оформление;400000;300000;450000
20206;78;Кафе;г.Санкт-Петербург;S;Маркетинг: реклама на запуск;113333;90000;150000
20206;78;Кафе;г.Санкт-Петербург;M;Маркетинг: реклама на запуск;226667;180000;300000
20206;78;Кафе;г.Санкт-Петербург;L;Маркетинг: реклама на запуск;466667;300000;800000
20206;78;Кафе;г.Санкт-Петербург;S;Касса, POS-оборудование и учетное ПО;66667;50000;80000
20206;78;Кафе;г.Санкт-Петербург;M;Касса, POS-оборудование и учетное ПО;140000;100000;180000
20206;78;Кафе;г.Санкт-Петербург;L;Касса, POS-оборудование и учетное ПО;280000;200000;400000
20206;78;Кафе;г.Санкт-Петербург;S;Монтаж, доставка и пусконаладка оборудования;113333;60000;180000
20206;78;Кафе;г.Санкт-Петербург;M;Монтаж, доставка и пусконаладка оборудования;223333;150000;320000
20206;78;Кафе;г.Санкт-Петербург;L;Монтаж, доставка и пусконаладка оборудования;400000;250000;650000
20206;78;Кафе;г.Санкт-Петербург;S;Резерв;274667;163000;348000
20206;78;Кафе;г.Санкт-Петербург;M;Резерв;529667;218000;813000
20206;78;Кафе;г.Санкт-Петербург;L;Резерв;1306667;1020000;1800000
60303;10;Деятельность фитнес-центров;Республика Карелия;S;Аренда помещения и обеспечительный депозит;1189600;1034400;1500000
60303;10;Деятельность фитнес-центров;Республика Карелия;M;Аренда помещения и обеспечительный депозит;4539867;4309800;5000000
60303;10;Деятельность фитнес-центров;Республика Карелия;L;Аренда помещения и обеспечительный депозит;15343700;15000000;15515550
60303;10;Деятельность фитнес-центров;Республика Карелия;S;Ремонт, отделка и подготовка помещения под фитнес-центр;1298773;1000000;1517120
60303;10;Деятельность фитнес-центров;Республика Карелия;M;Ремонт, отделка и подготовка помещения под фитнес-центр;5026160;3000000;6332080
60303;10;Деятельность фитнес-центров;Республика Карелия;L;Ремонт, отделка и подготовка помещения под фитнес-центр;17188097;8000000;22876890
60303;10;Деятельность фитнес-центров;Республика Карелия;S;Проектирование, перепланировка и согласования по помещению;373547;275840;500000
60303;10;Деятельность фитнес-центров;Республика Карелия;M;Проектирование, перепланировка и согласования по помещению;1363267;1153200;1500000
60303;10;Деятельность фитнес-центров;Республика Карелия;L;Проектирование, перепланировка и согласования по помещению;4444147;4000000;5171850
60303;10;Деятельность фитнес-центров;Республика Карелия;S;Спортивное и тренажерное оборудование;1465440;1379200;1517120
60303;10;Деятельность фитнес-центров;Республика Карелия;M;Спортивное и тренажерное оборудование;6026160;5746400;6332080
60303;10;Деятельность фитнес-центров;Республика Карелия;L;Спортивное и тренажерное оборудование;20521430;18000000;22876890
60303;10;Деятельность фитнес-центров;Республика Карелия;S;Оборудование для групповых и кардио-зон;680427;551680;800000
60303;10;Деятельность фитнес-центров;Республика Карелия;M;Оборудование для групповых и кардио-зон;2393200;2000000;2873200
60303;10;Деятельность фитнес-центров;Республика Карелия;L;Оборудование для групповых и кардио-зон;7888293;5000000;10343700
60303;10;Деятельность фитнес-центров;Республика Карелия;S;Оборудование для раздевалок, душевых и санитарных зон;329867;300000;344800
60303;10;Деятельность фитнес-центров;Республика Карелия;M;Оборудование для раздевалок, душевых и санитарных зон;1292700;1000000;1441500
60303;10;Деятельность фитнес-центров;Республика Карелия;L;Оборудование для раздевалок, душевых и санитарных зон;4124563;2000000;5201840
60303;10;Деятельность фитнес-центров;Республика Карелия;S;Мебель и инвентарь для клиентских и административных зон;273547;200000;344800
60303;10;Деятельность фитнес-центров;Республика Карелия;M;Мебель и инвентарь для клиентских и административных зон;1029933;500000;1436600
60303;10;Деятельность фитнес-центров;Республика Карелия;L;Мебель и инвентарь для клиентских и административных зон;3444147;1000000;5171850
60303;10;Деятельность фитнес-центров;Республика Карелия;S;Системы вентиляции, кондиционирования и климат-контроль;467787;300000;689600
60303;10;Деятельность фитнес-центров;Республика Карелия;M;Системы вентиляции, кондиционирования и климат-контроль;1801067;800000;2873200
60303;10;Деятельность фитнес-центров;Республика Карелия;L;Системы вентиляции, кондиционирования и климат-контроль;6194863;2000000;10343700
60303;10;Деятельность фитнес-центров;Республика Карелия;S;Системы безопасности и видеонаблюдения;181600;137920;206880
60303;10;Деятельность фитнес-центров;Республика Карелия;M;Системы безопасности и видеонаблюдения;646187;500000;861960
60303;10;Деятельность фитнес-центров;Республика Карелия;L;Системы безопасности и видеонаблюдения;2061137;1000000;3103110
60303;10;Деятельность фитнес-центров;Республика Карелия;S;Регистрация бизнеса и сопутствующие организационные расходы;62640;50000;68960
60303;10;Деятельность фитнес-центров;Республика Карелия;M;Регистрация бизнеса и сопутствующие организационные расходы;225207;100000;288300
60303;10;Деятельность фитнес-центров;Республика Карелия;L;Регистрация бизнеса и сопутствующие организационные расходы;758173;200000;1040150
60303;10;Деятельность фитнес-центров;Республика Карелия;S;Разрешительная документация и обязательные согласования;136773;100000;172400
60303;10;Деятельность фитнес-центров;Республика Карелия;M;Разрешительная документация и обязательные согласования;498480;200000;720800
60303;10;Деятельность фитнес-центров;Республика Карелия;L;Разрешительная документация и обязательные согласования;1723043;500000;2600390
60303;10;Деятельность фитнес-центров;Республика Карелия;S;Вывеска и наружное оформление;125280;100000;137920
60303;10;Деятельность фитнес-центров;Республика Карелия;M;Вывеска и наружное оформление;450413;200000;576600
60303;10;Деятельность фитнес-центров;Республика Карелия;L;Вывеска и наружное оформление;1549680;500000;2080300
60303;10;Деятельность фитнес-центров;Республика Карелия;S;Рекламная кампания на запуск;373547;275840;500000
60303;10;Деятельность фитнес-центров;Республика Карелия;M;Рекламная кампания на запуск;1363267;1153200;1500000
60303;10;Деятельность фитнес-центров;Республика Карелия;L;Рекламная кампания на запуск;4110813;3000000;5171850
60303;10;Деятельность фитнес-центров;Республика Карелия;S;Кассовое оборудование, POS-терминал и учетное ПО;148267;100000;206880
60303;10;Деятельность фитнес-центров;Республика Карелия;M;Кассовое оборудование, POS-терминал и учетное ПО;546187;200000;861960
60303;10;Деятельность фитнес-центров;Республика Карелия;L;Кассовое оборудование, POS-терминал и учетное ПО;1894470;500000;3103110
60303;10;Деятельность фитнес-центров;Республика Карелия;S;Резерв;362053;103440;500000
60303;10;Деятельность фитнес-центров;Республика Карелия;M;Резерв;1149693;430980;2018100
60303;10;Деятельность фитнес-центров;Республика Карелия;L;Резерв;3610868;1551555;7281050
20206;77;Кафе;г.Москва;S;Аренда помещения и обеспечительный депозит;573333;500000;700000
20206;77;Кафе;г.Москва;M;Аренда помещения и обеспечительный депозит;1166667;1000000;1450000
20206;77;Кафе;г.Москва;L;Аренда помещения и обеспечительный депозит;2533333;2000000;3500000
20206;77;Кафе;г.Москва;S;Ремонт, отделка и подготовка помещения;580000;420000;720000
20206;77;Кафе;г.Москва;M;Ремонт, отделка и подготовка помещения;1438000;1164000;1650000
20206;77;Кафе;г.Москва;L;Ремонт, отделка и подготовка помещения;3316667;3000000;3950000
20206;77;Кафе;г.Москва;S;Проектирование и согласование планировки, технологический проект;100000;80000;120000
20206;77;Кафе;г.Москва;M;Проектирование и согласование планировки, технологический проект;206667;200000;220000
20206;77;Кафе;г.Москва;L;Проектирование и согласование планировки, технологический проект;440000;400000;500000
20206;77;Кафе;г.Москва;S;Ключевое профильное оборудование для кафе (кофемашина, кофемолка, холодильное, тепловое, нейтральное оборудование);756667;620000;850000
20206;77;Кафе;г.Москва;M;Ключевое профильное оборудование для кафе (кофемашина, кофемолка, холодильное, тепловое, нейтральное оборудование);1773333;1500000;2020000
20206;77;Кафе;г.Москва;L;Ключевое профильное оборудование для кафе (кофемашина, кофемолка, холодильное, тепловое, нейтральное оборудование);4088667;3650000;4616000
20206;77;Кафе;г.Москва;S;Мебель и интерьерное оснащение зала;313333;260000;400000
20206;77;Кафе;г.Москва;M;Мебель и интерьерное оснащение зала;700000;580000;900000
20206;77;Кафе;г.Москва;L;Мебель и интерьерное оснащение зала;1650000;1450000;2000000
20206;77;Кафе;г.Москва;S;Посуда, инвентарь и мелкий кухонный инвентарь;86667;70000;100000
20206;77;Кафе;г.Москва;M;Посуда, инвентарь и мелкий кухонный инвентарь;176667;150000;200000
20206;77;Кафе;г.Москва;L;Посуда, инвентарь и мелкий кухонный инвентарь;353333;300000;400000
20206;77;Кафе;г.Москва;S;Первичный запас сырья, продуктов и расходных материалов;80000;50000;120000
20206;77;Кафе;г.Москва;M;Первичный запас сырья, продуктов и расходных материалов;186667;100000;260000
20206;77;Кафе;г.Москва;L;Первичный запас сырья, продуктов и расходных материалов;406667;200000;520000
20206;77;Кафе;г.Москва;S;Регистрация бизнеса и сопутствующие госпошлины;27333;12000;50000
20206;77;Кафе;г.Москва;M;Регистрация бизнеса и сопутствующие госпошлины;35000;25000;50000
20206;77;Кафе;г.Москва;L;Регистрация бизнеса и сопутствующие госпошлины;48333;45000;50000
20206;77;Кафе;г.Москва;S;Разрешительная документация и обязательные уведомления для общепита;31667;25000;40000
20206;77;Кафе;г.Москва;M;Разрешительная документация и обязательные уведомления для общепита;61667;50000;85000
20206;77;Кафе;г.Москва;L;Разрешительная документация и обязательные уведомления для общепита;120000;100000;160000
20206;77;Кафе;г.Москва;S;Маркетинг: вывеска и наружное оформление;90000;80000;100000
20206;77;Кафе;г.Москва;M;Маркетинг: вывеска и наружное оформление;206667;200000;220000
20206;77;Кафе;г.Москва;L;Маркетинг: вывеска и наружное оформление;393333;300000;480000
20206;77;Кафе;г.Москва;S;Маркетинг: реклама на запуск;73333;50000;100000
20206;77;Кафе;г.Москва;M;Маркетинг: реклама на запуск;176667;150000;200000
20206;77;Кафе;г.Москва;L;Маркетинг: реклама на запуск;406667;300000;500000
20206;77;Кафе;г.Москва;S;Касса, POS-оборудование и учетное ПО;68333;50000;85000
20206;77;Кафе;г.Москва;M;Касса, POS-оборудование и учетное ПО;140000;100000;170000
20206;77;Кафе;г.Москва;L;Касса, POS-оборудование и учетное ПО;273333;200000;320000
20206;77;Кафе;г.Москва;S;Монтаж, доставка и пусконаладка оборудования;83333;30000;120000
20206;77;Кафе;г.Москва;M;Монтаж, доставка и пусконаладка оборудования;180000;100000;240000
20206;77;Кафе;г.Москва;L;Монтаж, доставка и пусконаладка оборудования;306667;200000;420000
20206;77;Кафе;г.Москва;S;Резерв;260333;190000;298000
20206;77;Кафе;г.Москва;M;Резерв;524000;96000;760000
20206;77;Кафе;г.Москва;L;Резерв;1588000;1260000;1785000
181801;50;Предоставление услуг парикмахерскими и салонами красоты;Московская область;S;Аренда помещения и обеспечительный депозит;230000;180000;300000
181801;50;Предоставление услуг парикмахерскими и салонами красоты;Московская область;M;Аренда помещения и обеспечительный депозит;416667;330000;500000
181801;50;Предоставление услуг парикмахерскими и салонами красоты;Московская область;L;Аренда помещения и обеспечительный депозит;725000;540000;900000
181801;50;Предоставление услуг парикмахерскими и салонами красоты;Московская область;S;Ремонт, отделка и подготовка помещения под салон;180000;150000;200000
181801;50;Предоставление услуг парикмахерскими и салонами красоты;Московская область;M;Ремонт, отделка и подготовка помещения под салон;376667;250000;500000
181801;50;Предоставление услуг парикмахерскими и салонами красоты;Московская область;L;Ремонт, отделка и подготовка помещения под салон;655000;400000;900000
181801;50;Предоставление услуг парикмахерскими и салонами красоты;Московская область;S;Мебель и оснащение рабочих мест (парикмахерские кресла, зеркала, мойки, тележки, стойка администратора);180000;140000;250000
181801;50;Предоставление услуг парикмахерскими и салонами красоты;Московская область;M;Мебель и оснащение рабочих мест (парикмахерские кресла, зеркала, мойки, тележки, стойка администратора);326667;200000;500000
181801;50;Предоставление услуг парикмахерскими и салонами красоты;Московская область;L;Мебель и оснащение рабочих мест (парикмахерские кресла, зеркала, мойки, тележки, стойка администратора);563333;300000;900000
181801;50;Предоставление услуг парикмахерскими и салонами красоты;Московская область;S;Профессиональное оборудование и инструменты (фены, машинки, плойки, стерилизаторы, УФ/сухожар, климазон и др.);148333;100000;180000
181801;50;Предоставление услуг парикмахерскими и салонами красоты;Московская область;M;Профессиональное оборудование и инструменты (фены, машинки, плойки, стерилизаторы, УФ/сухожар, климазон и др.);303333;180000;400000
181801;50;Предоставление услуг парикмахерскими и салонами красоты;Московская область;L;Профессиональное оборудование и инструменты (фены, машинки, плойки, стерилизаторы, УФ/сухожар, климазон и др.);492333;250000;650000
181801;50;Предоставление услуг парикмахерскими и салонами красоты;Московская область;S;Первичный запас расходных материалов и косметики для старта;73333;50000;90000
181801;50;Предоставление услуг парикмахерскими и салонами красоты;Московская область;M;Первичный запас расходных материалов и косметики для старта;133333;70000;180000
181801;50;Предоставление услуг парикмахерскими и салонами красоты;Московская область;L;Первичный запас расходных материалов и косметики для старта;238333;100000;315000
181801;50;Предоставление услуг парикмахерскими и салонами красоты;Московская область;S;Регистрация бизнеса и открытие расчетного счета;15667;12000;20000
181801;50;Предоставление услуг парикмахерскими и салонами красоты;Московская область;M;Регистрация бизнеса и открытие расчетного счета;18333;15000;20000
181801;50;Предоставление услуг парикмахерскими и салонами красоты;Московская область;L;Регистрация бизнеса и открытие расчетного счета;21000;18000;25000
181801;50;Предоставление услуг парикмахерскими и салонами красоты;Московская область;S;Уведомление/согласования и санитарно-эпидемиологическая подготовка помещения;28333;25000;30000
181801;50;Предоставление услуг парикмахерскими и салонами красоты;Московская область;M;Уведомление/согласования и санитарно-эпидемиологическая подготовка помещения;43333;40000;50000
181801;50;Предоставление услуг парикмахерскими и салонами красоты;Московская область;L;Уведомление/согласования и санитарно-эпидемиологическая подготовка помещения;61667;50000;80000
181801;50;Предоставление услуг парикмахерскими и салонами красоты;Московская область;S;Наружная вывеска и фирменное оформление;41667;35000;50000
181801;50;Предоставление услуг парикмахерскими и салонами красоты;Московская область;M;Наружная вывеска и фирменное оформление;73333;60000;100000
181801;50;Предоставление услуг парикмахерскими и салонами красоты;Московская область;L;Наружная вывеска и фирменное оформление;116667;80000;180000
181801;50;Предоставление услуг парикмахерскими и салонами красоты;Московская область;S;Запусковая реклама и продвижение на старте;65000;45000;100000
181801;50;Предоставление услуг парикмахерскими и салонами красоты;Московская область;M;Запусковая реклама и продвижение на старте;118333;85000;150000
181801;50;Предоставление услуг парикмахерскими и салонами красоты;Московская область;L;Запусковая реклама и продвижение на старте;193333;130000;250000
181801;50;Предоставление услуг парикмахерскими и салонами красоты;Московская область;S;Онлайн-запись, касса, POS-оборудование и учетное ПО;40667;32000;50000
181801;50;Предоставление услуг парикмахерскими и салонами красоты;Московская область;M;Онлайн-запись, касса, POS-оборудование и учетное ПО;65000;55000;70000
181801;50;Предоставление услуг парикмахерскими и салонами красоты;Московская область;L;Онлайн-запись, касса, POS-оборудование и учетное ПО;101667;85000;120000
181801;50;Предоставление услуг парикмахерскими и салонами красоты;Московская область;S;Инженерное оснащение и мелкое хозяйственное оборудование (освещение, сантехника, бытовое оснащение);34000;30000;42000
181801;50;Предоставление услуг парикмахерскими и салонами красоты;Московская область;M;Инженерное оснащение и мелкое хозяйственное оборудование (освещение, сантехника, бытовое оснащение);65000;50000;75000
181801;50;Предоставление услуг парикмахерскими и салонами красоты;Московская область;L;Инженерное оснащение и мелкое хозяйственное оборудование (освещение, сантехника, бытовое оснащение);113333;70000;150000
181801;50;Предоставление услуг парикмахерскими и салонами красоты;Московская область;S;Дезинфекционные средства и санитарные расходники для запуска;15000;10000;20000
181801;50;Предоставление услуг парикмахерскими и салонами красоты;Московская область;M;Дезинфекционные средства и санитарные расходники для запуска;26000;18000;30000
181801;50;Предоставление услуг парикмахерскими и салонами красоты;Московская область;L;Дезинфекционные средства и санитарные расходники для запуска;38333;25000;50000
181801;50;Предоставление услуг парикмахерскими и салонами красоты;Московская область;S;Резерв;86000;10000;140000
181801;50;Предоставление услуг парикмахерскими и салонами красоты;Московская область;M;Резерв;147333;30000;280000
181801;50;Предоставление услуг парикмахерскими и салонами красоты;Московская область;L;Резерв;183333;50000;400000
131301;5401;Оптика и очки;Новосибирск;S;Аренда помещения под салон оптики + обеспечительный депозит;183333;120000;250000
131301;5401;Оптика и очки;Новосибирск;M;Аренда помещения под салон оптики + обеспечительный депозит;316667;200000;450000
131301;5401;Оптика и очки;Новосибирск;L;Аренда помещения под салон оптики + обеспечительный депозит;566667;400000;700000
131301;5401;Оптика и очки;Новосибирск;S;Ремонт и подготовка помещения под требования салона оптики;90000;80000;100000
131301;5401;Оптика и очки;Новосибирск;M;Ремонт и подготовка помещения под требования салона оптики;166667;150000;200000
131301;5401;Оптика и очки;Новосибирск;L;Ремонт и подготовка помещения под требования салона оптики;343333;250000;500000
131301;5401;Оптика и очки;Новосибирск;S;Вывеска и наружное оформление;38333;30000;50000
131301;5401;Оптика и очки;Новосибирск;M;Вывеска и наружное оформление;60000;50000;70000
131301;5401;Оптика и очки;Новосибирск;L;Вывеска и наружное оформление;100000;80000;120000
131301;5401;Оптика и очки;Новосибирск;S;Торговое и демонстрационное оборудование для салона оптики;70000;60000;80000
131301;5401;Оптика и очки;Новосибирск;M;Торговое и демонстрационное оборудование для салона оптики;120000;120000;120000
131301;5401;Оптика и очки;Новосибирск;L;Торговое и демонстрационное оборудование для салона оптики;223333;200000;250000
131301;5401;Оптика и очки;Новосибирск;S;Профессиональное оборудование для подбора и проверки зрения (офтальмологическое/оптометрическое);90000;80000;100000
131301;5401;Оптика и очки;Новосибирск;M;Профессиональное оборудование для подбора и проверки зрения (офтальмологическое/оптометрическое);186667;180000;200000
131301;5401;Оптика и очки;Новосибирск;L;Профессиональное оборудование для подбора и проверки зрения (офтальмологическое/оптометрическое);346667;300000;400000
131301;5401;Оптика и очки;Новосибирск;S;Оборудование для изготовления и подгонки очков, если предусмотрено форматом;16667;0;50000
131301;5401;Оптика и очки;Новосибирск;M;Оборудование для изготовления и подгонки очков, если предусмотрено форматом;76667;70000;80000
131301;5401;Оптика и очки;Новосибирск;L;Оборудование для изготовления и подгонки очков, если предусмотрено форматом;170000;150000;200000
131301;5401;Оптика и очки;Новосибирск;S;Компьютеры, POS-оборудование и касса;36667;20000;50000
131301;5401;Оптика и очки;Новосибирск;M;Компьютеры, POS-оборудование и касса;56667;30000;80000
131301;5401;Оптика и очки;Новосибирск;L;Компьютеры, POS-оборудование и касса;90000;50000;120000
131301;5401;Оптика и очки;Новосибирск;S;Учетное и кассовое программное обеспечение;13333;10000;15000
131301;5401;Оптика и очки;Новосибирск;M;Учетное и кассовое программное обеспечение;21667;15000;25000
131301;5401;Оптика и очки;Новосибирск;L;Учетное и кассовое программное обеспечение;35000;25000;40000
131301;5401;Оптика и очки;Новосибирск;S;Первичный товарный запас: оправы, солнцезащитные очки, линзы, футляры, сопутствующие товары;136667;60000;200000
131301;5401;Оптика и очки;Новосибирск;M;Первичный товарный запас: оправы, солнцезащитные очки, линзы, футляры, сопутствующие товары;240000;100000;320000
131301;5401;Оптика и очки;Новосибирск;L;Первичный товарный запас: оправы, солнцезащитные очки, линзы, футляры, сопутствующие товары;433333;180000;620000
131301;5401;Оптика и очки;Новосибирск;S;Расходные материалы для первичного запуска;11667;10000;15000
131301;5401;Оптика и очки;Новосибирск;M;Расходные материалы для первичного запуска;21667;15000;30000
131301;5401;Оптика и очки;Новосибирск;L;Расходные материалы для первичного запуска;35000;20000;50000
131301;5401;Оптика и очки;Новосибирск;S;Регистрация бизнеса и сопутствующие госпошлины;10000;5000;15000
131301;5401;Оптика и очки;Новосибирск;M;Регистрация бизнеса и сопутствующие госпошлины;13333;5000;20000
131301;5401;Оптика и очки;Новосибирск;L;Регистрация бизнеса и сопутствующие госпошлины;16667;5000;25000
131301;5401;Оптика и очки;Новосибирск;S;Санитарно-эпидемиологические и иные обязательные документы/согласования, если требуются по формату;10000;5000;15000
131301;5401;Оптика и очки;Новосибирск;M;Санитарно-эпидемиологические и иные обязательные документы/согласования, если требуются по формату;16667;10000;20000
131301;5401;Оптика и очки;Новосибирск;L;Санитарно-эпидемиологические и иные обязательные документы/согласования, если требуются по формату;25000;15000;30000
131301;5401;Оптика и очки;Новосибирск;S;Маркетинг на запуск: реклама и продвижение;35000;25000;50000
131301;5401;Оптика и очки;Новосибирск;M;Маркетинг на запуск: реклама и продвижение;60000;50000;80000
131301;5401;Оптика и очки;Новосибирск;L;Маркетинг на запуск: реклама и продвижение;96667;80000;120000
131301;5401;Оптика и очки;Новосибирск;S;Резерв;35000;0;55000
131301;5401;Оптика и очки;Новосибирск;M;Резерв;79333;54000;104000
131301;5401;Оптика и очки;Новосибирск;L;Резерв;98667;48000;148000
150202;10;Строительство жилых и нежилых зданий;Республика Карелия;S;Регистрация юридического лица / ИП, госпошлины, нотариальные и сервисные расходы;38333;15000;70000
150202;10;Строительство жилых и нежилых зданий;Республика Карелия;M;Регистрация юридического лица / ИП, госпошлины, нотариальные и сервисные расходы;55000;25000;100000
150202;10;Строительство жилых и нежилых зданий;Республика Карелия;L;Регистрация юридического лица / ИП, госпошлины, нотариальные и сервисные расходы;83333;50000;150000
150202;10;Строительство жилых и нежилых зданий;Республика Карелия;S;Открытие расчётного счёта, выпуск КЭП, подключение к электронному документообороту;35000;5000;60000
150202;10;Строительство жилых и нежилых зданий;Республика Карелия;M;Открытие расчётного счёта, выпуск КЭП, подключение к электронному документообороту;50000;10000;80000
150202;10;Строительство жилых и нежилых зданий;Республика Карелия;L;Открытие расчётного счёта, выпуск КЭП, подключение к электронному документообороту;66667;20000;100000
150202;10;Строительство жилых и нежилых зданий;Республика Карелия;S;Аренда офиса / производственной базы / склада + обеспечительный депозит;273333;220000;300000
150202;10;Строительство жилых и нежилых зданий;Республика Карелия;M;Аренда офиса / производственной базы / склада + обеспечительный депозит;933333;500000;1200000
150202;10;Строительство жилых и нежилых зданий;Республика Карелия;L;Аренда офиса / производственной базы / склада + обеспечительный депозит;5400000;1000000;8000000
150202;10;Строительство жилых и нежилых зданий;Республика Карелия;S;Аренда или подготовка строительной площадки / бытового городка / временных помещений на объекте;273333;120000;500000
150202;10;Строительство жилых и нежилых зданий;Республика Карелия;M;Аренда или подготовка строительной площадки / бытового городка / временных помещений на объекте;916667;850000;1000000
150202;10;Строительство жилых и нежилых зданий;Республика Карелия;L;Аренда или подготовка строительной площадки / бытового городка / временных помещений на объекте;5166667;2000000;7000000
150202;10;Строительство жилых и нежилых зданий;Республика Карелия;S;Проектные, изыскательские и предпроектные работы;126667;100000;180000
150202;10;Строительство жилых и нежилых зданий;Республика Карелия;M;Проектные, изыскательские и предпроектные работы;733333;500000;900000
150202;10;Строительство жилых и нежилых зданий;Республика Карелия;L;Проектные, изыскательские и предпроектные работы;5400000;2000000;8000000
150202;10;Строительство жилых и нежилых зданий;Республика Карелия;S;Согласование проектной документации, получение необходимых разрешений на строительство и ввод (по проекту);83333;50000;150000
150202;10;Строительство жилых и нежилых зданий;Республика Карелия;M;Согласование проектной документации, получение необходимых разрешений на строительство и ввод (по проекту);316667;250000;400000
150202;10;Строительство жилых и нежилых зданий;Республика Карелия;L;Согласование проектной документации, получение необходимых разрешений на строительство и ввод (по проекту);1900000;500000;4000000
150202;10;Строительство жилых и нежилых зданий;Республика Карелия;S;Подключение и организация временного электроснабжения, водоснабжения, связи на объекте;106667;80000;150000
150202;10;Строительство жилых и нежилых зданий;Республика Карелия;M;Подключение и организация временного электроснабжения, водоснабжения, связи на объекте;416667;300000;500000
150202;10;Строительство жилых и нежилых зданий;Республика Карелия;L;Подключение и организация временного электроснабжения, водоснабжения, связи на объекте;2433333;500000;5000000
150202;10;Строительство жилых и нежилых зданий;Республика Карелия;S;Строительные машины и механизмы: покупка / аренда / лизинг (экскаватор, автокран, погрузчик, бетоносмесительная техника и т.п.);573333;300000;1000000
150202;10;Строительство жилых и нежилых зданий;Республика Карелия;M;Строительные машины и механизмы: покупка / аренда / лизинг (экскаватор, автокран, погрузчик, бетоносмесительная техника и т.п.);3733333;3000000;5000000
150202;10;Строительство жилых и нежилых зданий;Республика Карелия;L;Строительные машины и механизмы: покупка / аренда / лизинг (экскаватор, автокран, погрузчик, бетоносмесительная техника и т.п.);21166667;10000000;28500000
150202;10;Строительство жилых и нежилых зданий;Республика Карелия;S;Строительный инструмент, ручной и электроинструмент;120000;100000;150000
150202;10;Строительство жилых и нежилых зданий;Республика Карелия;M;Строительный инструмент, ручной и электроинструмент;383333;200000;500000
150202;10;Строительство жилых и нежилых зданий;Республика Карелия;L;Строительный инструмент, ручной и электроинструмент;1766667;500000;3000000
150202;10;Строительство жилых и нежилых зданий;Республика Карелия;S;Опалубка, леса, инвентарные приспособления и оснастка;143333;100000;200000
150202;10;Строительство жилых и нежилых зданий;Республика Карелия;M;Опалубка, леса, инвентарные приспособления и оснастка;560000;400000;780000
150202;10;Строительство жилых и нежилых зданий;Республика Карелия;L;Опалубка, леса, инвентарные приспособления и оснастка;2733333;1000000;4200000
150202;10;Строительство жилых и нежилых зданий;Республика Карелия;S;Первичный запас основных материалов и расходников для старта работ;216667;200000;250000
150202;10;Строительство жилых и нежилых зданий;Республика Карелия;M;Первичный запас основных материалов и расходников для старта работ;1566667;1000000;2200000
150202;10;Строительство жилых и нежилых зданий;Республика Карелия;L;Первичный запас основных материалов и расходников для старта работ;11333333;5000000;17000000
150202;10;Строительство жилых и нежилых зданий;Республика Карелия;S;ГСМ, технические жидкости и расходные материалы для техники;73333;50000;100000
150202;10;Строительство жилых и нежилых зданий;Республика Карелия;M;ГСМ, технические жидкости и расходные материалы для техники;340000;100000;500000
150202;10;Строительство жилых и нежилых зданий;Республика Карелия;L;ГСМ, технические жидкости и расходные материалы для техники;2266667;200000;4000000
150202;10;Строительство жилых и нежилых зданий;Республика Карелия;S;Средства индивидуальной защиты, спецодежда и охрана труда;53333;50000;60000
150202;10;Строительство жилых и нежилых зданий;Республика Карелия;M;Средства индивидуальной защиты, спецодежда и охрана труда;173333;100000;220000
150202;10;Строительство жилых и нежилых зданий;Республика Карелия;L;Средства индивидуальной защиты, спецодежда и охрана труда;933333;200000;1500000
150202;10;Строительство жилых и нежилых зданий;Республика Карелия;S;Транспорт и логистика: аренда/лизинг грузового транспорта, доставка материалов;130000;90000;200000
150202;10;Строительство жилых и нежилых зданий;Республика Карелия;M;Транспорт и логистика: аренда/лизинг грузового транспорта, доставка материалов;616667;200000;1000000
150202;10;Строительство жилых и нежилых зданий;Республика Карелия;L;Транспорт и логистика: аренда/лизинг грузового транспорта, доставка материалов;4233333;500000;8000000
150202;10;Строительство жилых и нежилых зданий;Республика Карелия;S;Учетное, проектное и строительное ПО, лицензии на программные продукты;53333;30000;80000
150202;10;Строительство жилых и нежилых зданий;Республика Карелия;M;Учетное, проектное и строительное ПО, лицензии на программные продукты;156667;100000;220000
150202;10;Строительство жилых и нежилых зданий;Республика Карелия;L;Учетное, проектное и строительное ПО, лицензии на программные продукты;633333;200000;1000000
150202;10;Строительство жилых и нежилых зданий;Республика Карелия;S;Системы связи и оргтехника: компьютеры, принтеры, телефония, интернет;83333;50000;120000
150202;10;Строительство жилых и нежилых зданий;Республика Карелия;M;Системы связи и оргтехника: компьютеры, принтеры, телефония, интернет;240000;100000;320000
150202;10;Строительство жилых и нежилых зданий;Республика Карелия;L;Системы связи и оргтехника: компьютеры, принтеры, телефония, интернет;866667;200000;1500000
150202;10;Строительство жилых и нежилых зданий;Республика Карелия;S;Маркетинг на запуск: сайт, презентационные материалы, реклама и тендерное продвижение;66667;50000;100000
150202;10;Строительство жилых и нежилых зданий;Республика Карелия;M;Маркетинг на запуск: сайт, презентационные материалы, реклама и тендерное продвижение;193333;180000;200000
150202;10;Строительство жилых и нежилых зданий;Республика Карелия;L;Маркетинг на запуск: сайт, презентационные материалы, реклама и тендерное продвижение;900000;500000;1500000
150202;10;Строительство жилых и нежилых зданий;Республика Карелия;S;Вывеска, наружная идентификация и фирменное оформление;30000;10000;50000
150202;10;Строительство жилых и нежилых зданий;Республика Карелия;M;Вывеска, наружная идентификация и фирменное оформление;80000;50000;100000
150202;10;Строительство жилых и нежилых зданий;Республика Карелия;L;Вывеска, наружная идентификация и фирменное оформление;250000;200000;300000
150202;10;Строительство жилых и нежилых зданий;Республика Карелия;S;Банковские гарантии, обеспечительные взносы по контрактам и участие в закупках;150000;100000;200000
150202;10;Строительство жилых и нежилых зданий;Республика Карелия;M;Банковские гарантии, обеспечительные взносы по контрактам и участие в закупках;773333;500000;1000000
150202;10;Строительство жилых и нежилых зданий;Республика Карелия;L;Банковские гарантии, обеспечительные взносы по контрактам и участие в закупках;5466667;1000000;10000000
150202;10;Строительство жилых и нежилых зданий;Республика Карелия;S;Резерв;127333;100000;150000
150202;10;Строительство жилых и нежилых зданий;Республика Карелия;M;Резерв;953333;500000;1360000
150202;10;Строительство жилых и нежилых зданий;Республика Карелия;L;Резерв;6621667;1000000;10865000
181801;2301;Предоставление услуг парикмахерскими и салонами красоты;Краснодар;S;Аренда помещения и обеспечительный депозит;206667;150000;250000
181801;2301;Предоставление услуг парикмахерскими и салонами красоты;Краснодар;M;Аренда помещения и обеспечительный депозит;386667;300000;500000
181801;2301;Предоставление услуг парикмахерскими и салонами красоты;Краснодар;L;Аренда помещения и обеспечительный депозит;613333;500000;800000
181801;2301;Предоставление услуг парикмахерскими и салонами красоты;Краснодар;S;Ремонт, отделка и подготовка помещения под салон;160000;100000;200000
181801;2301;Предоставление услуг парикмахерскими и салонами красоты;Краснодар;M;Ремонт, отделка и подготовка помещения под салон;316667;200000;400000
181801;2301;Предоставление услуг парикмахерскими и салонами красоты;Краснодар;L;Ремонт, отделка и подготовка помещения под салон;533333;300000;700000
181801;2301;Предоставление услуг парикмахерскими и салонами красоты;Краснодар;S;Мебель и оснащение рабочих мест (парикмахерские кресла, зеркала, мойки, тележки, стойка администратора);133333;100000;180000
181801;2301;Предоставление услуг парикмахерскими и салонами красоты;Краснодар;M;Мебель и оснащение рабочих мест (парикмахерские кресла, зеркала, мойки, тележки, стойка администратора);280000;200000;380000
181801;2301;Предоставление услуг парикмахерскими и салонами красоты;Краснодар;L;Мебель и оснащение рабочих мест (парикмахерские кресла, зеркала, мойки, тележки, стойка администратора);456667;300000;650000
181801;2301;Предоставление услуг парикмахерскими и салонами красоты;Краснодар;S;Профессиональное оборудование и инструменты (фены, машинки, плойки, стерилизаторы, УФ/сухожар, климазон и др.);126667;110000;150000
181801;2301;Предоставление услуг парикмахерскими и салонами красоты;Краснодар;M;Профессиональное оборудование и инструменты (фены, машинки, плойки, стерилизаторы, УФ/сухожар, климазон и др.);270000;230000;300000
181801;2301;Предоставление услуг парикмахерскими и салонами красоты;Краснодар;L;Профессиональное оборудование и инструменты (фены, машинки, плойки, стерилизаторы, УФ/сухожар, климазон и др.);473333;420000;500000
181801;2301;Предоставление услуг парикмахерскими и салонами красоты;Краснодар;S;Первичный запас расходных материалов и косметики для старта;60000;30000;80000
181801;2301;Предоставление услуг парикмахерскими и салонами красоты;Краснодар;M;Первичный запас расходных материалов и косметики для старта;123333;60000;160000
181801;2301;Предоставление услуг парикмахерскими и салонами красоты;Краснодар;L;Первичный запас расходных материалов и косметики для старта;220000;100000;300000
181801;2301;Предоставление услуг парикмахерскими и салонами красоты;Краснодар;S;Регистрация бизнеса и открытие расчетного счета;13333;10000;15000
181801;2301;Предоставление услуг парикмахерскими и салонами красоты;Краснодар;M;Регистрация бизнеса и открытие расчетного счета;16667;10000;20000
181801;2301;Предоставление услуг парикмахерскими и салонами красоты;Краснодар;L;Регистрация бизнеса и открытие расчетного счета;23333;10000;30000
181801;2301;Предоставление услуг парикмахерскими и салонами красоты;Краснодар;S;Уведомление/согласования и санитарно-эпидемиологическая подготовка помещения;23333;20000;30000
181801;2301;Предоставление услуг парикмахерскими и салонами красоты;Краснодар;M;Уведомление/согласования и санитарно-эпидемиологическая подготовка помещения;38333;30000;50000
181801;2301;Предоставление услуг парикмахерскими и салонами красоты;Краснодар;L;Уведомление/согласования и санитарно-эпидемиологическая подготовка помещения;60000;50000;80000
181801;2301;Предоставление услуг парикмахерскими и салонами красоты;Краснодар;S;Наружная вывеска и фирменное оформление;33333;30000;40000
181801;2301;Предоставление услуг парикмахерскими и салонами красоты;Краснодар;M;Наружная вывеска и фирменное оформление;63333;50000;80000
181801;2301;Предоставление услуг парикмахерскими и салонами красоты;Краснодар;L;Наружная вывеска и фирменное оформление;103333;70000;150000
181801;2301;Предоставление услуг парикмахерскими и салонами красоты;Краснодар;S;Запусковая реклама и продвижение на старте;48333;45000;50000
181801;2301;Предоставление услуг парикмахерскими и салонами красоты;Краснодар;M;Запусковая реклама и продвижение на старте;96667;90000;100000
181801;2301;Предоставление услуг парикмахерскими и салонами красоты;Краснодар;L;Запусковая реклама и продвижение на старте;163333;140000;200000
181801;2301;Предоставление услуг парикмахерскими и салонами красоты;Краснодар;S;Онлайн-запись, касса, POS-оборудование и учетное ПО;25000;20000;30000
181801;2301;Предоставление услуг парикмахерскими и салонами красоты;Краснодар;M;Онлайн-запись, касса, POS-оборудование и учетное ПО;41667;30000;50000
181801;2301;Предоставление услуг парикмахерскими и салонами красоты;Краснодар;L;Онлайн-запись, касса, POS-оборудование и учетное ПО;70000;50000;80000
181801;2301;Предоставление услуг парикмахерскими и салонами красоты;Краснодар;S;Инженерное оснащение и мелкое хозяйственное оборудование (освещение, сантехника, бытовое оснащение);35000;20000;50000
181801;2301;Предоставление услуг парикмахерскими и салонами красоты;Краснодар;M;Инженерное оснащение и мелкое хозяйственное оборудование (освещение, сантехника, бытовое оснащение);63333;30000;90000
181801;2301;Предоставление услуг парикмахерскими и салонами красоты;Краснодар;L;Инженерное оснащение и мелкое хозяйственное оборудование (освещение, сантехника, бытовое оснащение);96667;50000;120000
181801;2301;Предоставление услуг парикмахерскими и салонами красоты;Краснодар;S;Дезинфекционные средства и санитарные расходники для запуска;12333;10000;15000
181801;2301;Предоставление услуг парикмахерскими и салонами красоты;Краснодар;M;Дезинфекционные средства и санитарные расходники для запуска;22667;20000;28000
181801;2301;Предоставление услуг парикмахерскими и салонами красоты;Краснодар;L;Дезинфекционные средства и санитарные расходники для запуска;35000;30000;45000
181801;2301;Предоставление услуг парикмахерскими и салонами красоты;Краснодар;S;Резерв;25667;0;50000
181801;2301;Предоставление услуг парикмахерскими и салонами красоты;Краснодар;M;Резерв;69333;0;108000
181801;2301;Предоставление услуг парикмахерскими и салонами красоты;Краснодар;L;Резерв;135667;0;257000
131301;77;Оптика и очки;г.Москва;S;Аренда помещения под салон оптики + обеспечительный депозит;296667;240000;400000
131301;77;Оптика и очки;г.Москва;M;Аренда помещения под салон оптики + обеспечительный депозит;490000;420000;600000
131301;77;Оптика и очки;г.Москва;L;Аренда помещения под салон оптики + обеспечительный депозит;860000;780000;1000000
131301;77;Оптика и очки;г.Москва;S;Ремонт и подготовка помещения под требования салона оптики;130000;90000;150000
131301;77;Оптика и очки;г.Москва;M;Ремонт и подготовка помещения под требования салона оптики;236667;160000;300000
131301;77;Оптика и очки;г.Москва;L;Ремонт и подготовка помещения под требования салона оптики;440000;320000;600000
131301;77;Оптика и очки;г.Москва;S;Вывеска и наружное оформление;45000;35000;50000
131301;77;Оптика и очки;г.Москва;M;Вывеска и наружное оформление;80000;60000;100000
131301;77;Оптика и очки;г.Москва;L;Вывеска и наружное оформление;143333;110000;200000
131301;77;Оптика и очки;г.Москва;S;Торговое и демонстрационное оборудование для салона оптики;91667;55000;120000
131301;77;Оптика и очки;г.Москва;M;Торговое и демонстрационное оборудование для салона оптики;170000;110000;250000
131301;77;Оптика и очки;г.Москва;L;Торговое и демонстрационное оборудование для салона оптики;320000;210000;500000
131301;77;Оптика и очки;г.Москва;S;Профессиональное оборудование для подбора и проверки зрения (офтальмологическое/оптометрическое);111667;85000;150000
131301;77;Оптика и очки;г.Москва;M;Профессиональное оборудование для подбора и проверки зрения (офтальмологическое/оптометрическое);220000;180000;300000
131301;77;Оптика и очки;г.Москва;L;Профессиональное оборудование для подбора и проверки зрения (офтальмологическое/оптометрическое);420000;300000;600000
131301;77;Оптика и очки;г.Москва;S;Оборудование для изготовления и подгонки очков, если предусмотрено форматом;16667;0;50000
131301;77;Оптика и очки;г.Москва;M;Оборудование для изготовления и подгонки очков, если предусмотрено форматом;96667;90000;100000
131301;77;Оптика и очки;г.Москва;L;Оборудование для изготовления и подгонки очков, если предусмотрено форматом;210000;150000;300000
131301;77;Оптика и очки;г.Москва;S;Компьютеры, POS-оборудование и касса;35000;20000;50000
131301;77;Оптика и очки;г.Москва;M;Компьютеры, POS-оборудование и касса;58333;30000;80000
131301;77;Оптика и очки;г.Москва;L;Компьютеры, POS-оборудование и касса;93333;50000;120000
131301;77;Оптика и очки;г.Москва;S;Учетное и кассовое программное обеспечение;15667;12000;20000
131301;77;Оптика и очки;г.Москва;M;Учетное и кассовое программное обеспечение;25000;20000;30000
131301;77;Оптика и очки;г.Москва;L;Учетное и кассовое программное обеспечение;36667;30000;40000
131301;77;Оптика и очки;г.Москва;S;Первичный товарный запас: оправы, солнцезащитные очки, линзы, футляры, сопутствующие товары;156667;50000;320000
131301;77;Оптика и очки;г.Москва;M;Первичный товарный запас: оправы, солнцезащитные очки, линзы, футляры, сопутствующие товары;316667;100000;600000
131301;77;Оптика и очки;г.Москва;L;Первичный товарный запас: оправы, солнцезащитные очки, линзы, футляры, сопутствующие товары;616667;200000;1150000
131301;77;Оптика и очки;г.Москва;S;Расходные материалы для первичного запуска;13333;10000;15000
131301;77;Оптика и очки;г.Москва;M;Расходные материалы для первичного запуска;25000;20000;30000
131301;77;Оптика и очки;г.Москва;L;Расходные материалы для первичного запуска;41667;30000;50000
131301;77;Оптика и очки;г.Москва;S;Регистрация бизнеса и сопутствующие госпошлины;18333;10000;30000
131301;77;Оптика и очки;г.Москва;M;Регистрация бизнеса и сопутствующие госпошлины;21667;15000;30000
131301;77;Оптика и очки;г.Москва;L;Регистрация бизнеса и сопутствующие госпошлины;26667;20000;30000
131301;77;Оптика и очки;г.Москва;S;Санитарно-эпидемиологические и иные обязательные документы/согласования, если требуются по формату;12333;10000;15000
131301;77;Оптика и очки;г.Москва;M;Санитарно-эпидемиологические и иные обязательные документы/согласования, если требуются по формату;20000;15000;25000
131301;77;Оптика и очки;г.Москва;L;Санитарно-эпидемиологические и иные обязательные документы/согласования, если требуются по формату;28333;20000;40000
131301;77;Оптика и очки;г.Москва;S;Маркетинг на запуск: реклама и продвижение;48333;45000;50000
131301;77;Оптика и очки;г.Москва;M;Маркетинг на запуск: реклама и продвижение;83333;70000;100000
131301;77;Оптика и очки;г.Москва;L;Маркетинг на запуск: реклама и продвижение;136667;100000;200000
131301;77;Оптика и очки;г.Москва;S;Резерв;186333;50000;451000
131301;77;Оптика и очки;г.Москва;M;Резерв;337000;100000;811000
131301;77;Оптика и очки;г.Москва;L;Резерв;470667;151000;1061000
131301;78;Оптика и очки;г.Санкт-Петербург;S;Аренда помещения под салон оптики + обеспечительный депозит;206500;180000;259500
131301;78;Оптика и очки;г.Санкт-Петербург;M;Аренда помещения под салон оптики + обеспечительный депозит;362200;300000;486600
131301;78;Оптика и очки;г.Санкт-Петербург;L;Аренда помещения под салон оптики + обеспечительный депозит;697733;520000;973200
131301;78;Оптика и очки;г.Санкт-Петербург;S;Ремонт и подготовка помещения под требования салона оптики;96667;90000;100000
131301;78;Оптика и очки;г.Санкт-Петербург;M;Ремонт и подготовка помещения под требования салона оптики;203333;180000;250000
131301;78;Оптика и очки;г.Санкт-Петербург;L;Ремонт и подготовка помещения под требования салона оптики;390000;360000;450000
131301;78;Оптика и очки;г.Санкт-Петербург;S;Вывеска и наружное оформление;43333;30000;50000
131301;78;Оптика и очки;г.Санкт-Петербург;M;Вывеска и наружное оформление;80000;60000;100000
131301;78;Оптика и очки;г.Санкт-Петербург;L;Вывеска и наружное оформление;156667;120000;200000
131301;78;Оптика и очки;г.Санкт-Петербург;S;Торговое и демонстрационное оборудование для салона оптики;113333;70000;150000
131301;78;Оптика и очки;г.Санкт-Петербург;M;Торговое и демонстрационное оборудование для салона оптики;220000;140000;270000
131301;78;Оптика и очки;г.Санкт-Петербург;L;Торговое и демонстрационное оборудование для салона оптики;440000;280000;540000
131301;78;Оптика и очки;г.Санкт-Петербург;S;Профессиональное оборудование для подбора и проверки зрения (офтальмологическое/оптометрическое);123333;100000;150000
131301;78;Оптика и очки;г.Санкт-Петербург;M;Профессиональное оборудование для подбора и проверки зрения (офтальмологическое/оптометрическое);233333;180000;300000
131301;78;Оптика и очки;г.Санкт-Петербург;L;Профессиональное оборудование для подбора и проверки зрения (офтальмологическое/оптометрическое);460000;360000;600000
131301;78;Оптика и очки;г.Санкт-Петербург;S;Оборудование для изготовления и подгонки очков, если предусмотрено форматом;16667;0;50000
131301;78;Оптика и очки;г.Санкт-Петербург;M;Оборудование для изготовления и подгонки очков, если предусмотрено форматом;110000;90000;120000
131301;78;Оптика и очки;г.Санкт-Петербург;L;Оборудование для изготовления и подгонки очков, если предусмотрено форматом;240000;180000;300000
131301;78;Оптика и очки;г.Санкт-Петербург;S;Компьютеры, POS-оборудование и касса;45000;30000;60000
131301;78;Оптика и очки;г.Санкт-Петербург;M;Компьютеры, POS-оборудование и касса;76333;54000;100000
131301;78;Оптика и очки;г.Санкт-Петербург;L;Компьютеры, POS-оборудование и касса;136000;108000;180000
131301;78;Оптика и очки;г.Санкт-Петербург;S;Учетное и кассовое программное обеспечение;20000;15000;25000
131301;78;Оптика и очки;г.Санкт-Петербург;M;Учетное и кассовое программное обеспечение;35333;30000;40000
131301;78;Оптика и очки;г.Санкт-Петербург;L;Учетное и кассовое программное обеспечение;62333;45000;72000
131301;78;Оптика и очки;г.Санкт-Петербург;S;Первичный товарный запас: оправы, солнцезащитные очки, линзы, футляры, сопутствующие товары;153333;100000;240000
131301;78;Оптика и очки;г.Санкт-Петербург;M;Первичный товарный запас: оправы, солнцезащитные очки, линзы, футляры, сопутствующие товары;300000;180000;420000
131301;78;Оптика и очки;г.Санкт-Петербург;L;Первичный товарный запас: оправы, солнцезащитные очки, линзы, футляры, сопутствующие товары;620000;360000;900000
131301;78;Оптика и очки;г.Санкт-Петербург;S;Расходные материалы для первичного запуска;13333;10000;20000
131301;78;Оптика и очки;г.Санкт-Петербург;M;Расходные материалы для первичного запуска;26000;18000;40000
131301;78;Оптика и очки;г.Санкт-Петербург;L;Расходные материалы для первичного запуска;50333;35000;80000
131301;78;Оптика и очки;г.Санкт-Петербург;S;Регистрация бизнеса и сопутствующие госпошлины;11000;8000;15000
131301;78;Оптика и очки;г.Санкт-Петербург;M;Регистрация бизнеса и сопутствующие госпошлины;16667;12000;20000
131301;78;Оптика и очки;г.Санкт-Петербург;L;Регистрация бизнеса и сопутствующие госпошлины;28667;20000;36000
131301;78;Оптика и очки;г.Санкт-Петербург;S;Санитарно-эпидемиологические и иные обязательные документы/согласования, если требуются по формату;11667;10000;15000
131301;78;Оптика и очки;г.Санкт-Петербург;M;Санитарно-эпидемиологические и иные обязательные документы/согласования, если требуются по формату;21000;18000;25000
131301;78;Оптика и очки;г.Санкт-Петербург;L;Санитарно-эпидемиологические и иные обязательные документы/согласования, если требуются по формату;37000;35000;40000
131301;78;Оптика и очки;г.Санкт-Петербург;S;Маркетинг на запуск: реклама и продвижение;43333;30000;50000
131301;78;Оптика и очки;г.Санкт-Петербург;M;Маркетинг на запуск: реклама и продвижение;83333;60000;100000
131301;78;Оптика и очки;г.Санкт-Петербург;L;Маркетинг на запуск: реклама и продвижение;156667;90000;200000
131301;78;Оптика и очки;г.Санкт-Петербург;S;Резерв;52333;42000;65000
131301;78;Оптика и очки;г.Санкт-Петербург;M;Резерв;90000;50000;130000
131301;78;Оптика и очки;г.Санкт-Петербург;L;Резерв;184667;114000;260000
181801;5201;Предоставление услуг парикмахерскими и салонами красоты;Нижний Новгород;S;Аренда помещения и обеспечительный депозит;163333;140000;200000
181801;5201;Предоставление услуг парикмахерскими и салонами красоты;Нижний Новгород;M;Аренда помещения и обеспечительный депозит;320000;260000;400000
181801;5201;Предоставление услуг парикмахерскими и салонами красоты;Нижний Новгород;L;Аренда помещения и обеспечительный депозит;560000;480000;700000
181801;5201;Предоставление услуг парикмахерскими и салонами красоты;Нижний Новгород;S;Ремонт, отделка и подготовка помещения под салон;173333;150000;200000
181801;5201;Предоставление услуг парикмахерскими и салонами красоты;Нижний Новгород;M;Ремонт, отделка и подготовка помещения под салон;390000;300000;500000
181801;5201;Предоставление услуг парикмахерскими и салонами красоты;Нижний Новгород;L;Ремонт, отделка и подготовка помещения под салон;706667;500000;900000
181801;5201;Предоставление услуг парикмахерскими и салонами красоты;Нижний Новгород;S;Мебель и оснащение рабочих мест (парикмахерские кресла, зеркала, мойки, тележки, стойка администратора);130000;100000;180000
181801;5201;Предоставление услуг парикмахерскими и салонами красоты;Нижний Новгород;M;Мебель и оснащение рабочих мест (парикмахерские кресла, зеркала, мойки, тележки, стойка администратора);280000;200000;400000
181801;5201;Предоставление услуг парикмахерскими и салонами красоты;Нижний Новгород;L;Мебель и оснащение рабочих мест (парикмахерские кресла, зеркала, мойки, тележки, стойка администратора);490000;350000;700000
181801;5201;Предоставление услуг парикмахерскими и салонами красоты;Нижний Новгород;S;Профессиональное оборудование и инструменты (фены, машинки, плойки, стерилизаторы, УФ/сухожар, климазон и др.);131667;120000;150000
181801;5201;Предоставление услуг парикмахерскими и салонами красоты;Нижний Новгород;M;Профессиональное оборудование и инструменты (фены, машинки, плойки, стерилизаторы, УФ/сухожар, климазон и др.);286667;260000;300000
181801;5201;Предоставление услуг парикмахерскими и салонами красоты;Нижний Новгород;L;Профессиональное оборудование и инструменты (фены, машинки, плойки, стерилизаторы, УФ/сухожар, климазон и др.);476667;430000;500000
181801;5201;Предоставление услуг парикмахерскими и салонами красоты;Нижний Новгород;S;Первичный запас расходных материалов и косметики для старта;63333;20000;90000
181801;5201;Предоставление услуг парикмахерскими и салонами красоты;Нижний Новгород;M;Первичный запас расходных материалов и косметики для старта;120000;40000;170000
181801;5201;Предоставление услуг парикмахерскими и салонами красоты;Нижний Новгород;L;Первичный запас расходных материалов и косметики для старта;206667;70000;300000
181801;5201;Предоставление услуг парикмахерскими и салонами красоты;Нижний Новгород;S;Регистрация бизнеса и открытие расчетного счета;13333;10000;15000
181801;5201;Предоставление услуг парикмахерскими и салонами красоты;Нижний Новгород;M;Регистрация бизнеса и открытие расчетного счета;20000;15000;25000
181801;5201;Предоставление услуг парикмахерскими и салонами красоты;Нижний Новгород;L;Регистрация бизнеса и открытие расчетного счета;26667;20000;35000
181801;5201;Предоставление услуг парикмахерскими и салонами красоты;Нижний Новгород;S;Уведомление/согласования и санитарно-эпидемиологическая подготовка помещения;28333;20000;40000
181801;5201;Предоставление услуг парикмахерскими и салонами красоты;Нижний Новгород;M;Уведомление/согласования и санитарно-эпидемиологическая подготовка помещения;43333;30000;60000
181801;5201;Предоставление услуг парикмахерскими и салонами красоты;Нижний Новгород;L;Уведомление/согласования и санитарно-эпидемиологическая подготовка помещения;63333;50000;80000
181801;5201;Предоставление услуг парикмахерскими и салонами красоты;Нижний Новгород;S;Наружная вывеска и фирменное оформление;41667;30000;50000
181801;5201;Предоставление услуг парикмахерскими и салонами красоты;Нижний Новгород;M;Наружная вывеска и фирменное оформление;70000;50000;80000
181801;5201;Предоставление услуг парикмахерскими и салонами красоты;Нижний Новгород;L;Наружная вывеска и фирменное оформление;110000;80000;130000
181801;5201;Предоставление услуг парикмахерскими и салонами красоты;Нижний Новгород;S;Запусковая реклама и продвижение на старте;53333;50000;60000
181801;5201;Предоставление услуг парикмахерскими и салонами красоты;Нижний Новгород;M;Запусковая реклама и продвижение на старте;96667;90000;100000
181801;5201;Предоставление услуг парикмахерскими и салонами красоты;Нижний Новгород;L;Запусковая реклама и продвижение на старте;166667;150000;200000
181801;5201;Предоставление услуг парикмахерскими и салонами красоты;Нижний Новгород;S;Онлайн-запись, касса, POS-оборудование и учетное ПО;28333;20000;35000
181801;5201;Предоставление услуг парикмахерскими и салонами красоты;Нижний Новгород;M;Онлайн-запись, касса, POS-оборудование и учетное ПО;45000;30000;55000
181801;5201;Предоставление услуг парикмахерскими и салонами красоты;Нижний Новгород;L;Онлайн-запись, касса, POS-оборудование и учетное ПО;68333;50000;85000
181801;5201;Предоставление услуг парикмахерскими и салонами красоты;Нижний Новгород;S;Инженерное оснащение и мелкое хозяйственное оборудование (освещение, сантехника, бытовое оснащение);28333;20000;45000
181801;5201;Предоставление услуг парикмахерскими и салонами красоты;Нижний Новгород;M;Инженерное оснащение и мелкое хозяйственное оборудование (освещение, сантехника, бытовое оснащение);53333;30000;90000
181801;5201;Предоставление услуг парикмахерскими и салонами красоты;Нижний Новгород;L;Инженерное оснащение и мелкое хозяйственное оборудование (освещение, сантехника, бытовое оснащение);90000;50000;160000
181801;5201;Предоставление услуг парикмахерскими и салонами красоты;Нижний Новгород;S;Дезинфекционные средства и санитарные расходники для запуска;9333;8000;10000
181801;5201;Предоставление услуг парикмахерскими и салонами красоты;Нижний Новгород;M;Дезинфекционные средства и санитарные расходники для запуска;16333;15000;18000
181801;5201;Предоставление услуг парикмахерскими и салонами красоты;Нижний Новгород;L;Дезинфекционные средства и санитарные расходники для запуска;24667;20000;30000
181801;5201;Предоставление услуг парикмахерскими и салонами красоты;Нижний Новгород;S;Резерв;38667;0;58000
181801;5201;Предоставление услуг парикмахерскими и салонами красоты;Нижний Новгород;M;Резерв;78000;0;118000
181801;5201;Предоставление услуг парикмахерскими и салонами красоты;Нижний Новгород;L;Резерв;149333;100000;209000
60303;5501;Деятельность фитнес-центров;Омск;S;Аренда помещения и обеспечительный депозит;700000;550000;800000
60303;5501;Деятельность фитнес-центров;Омск;M;Аренда помещения и обеспечительный депозит;2666667;2200000;3000000
60303;5501;Деятельность фитнес-центров;Омск;L;Аренда помещения и обеспечительный депозит;8833333;7500000;10000000
60303;5501;Деятельность фитнес-центров;Омск;S;Ремонт, отделка и подготовка помещения под фитнес-центр;716667;600000;850000
60303;5501;Деятельность фитнес-центров;Омск;M;Ремонт, отделка и подготовка помещения под фитнес-центр;3133333;2000000;4200000
60303;5501;Деятельность фитнес-центров;Омск;L;Ремонт, отделка и подготовка помещения под фитнес-центр;10666667;5000000;15000000
60303;5501;Деятельность фитнес-центров;Омск;S;Проектирование, перепланировка и согласования по помещению;200000;150000;250000
60303;5501;Деятельность фитнес-центров;Омск;M;Проектирование, перепланировка и согласования по помещению;733333;500000;1000000
60303;5501;Деятельность фитнес-центров;Омск;L;Проектирование, перепланировка и согласования по помещению;2500000;1500000;3500000
60303;5501;Деятельность фитнес-центров;Омск;S;Спортивное и тренажерное оборудование;1133333;1000000;1400000
60303;5501;Деятельность фитнес-центров;Омск;M;Спортивное и тренажерное оборудование;4900000;4000000;6500000
60303;5501;Деятельность фитнес-центров;Омск;L;Спортивное и тренажерное оборудование;17333333;15000000;22000000
60303;5501;Деятельность фитнес-центров;Омск;S;Оборудование для групповых и кардио-зон;483333;350000;600000
60303;5501;Деятельность фитнес-центров;Омск;M;Оборудование для групповых и кардио-зон;1900000;1500000;2400000
60303;5501;Деятельность фитнес-центров;Омск;L;Оборудование для групповых и кардио-зон;6333333;4000000;8500000
60303;5501;Деятельность фитнес-центров;Омск;S;Оборудование для раздевалок, душевых и санитарных зон;283333;250000;300000
60303;5501;Деятельность фитнес-центров;Омск;M;Оборудование для раздевалок, душевых и санитарных зон;1033333;800000;1200000
60303;5501;Деятельность фитнес-центров;Омск;L;Оборудование для раздевалок, душевых и санитарных зон;3433333;2000000;4500000
60303;5501;Деятельность фитнес-центров;Омск;S;Мебель и инвентарь для клиентских и административных зон;173333;120000;200000
60303;5501;Деятельность фитнес-центров;Омск;M;Мебель и инвентарь для клиентских и административных зон;583333;400000;800000
60303;5501;Деятельность фитнес-центров;Омск;L;Мебель и инвентарь для клиентских и административных зон;1933333;1000000;3000000
60303;5501;Деятельность фитнес-центров;Омск;S;Системы вентиляции, кондиционирования и климат-контроль;256667;150000;400000
60303;5501;Деятельность фитнес-центров;Омск;M;Системы вентиляции, кондиционирования и климат-контроль;1000000;300000;1500000
60303;5501;Деятельность фитнес-центров;Омск;L;Системы вентиляции, кондиционирования и климат-контроль;3600000;800000;5500000
60303;5501;Деятельность фитнес-центров;Омск;S;Системы безопасности и видеонаблюдения;113333;90000;150000
60303;5501;Деятельность фитнес-центров;Омск;M;Системы безопасности и видеонаблюдения;373333;200000;600000
60303;5501;Деятельность фитнес-центров;Омск;L;Системы безопасности и видеонаблюдения;1266667;500000;2200000
60303;5501;Деятельность фитнес-центров;Омск;S;Регистрация бизнеса и сопутствующие организационные расходы;46667;40000;50000
60303;5501;Деятельность фитнес-центров;Омск;M;Регистрация бизнеса и сопутствующие организационные расходы;106667;100000;120000
60303;5501;Деятельность фитнес-центров;Омск;L;Регистрация бизнеса и сопутствующие организационные расходы;216667;200000;250000
60303;5501;Деятельность фитнес-центров;Омск;S;Разрешительная документация и обязательные согласования;80000;70000;100000
60303;5501;Деятельность фитнес-центров;Омск;M;Разрешительная документация и обязательные согласования;233333;150000;300000
60303;5501;Деятельность фитнес-центров;Омск;L;Разрешительная документация и обязательные согласования;600000;300000;800000
60303;5501;Деятельность фитнес-центров;Омск;S;Вывеска и наружное оформление;80000;80000;80000
60303;5501;Деятельность фитнес-центров;Омск;M;Вывеска и наружное оформление;233333;200000;250000
60303;5501;Деятельность фитнес-центров;Омск;L;Вывеска и наружное оформление;700000;500000;900000
60303;5501;Деятельность фитнес-центров;Омск;S;Рекламная кампания на запуск;193333;180000;200000
60303;5501;Деятельность фитнес-центров;Омск;M;Рекламная кампания на запуск;650000;500000;850000
60303;5501;Деятельность фитнес-центров;Омск;L;Рекламная кампания на запуск;2100000;1500000;2800000
60303;5501;Деятельность фитнес-центров;Омск;S;Кассовое оборудование, POS-терминал и учетное ПО;80000;50000;100000
60303;5501;Деятельность фитнес-центров;Омск;M;Кассовое оборудование, POS-терминал и учетное ПО;206667;100000;300000
60303;5501;Деятельность фитнес-центров;Омск;L;Кассовое оборудование, POS-терминал и учетное ПО;516667;300000;700000
60303;5501;Деятельность фитнес-центров;Омск;S;Резерв;334000;181000;521000
60303;5501;Деятельность фитнес-центров;Омск;M;Резерв;1654000;825000;3137000
60303;5501;Деятельность фитнес-центров;Омск;L;Резерв;5429667;3000000;10189000
100101;5401;Аренда и управление собственным или арендованным недвижимым имуществом;Новосибирск;S;Регистрация юридического лица / ИП и сопутствующие госпошлины;7333;5000;12000
100101;5401;Аренда и управление собственным или арендованным недвижимым имуществом;Новосибирск;M;Регистрация юридического лица / ИП и сопутствующие госпошлины;10000;5000;15000
100101;5401;Аренда и управление собственным или арендованным недвижимым имуществом;Новосибирск;L;Регистрация юридического лица / ИП и сопутствующие госпошлины;15000;5000;25000
100101;5401;Аренда и управление собственным или арендованным недвижимым имуществом;Новосибирск;S;Подготовка учредительных документов, нотариальные и юридические услуги;15000;15000;15000
100101;5401;Аренда и управление собственным или арендованным недвижимым имуществом;Новосибирск;M;Подготовка учредительных документов, нотариальные и юридические услуги;38333;35000;40000
100101;5401;Аренда и управление собственным или арендованным недвижимым имуществом;Новосибирск;L;Подготовка учредительных документов, нотариальные и юридические услуги;83333;80000;90000
100101;5401;Аренда и управление собственным или арендованным недвижимым имуществом;Новосибирск;S;Аренда офиса / помещения для управления недвижимостью и обеспечительный депозит;43333;30000;60000
100101;5401;Аренда и управление собственным или арендованным недвижимым имуществом;Новосибирск;M;Аренда офиса / помещения для управления недвижимостью и обеспечительный депозит;190000;150000;240000
100101;5401;Аренда и управление собственным или арендованным недвижимым имуществом;Новосибирск;L;Аренда офиса / помещения для управления недвижимостью и обеспечительный депозит;606667;500000;720000
100101;5401;Аренда и управление собственным или арендованным недвижимым имуществом;Новосибирск;S;Ремонт, косметическая подготовка и адаптация офиса / помещения под офис;21667;20000;25000
100101;5401;Аренда и управление собственным или арендованным недвижимым имуществом;Новосибирск;M;Ремонт, косметическая подготовка и адаптация офиса / помещения под офис;126667;80000;150000
100101;5401;Аренда и управление собственным или арендованным недвижимым имуществом;Новосибирск;L;Ремонт, косметическая подготовка и адаптация офиса / помещения под офис;383333;200000;500000
100101;5401;Аренда и управление собственным или арендованным недвижимым имуществом;Новосибирск;S;Мебель для офиса и рабочие места сотрудников;26667;20000;30000
100101;5401;Аренда и управление собственным или арендованным недвижимым имуществом;Новосибирск;M;Мебель для офиса и рабочие места сотрудников;126667;60000;200000
100101;5401;Аренда и управление собственным или арендованным недвижимым имуществом;Новосибирск;L;Мебель для офиса и рабочие места сотрудников;436667;150000;800000
100101;5401;Аренда и управление собственным или арендованным недвижимым имуществом;Новосибирск;S;Компьютеры, ноутбуки, оргтехника и периферия;33333;25000;40000
100101;5401;Аренда и управление собственным или арендованным недвижимым имуществом;Новосибирск;M;Компьютеры, ноутбуки, оргтехника и периферия;176667;100000;250000
100101;5401;Аренда и управление собственным или арендованным недвижимым имуществом;Новосибирск;L;Компьютеры, ноутбуки, оргтехника и периферия;563333;250000;900000
100101;5401;Аренда и управление собственным или арендованным недвижимым имуществом;Новосибирск;S;Телефония, интернет и коммуникационное оборудование;9333;8000;10000
100101;5401;Аренда и управление собственным или арендованным недвижимым имуществом;Новосибирск;M;Телефония, интернет и коммуникационное оборудование;35000;25000;50000
100101;5401;Аренда и управление собственным или арендованным недвижимым имуществом;Новосибирск;L;Телефония, интернет и коммуникационное оборудование;90000;50000;150000
100101;5401;Аренда и управление собственным или арендованным недвижимым имуществом;Новосибирск;S;Ключевое профильное ПО для управления недвижимостью, CRM / учет арендных договоров;13333;10000;15000
100101;5401;Аренда и управление собственным или арендованным недвижимым имуществом;Новосибирск;M;Ключевое профильное ПО для управления недвижимостью, CRM / учет арендных договоров;76667;50000;120000
100101;5401;Аренда и управление собственным или арендованным недвижимым имуществом;Новосибирск;L;Ключевое профильное ПО для управления недвижимостью, CRM / учет арендных договоров;260000;100000;500000
100101;5401;Аренда и управление собственным или арендованным недвижимым имуществом;Новосибирск;S;Настройка и внедрение учетной системы, интеграция сервисов;9333;8000;10000
100101;5401;Аренда и управление собственным или арендованным недвижимым имуществом;Новосибирск;M;Настройка и внедрение учетной системы, интеграция сервисов;50000;20000;70000
100101;5401;Аренда и управление собственным или арендованным недвижимым имуществом;Новосибирск;L;Настройка и внедрение учетной системы, интеграция сервисов;156667;50000;220000
100101;5401;Аренда и управление собственным или арендованным недвижимым имуществом;Новосибирск;S;Создание корпоративного сайта и базовых цифровых каналов присутствия;18333;15000;25000
100101;5401;Аренда и управление собственным или арендованным недвижимым имуществом;Новосибирск;M;Создание корпоративного сайта и базовых цифровых каналов присутствия;66667;30000;90000
100101;5401;Аренда и управление собственным или арендованным недвижимым имуществом;Новосибирск;L;Создание корпоративного сайта и базовых цифровых каналов присутствия;206667;70000;300000
100101;5401;Аренда и управление собственным или арендованным недвижимым имуществом;Новосибирск;S;Вывеска, навигация и фирменное оформление офиса;8333;5000;10000
100101;5401;Аренда и управление собственным или арендованным недвижимым имуществом;Новосибирск;M;Вывеска, навигация и фирменное оформление офиса;30000;20000;50000
100101;5401;Аренда и управление собственным или арендованным недвижимым имуществом;Новосибирск;L;Вывеска, навигация и фирменное оформление офиса;83333;50000;150000
100101;5401;Аренда и управление собственным или арендованным недвижимым имуществом;Новосибирск;S;Реклама и продвижение на запуске;21667;20000;25000
100101;5401;Аренда и управление собственным или арендованным недвижимым имуществом;Новосибирск;M;Реклама и продвижение на запуске;183333;100000;250000
100101;5401;Аренда и управление собственным или арендованным недвижимым имуществом;Новосибирск;L;Реклама и продвижение на запуске;566667;200000;800000
100101;5401;Аренда и управление собственным или арендованным недвижимым имуществом;Новосибирск;S;Юридическая подготовка типовых договоров аренды, актов и шаблонов документов;9000;7000;10000
100101;5401;Аренда и управление собственным или арендованным недвижимым имуществом;Новосибирск;M;Юридическая подготовка типовых договоров аренды, актов и шаблонов документов;25000;20000;30000
100101;5401;Аренда и управление собственным или арендованным недвижимым имуществом;Новосибирск;L;Юридическая подготовка типовых договоров аренды, актов и шаблонов документов;63333;30000;80000
100101;5401;Аренда и управление собственным или арендованным недвижимым имуществом;Новосибирск;S;Расходы на первичный осмотр, фотофиксацию и оценку объектов недвижимости;8333;5000;10000
100101;5401;Аренда и управление собственным или арендованным недвижимым имуществом;Новосибирск;M;Расходы на первичный осмотр, фотофиксацию и оценку объектов недвижимости;33333;20000;50000
100101;5401;Аренда и управление собственным или арендованным недвижимым имуществом;Новосибирск;L;Расходы на первичный осмотр, фотофиксацию и оценку объектов недвижимости;103333;50000;200000
100101;5401;Аренда и управление собственным или арендованным недвижимым имуществом;Новосибирск;S;Резерв;27000;10000;61000
100101;5401;Аренда и управление собственным или арендованным недвижимым имуществом;Новосибирск;M;Резерв;107400;50000;200000
100101;5401;Аренда и управление собственным или арендованным недвижимым имуществом;Новосибирск;L;Резерв;385833;57500;1000000
50303;50;Стоматологическая практика;Московская область;S;Аренда помещения под стоматологическую клинику + обеспечительный депозит;1266667;1000000;1600000
50303;50;Стоматологическая практика;Московская область;M;Аренда помещения под стоматологическую клинику + обеспечительный депозит;3733333;3000000;4200000
50303;50;Стоматологическая практика;Московская область;L;Аренда помещения под стоматологическую клинику + обеспечительный депозит;8766667;7000000;10800000
50303;50;Стоматологическая практика;Московская область;S;Ремонт и подготовка помещения под санитарные и технологические требования;1866667;1000000;2500000
50303;50;Стоматологическая практика;Московская область;M;Ремонт и подготовка помещения под санитарные и технологические требования;4566667;2500000;6000000
50303;50;Стоматологическая практика;Московская область;L;Ремонт и подготовка помещения под санитарные и технологические требования;11900000;5000000;17500000
50303;50;Стоматологическая практика;Московская область;S;Проектирование и согласование планировки/инженерных решений для стоматологии;450000;300000;550000
50303;50;Стоматологическая практика;Московская область;M;Проектирование и согласование планировки/инженерных решений для стоматологии;1000000;800000;1200000
50303;50;Стоматологическая практика;Московская область;L;Проектирование и согласование планировки/инженерных решений для стоматологии;2066667;1800000;2400000
50303;50;Стоматологическая практика;Московская область;S;Стоматологические установки (кресла, блоки врача/ассистента);2333333;2000000;2800000
50303;50;Стоматологическая практика;Московская область;M;Стоматологические установки (кресла, блоки врача/ассистента);7333333;5000000;10000000
50303;50;Стоматологическая практика;Московская область;L;Стоматологические установки (кресла, блоки врача/ассистента);20000000;10000000;29000000
50303;50;Стоматологическая практика;Московская область;S;Рентген-оборудование (визиограф/ортопантомограф/КЛКТ — по формату клиники);1033333;900000;1200000
50303;50;Стоматологическая практика;Московская область;M;Рентген-оборудование (визиограф/ортопантомограф/КЛКТ — по формату клиники);3233333;2000000;4200000
50303;50;Стоматологическая практика;Московская область;L;Рентген-оборудование (визиограф/ортопантомограф/КЛКТ — по формату клиники);9166667;4000000;14000000
50303;50;Стоматологическая практика;Московская область;S;Стерилизационное оборудование (автоклав, сухожар, ультразвуковая мойка и др.);516667;300000;650000
50303;50;Стоматологическая практика;Московская область;M;Стерилизационное оборудование (автоклав, сухожар, ультразвуковая мойка и др.);1300000;600000;1800000
50303;50;Стоматологическая практика;Московская область;L;Стерилизационное оборудование (автоклав, сухожар, ультразвуковая мойка и др.);3000000;1000000;4200000
50303;50;Стоматологическая практика;Московская область;S;Компрессор, аспирация и другое инженерное оборудование;466667;200000;700000
50303;50;Стоматологическая практика;Московская область;M;Компрессор, аспирация и другое инженерное оборудование;1166667;400000;1900000
50303;50;Стоматологическая практика;Московская область;L;Компрессор, аспирация и другое инженерное оборудование;2733333;800000;4600000
50303;50;Стоматологическая практика;Московская область;S;Мебель и оснащение кабинетов, ресепшен и зоны ожидания;616667;500000;750000
50303;50;Стоматологическая практика;Московская область;M;Мебель и оснащение кабинетов, ресепшен и зоны ожидания;1700000;1000000;2100000
50303;50;Стоматологическая практика;Московская область;L;Мебель и оснащение кабинетов, ресепшен и зоны ожидания;4233333;2000000;5500000
50303;50;Стоматологическая практика;Московская область;S;Первичный запас стоматологических материалов, расходников и медикаментов;483333;300000;650000
50303;50;Стоматологическая практика;Московская область;M;Первичный запас стоматологических материалов, расходников и медикаментов;1233333;500000;1700000
50303;50;Стоматологическая практика;Московская область;L;Первичный запас стоматологических материалов, расходников и медикаментов;2866667;1000000;3800000
50303;50;Стоматологическая практика;Московская область;S;Медицинский инструмент и наборы для старта;333333;200000;500000
50303;50;Стоматологическая практика;Московская область;M;Медицинский инструмент и наборы для старта;833333;300000;1200000
50303;50;Стоматологическая практика;Московская область;L;Медицинский инструмент и наборы для старта;2033333;500000;2800000
50303;50;Стоматологическая практика;Московская область;S;Регистрация юридического лица / ИП и сопутствующие госпошлины и услуги;50000;50000;50000
50303;50;Стоматологическая практика;Московская область;M;Регистрация юридического лица / ИП и сопутствующие госпошлины и услуги;90000;80000;100000
50303;50;Стоматологическая практика;Московская область;L;Регистрация юридического лица / ИП и сопутствующие госпошлины и услуги;166667;150000;200000
50303;50;Стоматологическая практика;Московская область;S;Санитарно-эпидемиологическая подготовка и оформление обязательной документации;126667;100000;180000
50303;50;Стоматологическая практика;Московская область;M;Санитарно-эпидемиологическая подготовка и оформление обязательной документации;273333;200000;420000
50303;50;Стоматологическая практика;Московская область;L;Санитарно-эпидемиологическая подготовка и оформление обязательной документации;550000;300000;900000
50303;50;Стоматологическая практика;Московская область;S;Лицензирование медицинской деятельности;216667;100000;300000
50303;50;Стоматологическая практика;Московская область;M;Лицензирование медицинской деятельности;433333;200000;600000
50303;50;Стоматологическая практика;Московская область;L;Лицензирование медицинской деятельности;816667;450000;1200000
50303;50;Стоматологическая практика;Московская область;S;Вывеска и внешнее оформление клиники;166667;150000;200000
50303;50;Стоматологическая практика;Московская область;M;Вывеска и внешнее оформление клиники;316667;300000;350000
50303;50;Стоматологическая практика;Московская область;L;Вывеска и внешнее оформление клиники;716667;500000;900000
50303;50;Стоматологическая практика;Московская область;S;Запуск рекламы и продвижения на старте;466667;400000;500000
50303;50;Стоматологическая практика;Московская область;M;Запуск рекламы и продвижения на старте;1266667;1000000;1500000
50303;50;Стоматологическая практика;Московская область;L;Запуск рекламы и продвижения на старте;3000000;2000000;3800000
50303;50;Стоматологическая практика;Московская область;S;Касса, POS-оборудование, компьютерная техника и медицинское/учетное ПО;450000;300000;650000
50303;50;Стоматологическая практика;Московская область;M;Касса, POS-оборудование, компьютерная техника и медицинское/учетное ПО;1133333;800000;1600000
50303;50;Стоматологическая практика;Московская область;L;Касса, POS-оборудование, компьютерная техника и медицинское/учетное ПО;2566667;1500000;3400000
50303;50;Стоматологическая практика;Московская область;S;Резерв;846000;498000;1040000
50303;50;Стоматологическая практика;Московская область;M;Резерв;2307667;1913000;3010000
50303;50;Стоматологическая практика;Московская область;L;Резерв;4954000;1632000;9230000
150202;5501;Строительство жилых и нежилых зданий;Омск;S;Регистрация юридического лица / ИП, госпошлины, нотариальные и сервисные расходы;38333;15000;50000
150202;5501;Строительство жилых и нежилых зданий;Омск;M;Регистрация юридического лица / ИП, госпошлины, нотариальные и сервисные расходы;65000;30000;100000
150202;5501;Строительство жилых и нежилых зданий;Омск;L;Регистрация юридического лица / ИП, госпошлины, нотариальные и сервисные расходы;130000;90000;200000
150202;5501;Строительство жилых и нежилых зданий;Омск;S;Открытие расчётного счёта, выпуск КЭП, подключение к электронному документообороту;27333;12000;40000
150202;5501;Строительство жилых и нежилых зданий;Омск;M;Открытие расчётного счёта, выпуск КЭП, подключение к электронному документообороту;55000;25000;90000
150202;5501;Строительство жилых и нежилых зданий;Омск;L;Открытие расчётного счёта, выпуск КЭП, подключение к электронному документообороту;110000;80000;150000
150202;5501;Строительство жилых и нежилых зданий;Омск;S;Аренда офиса / производственной базы / склада + обеспечительный депозит;173333;100000;220000
150202;5501;Строительство жилых и нежилых зданий;Омск;M;Аренда офиса / производственной базы / склада + обеспечительный депозит;633333;500000;900000
150202;5501;Строительство жилых и нежилых зданий;Омск;L;Аренда офиса / производственной базы / склада + обеспечительный депозит;4000000;1000000;7200000
150202;5501;Строительство жилых и нежилых зданий;Омск;S;Аренда или подготовка строительной площадки / бытового городка / временных помещений на объекте;106667;70000;150000
150202;5501;Строительство жилых и нежилых зданий;Омск;M;Аренда или подготовка строительной площадки / бытового городка / временных помещений на объекте;550000;300000;850000
150202;5501;Строительство жилых и нежилых зданий;Омск;L;Аренда или подготовка строительной площадки / бытового городка / временных помещений на объекте;2833333;2000000;4200000
150202;5501;Строительство жилых и нежилых зданий;Омск;S;Проектные, изыскательские и предпроектные работы;116667;100000;130000
150202;5501;Строительство жилых и нежилых зданий;Омск;M;Проектные, изыскательские и предпроектные работы;733333;500000;900000
150202;5501;Строительство жилых и нежилых зданий;Омск;L;Проектные, изыскательские и предпроектные работы;5000000;2000000;7000000
150202;5501;Строительство жилых и нежилых зданий;Омск;S;Согласование проектной документации, получение необходимых разрешений на строительство и ввод (по проекту);70000;50000;100000
150202;5501;Строительство жилых и нежилых зданий;Омск;M;Согласование проектной документации, получение необходимых разрешений на строительство и ввод (по проекту);316667;100000;600000
150202;5501;Строительство жилых и нежилых зданий;Омск;L;Согласование проектной документации, получение необходимых разрешений на строительство и ввод (по проекту);2100000;500000;4500000
150202;5501;Строительство жилых и нежилых зданий;Омск;S;Подключение и организация временного электроснабжения, водоснабжения, связи на объекте;83333;60000;100000
150202;5501;Строительство жилых и нежилых зданий;Омск;M;Подключение и организация временного электроснабжения, водоснабжения, связи на объекте;383333;300000;450000
150202;5501;Строительство жилых и нежилых зданий;Омск;L;Подключение и организация временного электроснабжения, водоснабжения, связи на объекте;1933333;1000000;3000000
150202;5501;Строительство жилых и нежилых зданий;Омск;S;Строительные машины и механизмы: покупка / аренда / лизинг (экскаватор, автокран, погрузчик, бетоносмесительная техника и т.п.);396667;330000;500000
150202;5501;Строительство жилых и нежилых зданий;Омск;M;Строительные машины и механизмы: покупка / аренда / лизинг (экскаватор, автокран, погрузчик, бетоносмесительная техника и т.п.);3133333;2000000;5200000
150202;5501;Строительство жилых и нежилых зданий;Омск;L;Строительные машины и механизмы: покупка / аренда / лизинг (экскаватор, автокран, погрузчик, бетоносмесительная техника и т.п.);19333333;10000000;31500000
150202;5501;Строительство жилых и нежилых зданий;Омск;S;Строительный инструмент, ручной и электроинструмент;123333;90000;180000
150202;5501;Строительство жилых и нежилых зданий;Омск;M;Строительный инструмент, ручной и электроинструмент;483333;300000;800000
150202;5501;Строительство жилых и нежилых зданий;Омск;L;Строительный инструмент, ручной и электроинструмент;2833333;1000000;6000000
150202;5501;Строительство жилых и нежилых зданий;Омск;S;Опалубка, леса, инвентарные приспособления и оснастка;136667;80000;200000
150202;5501;Строительство жилых и нежилых зданий;Омск;M;Опалубка, леса, инвентарные приспособления и оснастка;700000;500000;1100000
150202;5501;Строительство жилых и нежилых зданий;Омск;L;Опалубка, леса, инвентарные приспособления и оснастка;4200000;2000000;6800000
150202;5501;Строительство жилых и нежилых зданий;Омск;S;Первичный запас основных материалов и расходников для старта работ;323333;240000;430000
150202;5501;Строительство жилых и нежилых зданий;Омск;M;Первичный запас основных материалов и расходников для старта работ;2133333;1000000;3200000
150202;5501;Строительство жилых и нежилых зданий;Омск;L;Первичный запас основных материалов и расходников для старта работ;15666667;5000000;24000000
150202;5501;Строительство жилых и нежилых зданий;Омск;S;ГСМ, технические жидкости и расходные материалы для техники;70000;50000;90000
150202;5501;Строительство жилых и нежилых зданий;Омск;M;ГСМ, технические жидкости и расходные материалы для техники;383333;100000;650000
150202;5501;Строительство жилых и нежилых зданий;Омск;L;ГСМ, технические жидкости и расходные материалы для техники;2233333;500000;3200000
150202;5501;Строительство жилых и нежилых зданий;Омск;S;Средства индивидуальной защиты, спецодежда и охрана труда;61667;40000;100000
150202;5501;Строительство жилых и нежилых зданий;Омск;M;Средства индивидуальной защиты, спецодежда и охрана труда;193333;180000;200000
150202;5501;Строительство жилых и нежилых зданий;Омск;L;Средства индивидуальной защиты, спецодежда и охрана труда;966667;500000;1500000
150202;5501;Строительство жилых и нежилых зданий;Омск;S;Транспорт и логистика: аренда/лизинг грузового транспорта, доставка материалов;150000;100000;230000
150202;5501;Строительство жилых и нежилых зданий;Омск;M;Транспорт и логистика: аренда/лизинг грузового транспорта, доставка материалов;933333;300000;1600000
150202;5501;Строительство жилых и нежилых зданий;Омск;L;Транспорт и логистика: аренда/лизинг грузового транспорта, доставка материалов;6066667;1000000;12000000
150202;5501;Строительство жилых и нежилых зданий;Омск;S;Учетное, проектное и строительное ПО, лицензии на программные продукты;56667;50000;70000
150202;5501;Строительство жилых и нежилых зданий;Омск;M;Учетное, проектное и строительное ПО, лицензии на программные продукты;240000;100000;320000
150202;5501;Строительство жилых и нежилых зданий;Омск;L;Учетное, проектное и строительное ПО, лицензии на программные продукты;1333333;500000;2300000
150202;5501;Строительство жилых и нежилых зданий;Омск;S;Системы связи и оргтехника: компьютеры, принтеры, телефония, интернет;70000;50000;100000
150202;5501;Строительство жилых и нежилых зданий;Омск;M;Системы связи и оргтехника: компьютеры, принтеры, телефония, интернет;226667;100000;300000
150202;5501;Строительство жилых и нежилых зданий;Омск;L;Системы связи и оргтехника: компьютеры, принтеры, телефония, интернет;1250000;500000;2300000
150202;5501;Строительство жилых и нежилых зданий;Омск;S;Маркетинг на запуск: сайт, презентационные материалы, реклама и тендерное продвижение;76667;60000;100000
150202;5501;Строительство жилых и нежилых зданий;Омск;M;Маркетинг на запуск: сайт, презентационные материалы, реклама и тендерное продвижение;316667;250000;400000
150202;5501;Строительство жилых и нежилых зданий;Омск;L;Маркетинг на запуск: сайт, презентационные материалы, реклама и тендерное продвижение;1700000;1000000;3000000
150202;5501;Строительство жилых и нежилых зданий;Омск;S;Вывеска, наружная идентификация и фирменное оформление;31667;20000;50000
150202;5501;Строительство жилых и нежилых зданий;Омск;M;Вывеска, наружная идентификация и фирменное оформление;90000;70000;100000
150202;5501;Строительство жилых и нежилых зданий;Омск;L;Вывеска, наружная идентификация и фирменное оформление;500000;250000;750000
150202;5501;Строительство жилых и нежилых зданий;Омск;S;Банковские гарантии, обеспечительные взносы по контрактам и участие в закупках;100000;50000;150000
150202;5501;Строительство жилых и нежилых зданий;Омск;M;Банковские гарантии, обеспечительные взносы по контрактам и участие в закупках;833333;500000;1200000
150202;5501;Строительство жилых и нежилых зданий;Омск;L;Банковские гарантии, обеспечительные взносы по контрактам и участие в закупках;7666667;2000000;15000000
150202;5501;Строительство жилых и нежилых зданий;Омск;S;Резерв;137667;86000;200000
150202;5501;Строительство жилых и нежилых зданий;Омск;M;Резерв;2307000;500000;5388000
150202;5501;Строительство жилых и нежилых зданий;Омск;L;Резерв;7862000;2000000;13858000
50303;5501;Стоматологическая практика;Омск;S;Аренда помещения под стоматологическую клинику + обеспечительный депозит;464183;392550;600000
50303;5501;Стоматологическая практика;Омск;M;Аренда помещения под стоматологическую клинику + обеспечительный депозит;1292550;900000;1800000
50303;5501;Стоматологическая практика;Омск;L;Аренда помещения под стоматологическую клинику + обеспечительный депозит;3046800;2000000;4000000
50303;5501;Стоматологическая практика;Омск;S;Ремонт и подготовка помещения под санитарные и технологические требования;1093333;800000;1500000
50303;5501;Стоматологическая практика;Омск;M;Ремонт и подготовка помещения под санитарные и технологические требования;3313333;2500000;4500000
50303;5501;Стоматологическая практика;Омск;L;Ремонт и подготовка помещения под санитарные и технологические требования;8280000;5000000;12000000
50303;5501;Стоматологическая практика;Омск;S;Проектирование и согласование планировки/инженерных решений для стоматологии;232000;196000;300000
50303;5501;Стоматологическая практика;Омск;M;Проектирование и согласование планировки/инженерных решений для стоматологии;596000;400000;800000
50303;5501;Стоматологическая практика;Омск;L;Проектирование и согласование планировки/инженерных решений для стоматологии;1456000;800000;2000000
50303;5501;Стоматологическая практика;Омск;S;Стоматологические установки (кресла, блоки врача/ассистента);1523333;1000000;2000000
50303;5501;Стоматологическая практика;Омск;M;Стоматологические установки (кресла, блоки врача/ассистента);4570000;3000000;6000000
50303;5501;Стоматологическая практика;Омск;L;Стоматологические установки (кресла, блоки врача/ассистента);12853333;8000000;18000000
50303;5501;Стоматологическая практика;Омск;S;Рентген-оборудование (визиограф/ортопантомограф/КЛКТ — по формату клиники);450000;300000;550000
50303;5501;Стоматологическая практика;Омск;M;Рентген-оборудование (визиограф/ортопантомограф/КЛКТ — по формату клиники);1551767;800000;2355300
50303;5501;Стоматологическая практика;Омск;L;Рентген-оборудование (визиограф/ортопантомограф/КЛКТ — по формату клиники);4426933;2000000;6280800
50303;5501;Стоматологическая практика;Омск;S;Стерилизационное оборудование (автоклав, сухожар, ультразвуковая мойка и др.);297517;200000;392550
50303;5501;Стоматологическая практика;Омск;M;Стерилизационное оборудование (автоклав, сухожар, ультразвуковая мойка и др.);680707;400000;942120
50303;5501;Стоматологическая практика;Омск;L;Стерилизационное оборудование (автоклав, сухожар, ультразвуковая мойка и др.);1551767;800000;2355300
50303;5501;Стоматологическая практика;Омск;S;Компрессор, аспирация и другое инженерное оборудование;221347;150000;314040
50303;5501;Стоматологическая практика;Омск;M;Компрессор, аспирация и другое инженерное оборудование;528367;300000;785100
50303;5501;Стоматологическая практика;Омск;L;Компрессор, аспирация и другое инженерное оборудование;1228080;600000;1884240
50303;5501;Стоматологическая практика;Омск;S;Мебель и оснащение кабинетов, ресепшен и зоны ожидания;391667;275000;500000
50303;5501;Стоматологическая практика;Омск;M;Мебель и оснащение кабинетов, ресепшен и зоны ожидания;995033;785100;1200000
50303;5501;Стоматологическая практика;Омск;L;Мебель и оснащение кабинетов, ресепшен и зоны ожидания;2294747;1884240;3000000
50303;5501;Стоматологическая практика;Омск;S;Первичный запас стоматологических материалов, расходников и медикаментов;211843;100000;300000
50303;5501;Стоматологическая практика;Омск;M;Первичный запас стоматологических материалов, расходников и медикаментов;529608;200000;800000
50303;5501;Стоматологическая практика;Омск;L;Первичный запас стоматологических материалов, расходников и медикаментов;1225883;500000;2000000
50303;5501;Стоматологическая практика;Омск;S;Медицинский инструмент и наборы для старта;230850;100000;392550
50303;5501;Стоматологическая практика;Омск;M;Медицинский инструмент и наборы для старта;580707;200000;942120
50303;5501;Стоматологическая практика;Омск;L;Медицинский инструмент и наборы для старта;1228080;300000;1884240
50303;5501;Стоматологическая практика;Омск;S;Регистрация юридического лица / ИП и сопутствующие госпошлины и услуги;39867;19600;50000
50303;5501;Стоматологическая практика;Омск;M;Регистрация юридического лица / ИП и сопутствующие госпошлины и услуги;59800;29400;100000
50303;5501;Стоматологическая практика;Омск;L;Регистрация юридического лица / ИП и сопутствующие госпошлины и услуги;83000;49000;150000
50303;5501;Стоматологическая практика;Омск;S;Санитарно-эпидемиологическая подготовка и оформление обязательной документации;145177;100000;235530
50303;5501;Стоматологическая практика;Омск;M;Санитарно-эпидемиологическая подготовка и оформление обязательной документации;286667;150000;510000
50303;5501;Стоматологическая практика;Омск;L;Санитарно-эпидемиологическая подготовка и оформление обязательной документации;526667;200000;980000
50303;5501;Стоматологическая практика;Омск;S;Лицензирование медицинской деятельности;198667;196000;200000
50303;5501;Стоматологическая практика;Омск;M;Лицензирование медицинской деятельности;364000;300000;400000
50303;5501;Стоматологическая практика;Омск;L;Лицензирование медицинской деятельности;661333;400000;800000
50303;5501;Стоматологическая практика;Омск;S;Вывеска и внешнее оформление клиники;99333;98000;100000
50303;5501;Стоматологическая практика;Омск;M;Вывеска и внешнее оформление клиники;264667;200000;300000
50303;5501;Стоматологическая практика;Омск;L;Вывеска и внешнее оформление клиники;496000;300000;600000
50303;5501;Стоматологическая практика;Омск;S;Запуск рекламы и продвижения на старте;278510;235530;300000
50303;5501;Стоматологическая практика;Омск;M;Запуск рекламы и продвижения на старте;729608;588825;1000000
50303;5501;Стоматологическая практика;Омск;L;Запуск рекламы и продвижения на старте;1559217;1000000;2500000
50303;5501;Стоматологическая практика;Омск;S;Касса, POS-оборудование, компьютерная техника и медицинское/учетное ПО;364183;200000;500000
50303;5501;Стоматологическая практика;Омск;M;Касса, POS-оборудование, компьютерная техника и медицинское/учетное ПО;947373;400000;1500000
50303;5501;Стоматологическая практика;Омск;L;Касса, POS-оборудование, компьютерная техника и медицинское/учетное ПО;1994747;600000;3500000
50303;5501;Стоматологическая практика;Омск;S;Резерв;335263;301000;353790
50303;5501;Стоматологическая практика;Омск;M;Резерв;1277883;1003000;1653000
50303;5501;Стоматологическая практика;Омск;L;Резерв;3787167;2778000;4658000
60303;78;Деятельность фитнес-центров;г.Санкт-Петербург;S;Аренда помещения и обеспечительный депозит;1866667;1280000;2500000
60303;78;Деятельность фитнес-центров;г.Санкт-Петербург;M;Аренда помещения и обеспечительный депозит;7200000;5400000;10000000
60303;78;Деятельность фитнес-центров;г.Санкт-Петербург;L;Аренда помещения и обеспечительный депозит;25500000;19500000;35000000
60303;78;Деятельность фитнес-центров;г.Санкт-Петербург;S;Ремонт, отделка и подготовка помещения под фитнес-центр;1500000;1350000;1650000
60303;78;Деятельность фитнес-центров;г.Санкт-Петербург;M;Ремонт, отделка и подготовка помещения под фитнес-центр;6566667;5000000;7500000
60303;78;Деятельность фитнес-центров;г.Санкт-Петербург;L;Ремонт, отделка и подготовка помещения под фитнес-центр;23000000;15000000;28000000
60303;78;Деятельность фитнес-центров;г.Санкт-Петербург;S;Проектирование, перепланировка и согласования по помещению;360000;230000;500000
60303;78;Деятельность фитнес-центров;г.Санкт-Петербург;M;Проектирование, перепланировка и согласования по помещению;1493333;980000;2000000
60303;78;Деятельность фитнес-центров;г.Санкт-Петербург;L;Проектирование, перепланировка и согласования по помещению;4700000;3600000;5500000
60303;78;Деятельность фитнес-центров;г.Санкт-Петербург;S;Спортивное и тренажерное оборудование;2333333;2000000;2500000
60303;78;Деятельность фитнес-центров;г.Санкт-Петербург;M;Спортивное и тренажерное оборудование;10933333;10000000;12800000
60303;78;Деятельность фитнес-центров;г.Санкт-Петербург;L;Спортивное и тренажерное оборудование;36000000;30000000;42000000
60303;78;Деятельность фитнес-центров;г.Санкт-Петербург;S;Оборудование для групповых и кардио-зон;940000;620000;1200000
60303;78;Деятельность фитнес-центров;г.Санкт-Петербург;M;Оборудование для групповых и кардио-зон;3866667;3100000;4500000
60303;78;Деятельность фитнес-центров;г.Санкт-Петербург;L;Оборудование для групповых и кардио-зон;11933333;9800000;16000000
60303;78;Деятельность фитнес-центров;г.Санкт-Петербург;S;Оборудование для раздевалок, душевых и санитарных зон;506667;420000;600000
60303;78;Деятельность фитнес-центров;г.Санкт-Петербург;M;Оборудование для раздевалок, душевых и санитарных зон;2050000;1950000;2200000
60303;78;Деятельность фитнес-центров;г.Санкт-Петербург;L;Оборудование для раздевалок, душевых и санитарных зон;6400000;5000000;8000000
60303;78;Деятельность фитнес-центров;г.Санкт-Петербург;S;Мебель и инвентарь для клиентских и административных зон;330000;240000;450000
60303;78;Деятельность фитнес-центров;г.Санкт-Петербург;M;Мебель и инвентарь для клиентских и административных зон;1260000;980000;1800000
60303;78;Деятельность фитнес-центров;г.Санкт-Петербург;L;Мебель и инвентарь для клиентских и административных зон;4266667;3000000;6500000
60303;78;Деятельность фитнес-центров;г.Санкт-Петербург;S;Системы вентиляции, кондиционирования и климат-контроль;606667;300000;820000
60303;78;Деятельность фитнес-центров;г.Санкт-Петербург;M;Системы вентиляции, кондиционирования и климат-контроль;2433333;1000000;3300000
60303;78;Деятельность фитнес-центров;г.Санкт-Петербург;L;Системы вентиляции, кондиционирования и климат-контроль;7933333;3000000;11000000
60303;78;Деятельность фитнес-центров;г.Санкт-Петербург;S;Системы безопасности и видеонаблюдения;210000;180000;250000
60303;78;Деятельность фитнес-центров;г.Санкт-Петербург;M;Системы безопасности и видеонаблюдения;673333;500000;900000
60303;78;Деятельность фитнес-центров;г.Санкт-Петербург;L;Системы безопасности и видеонаблюдения;2000000;1000000;3200000
60303;78;Деятельность фитнес-центров;г.Санкт-Петербург;S;Регистрация бизнеса и сопутствующие организационные расходы;48333;45000;50000
60303;78;Деятельность фитнес-центров;г.Санкт-Петербург;M;Регистрация бизнеса и сопутствующие организационные расходы;113333;90000;150000
60303;78;Деятельность фитнес-центров;г.Санкт-Петербург;L;Регистрация бизнеса и сопутствующие организационные расходы;250000;150000;400000
60303;78;Деятельность фитнес-центров;г.Санкт-Петербург;S;Разрешительная документация и обязательные согласования;123333;100000;150000
60303;78;Деятельность фитнес-центров;г.Санкт-Петербург;M;Разрешительная документация и обязательные согласования;340000;200000;500000
60303;78;Деятельность фитнес-центров;г.Санкт-Петербург;L;Разрешительная документация и обязательные согласования;1066667;500000;1800000
60303;78;Деятельность фитнес-центров;г.Санкт-Петербург;S;Вывеска и наружное оформление;153333;100000;200000
60303;78;Деятельность фитнес-центров;г.Санкт-Петербург;M;Вывеска и наружное оформление;406667;200000;600000
60303;78;Деятельность фитнес-центров;г.Санкт-Петербург;L;Вывеска и наружное оформление;1300000;500000;2200000
60303;78;Деятельность фитнес-центров;г.Санкт-Петербург;S;Рекламная кампания на запуск;366667;250000;500000
60303;78;Деятельность фитнес-центров;г.Санкт-Петербург;M;Рекламная кампания на запуск;1483333;950000;2000000
60303;78;Деятельность фитнес-центров;г.Санкт-Петербург;L;Рекламная кампания на запуск;4433333;2800000;5500000
60303;78;Деятельность фитнес-центров;г.Санкт-Петербург;S;Кассовое оборудование, POS-терминал и учетное ПО;130000;100000;150000
60303;78;Деятельность фитнес-центров;г.Санкт-Петербург;M;Кассовое оборудование, POS-терминал и учетное ПО;353333;200000;500000
60303;78;Деятельность фитнес-центров;г.Санкт-Петербург;L;Кассовое оборудование, POS-терминал и учетное ПО;1050000;500000;1800000
60303;78;Деятельность фитнес-центров;г.Санкт-Петербург;S;Резерв;528333;435000;650000
60303;78;Деятельность фитнес-центров;г.Санкт-Петербург;M;Резерв;2192000;1676000;2900000
60303;78;Деятельность фитнес-центров;г.Санкт-Петербург;L;Резерв;7346000;5000000;10931000
20206;5201;Кафе;Нижний Новгород;S;Аренда помещения и обеспечительный депозит;328667;200000;500000
20206;5201;Кафе;Нижний Новгород;M;Аренда помещения и обеспечительный депозит;594000;400000;800000
20206;5201;Кафе;Нижний Новгород;L;Аренда помещения и обеспечительный депозит;1166667;800000;1500000
20206;5201;Кафе;Нижний Новгород;S;Ремонт, отделка и подготовка помещения;303333;200000;400000
20206;5201;Кафе;Нижний Новгород;M;Ремонт, отделка и подготовка помещения;753333;400000;1040000
20206;5201;Кафе;Нижний Новгород;L;Ремонт, отделка и подготовка помещения;1933333;800000;2700000
20206;5201;Кафе;Нижний Новгород;S;Проектирование и согласование планировки, технологический проект;76667;50000;100000
20206;5201;Кафе;Нижний Новгород;M;Проектирование и согласование планировки, технологический проект;173333;120000;200000
20206;5201;Кафе;Нижний Новгород;L;Проектирование и согласование планировки, технологический проект;383333;250000;500000
20206;5201;Кафе;Нижний Новгород;S;Ключевое профильное оборудование для кафе (кофемашина, кофемолка, холодильное, тепловое, нейтральное оборудование);356667;300000;400000
20206;5201;Кафе;Нижний Новгород;M;Ключевое профильное оборудование для кафе (кофемашина, кофемолка, холодильное, тепловое, нейтральное оборудование);843333;700000;980000
20206;5201;Кафе;Нижний Новгород;L;Ключевое профильное оборудование для кафе (кофемашина, кофемолка, холодильное, тепловое, нейтральное оборудование);2066667;1500000;2500000
20206;5201;Кафе;Нижний Новгород;S;Мебель и интерьерное оснащение зала;189333;170000;200000
20206;5201;Кафе;Нижний Новгород;M;Мебель и интерьерное оснащение зала;483333;400000;530000
20206;5201;Кафе;Нижний Новгород;L;Мебель и интерьерное оснащение зала;1143667;800000;1400000
20206;5201;Кафе;Нижний Новгород;S;Посуда, инвентарь и мелкий кухонный инвентарь;60000;40000;90000
20206;5201;Кафе;Нижний Новгород;M;Посуда, инвентарь и мелкий кухонный инвентарь;136667;100000;210000
20206;5201;Кафе;Нижний Новгород;L;Посуда, инвентарь и мелкий кухонный инвентарь;293333;200000;430000
20206;5201;Кафе;Нижний Новгород;S;Первичный запас сырья, продуктов и расходных материалов;58333;45000;80000
20206;5201;Кафе;Нижний Новгород;M;Первичный запас сырья, продуктов и расходных материалов;140000;100000;170000
20206;5201;Кафе;Нижний Новгород;L;Первичный запас сырья, продуктов и расходных материалов;303333;200000;360000
20206;5201;Кафе;Нижний Новгород;S;Регистрация бизнеса и сопутствующие госпошлины;16667;15000;20000
20206;5201;Кафе;Нижний Новгород;M;Регистрация бизнеса и сопутствующие госпошлины;23333;20000;30000
20206;5201;Кафе;Нижний Новгород;L;Регистрация бизнеса и сопутствующие госпошлины;35000;25000;50000
20206;5201;Кафе;Нижний Новгород;S;Разрешительная документация и обязательные уведомления для общепита;31667;25000;40000
20206;5201;Кафе;Нижний Новгород;M;Разрешительная документация и обязательные уведомления для общепита;50000;30000;70000
20206;5201;Кафе;Нижний Новгород;L;Разрешительная документация и обязательные уведомления для общепита;90000;50000;120000
20206;5201;Кафе;Нижний Новгород;S;Маркетинг: вывеска и наружное оформление;53333;40000;70000
20206;5201;Кафе;Нижний Новгород;M;Маркетинг: вывеска и наружное оформление;120000;80000;180000
20206;5201;Кафе;Нижний Новгород;L;Маркетинг: вывеска и наружное оформление;233333;150000;350000
20206;5201;Кафе;Нижний Новгород;S;Маркетинг: реклама на запуск;45000;40000;50000
20206;5201;Кафе;Нижний Новгород;M;Маркетинг: реклама на запуск;103333;100000;110000
20206;5201;Кафе;Нижний Новгород;L;Маркетинг: реклама на запуск;206667;200000;220000
20206;5201;Кафе;Нижний Новгород;S;Касса, POS-оборудование и учетное ПО;43333;30000;65000
20206;5201;Кафе;Нижний Новгород;M;Касса, POS-оборудование и учетное ПО;83333;50000;130000
20206;5201;Кафе;Нижний Новгород;L;Касса, POS-оборудование и учетное ПО;163333;100000;240000
20206;5201;Кафе;Нижний Новгород;S;Монтаж, доставка и пусконаладка оборудования;41667;25000;70000
20206;5201;Кафе;Нижний Новгород;M;Монтаж, доставка и пусконаладка оборудования;86667;50000;150000
20206;5201;Кафе;Нижний Новгород;L;Монтаж, доставка и пусконаладка оборудования;160000;100000;280000
20206;5201;Кафе;Нижний Новгород;S;Резерв;124667;100000;171000
20206;5201;Кафе;Нижний Новгород;M;Резерв;258000;171000;403000
20206;5201;Кафе;Нижний Новгород;L;Резерв;657333;400000;968000
50303;23;Стоматологическая практика;Краснодарский край;S;Аренда помещения под стоматологическую клинику + обеспечительный депозит;833267;439800;1560000
50303;23;Стоматологическая практика;Краснодарский край;M;Аренда помещения под стоматологическую клинику + обеспечительный депозит;2427780;1500000;4200000
50303;23;Стоматологическая практика;Краснодарский край;L;Аренда помещения под стоматологическую клинику + обеспечительный депозит;6106167;3518500;10800000
50303;23;Стоматологическая практика;Краснодарский край;S;Ремонт и подготовка помещения под санитарные и технологические требования;1359733;1000000;1759200
50303;23;Стоматологическая практика;Краснодарский край;M;Ремонт и подготовка помещения под санитарные и технологические требования;3692600;2500000;5277800
50303;23;Стоматологическая практика;Краснодарский край;L;Ремонт и подготовка помещения под санитарные и технологические требования;8488867;5000000;12666600
50303;23;Стоматологическая практика;Краснодарский край;S;Проектирование и согласование планировки/инженерных решений для стоматологии;231973;175920;300000
50303;23;Стоматологическая практика;Краснодарский край;M;Проектирование и согласование планировки/инженерных решений для стоматологии;582593;520000;700000
50303;23;Стоматологическая практика;Краснодарский край;L;Проектирование и согласование планировки/инженерных решений для стоматологии;1369133;1200000;1500000
50303;23;Стоматологическая практика;Краснодарский край;S;Стоматологические установки (кресла, блоки врача/ассистента);1705040;1500000;1935120
50303;23;Стоматологическая практика;Краснодарский край;M;Стоматологические установки (кресла, блоки врача/ассистента);4968527;3500000;5805580
50303;23;Стоматологическая практика;Краснодарский край;L;Стоматологические установки (кресла, блоки врача/ассистента);13464167;6000000;17592500
50303;23;Стоматологическая практика;Краснодарский край;S;Рентген-оборудование (визиограф/ортопантомограф/КЛКТ — по формату клиники);486600;439800;520000
50303;23;Стоматологическая практика;Краснодарский край;M;Рентген-оборудование (визиограф/ортопантомограф/КЛКТ — по формату клиники);1727780;1000000;2600000
50303;23;Стоматологическая практика;Краснодарский край;L;Рентген-оборудование (визиограф/ортопантомограф/КЛКТ — по формату клиники);5276533;2000000;8200000
50303;23;Стоматологическая практика;Краснодарский край;S;Стерилизационное оборудование (автоклав, сухожар, ультразвуковая мойка и др.);277280;200000;351840
50303;23;Стоматологическая практика;Краснодарский край;M;Стерилизационное оборудование (автоклав, сухожар, ультразвуковая мойка и др.);738520;400000;1055560
50303;23;Стоматологическая практика;Краснодарский край;L;Стерилизационное оборудование (автоклав, сухожар, ультразвуковая мойка и др.);1804933;700000;2814800
50303;23;Стоматологическая практика;Краснодарский край;S;Компрессор, аспирация и другое инженерное оборудование;307960;263880;360000
50303;23;Стоматологическая практика;Краснодарский край;M;Компрессор, аспирация и другое инженерное оборудование;790557;600000;980000
50303;23;Стоматологическая практика;Краснодарский край;L;Компрессор, аспирация и другое инженерное оборудование;1837033;1000000;2400000
50303;23;Стоматологическая практика;Краснодарский край;S;Мебель и оснащение кабинетов, ресепшен и зоны ожидания;507893;400000;703680
50303;23;Стоматологическая практика;Краснодарский край;M;Мебель и оснащение кабинетов, ресепшен и зоны ожидания;1337040;800000;2111120
50303;23;Стоматологическая практика;Краснодарский край;L;Мебель и оснащение кабинетов, ресепшен и зоны ожидания;3008633;1500000;4925900
50303;23;Стоматологическая практика;Краснодарский край;S;Первичный запас стоматологических материалов, расходников и медикаментов;333267;200000;439800
50303;23;Стоматологическая практика;Краснодарский край;M;Первичный запас стоматологических материалов, расходников и медикаментов;866483;300000;1319450
50303;23;Стоматологическая практика;Краснодарский край;L;Первичный запас стоматологических материалов, расходников и медикаментов;1904933;500000;2814800
50303;23;Стоматологическая практика;Краснодарский край;S;Медицинский инструмент и наборы для старта;283947;200000;351840
50303;23;Стоматологическая практика;Краснодарский край;M;Медицинский инструмент и наборы для старта;738520;300000;1055560
50303;23;Стоматологическая практика;Краснодарский край;L;Медицинский инструмент и наборы для старта;1603700;500000;2200000
50303;23;Стоматологическая практика;Краснодарский край;S;Регистрация юридического лица / ИП и сопутствующие госпошлины и услуги;47993;43980;50000
50303;23;Стоматологическая практика;Краснодарский край;M;Регистрация юридического лица / ИП и сопутствующие госпошлины и услуги;107315;90000;131945
50303;23;Стоматологическая практика;Краснодарский край;L;Регистрация юридического лица / ИП и сопутствующие госпошлины и услуги;233950;150000;351850
50303;23;Стоматологическая практика;Краснодарский край;S;Санитарно-эпидемиологическая подготовка и оформление обязательной документации;109320;87960;140000
50303;23;Стоматологическая практика;Краснодарский край;M;Санитарно-эпидемиологическая подготовка и оформление обязательной документации;261297;200000;320000
50303;23;Стоматологическая практика;Краснодарский край;L;Санитарно-эпидемиологическая подготовка и оформление обязательной документации;567900;300000;703700
50303;23;Стоматологическая практика;Краснодарский край;S;Лицензирование медицинской деятельности;185307;175920;200000
50303;23;Стоматологическая практика;Краснодарский край;M;Лицензирование медицинской деятельности;415927;300000;527780
50303;23;Стоматологическая практика;Краснодарский край;L;Лицензирование медицинской деятельности;935800;500000;1407400
50303;23;Стоматологическая практика;Краснодарский край;S;Вывеска и внешнее оформление клиники;102653;87960;120000
50303;23;Стоматологическая практика;Краснодарский край;M;Вывеска и внешнее оформление клиники;241297;200000;263890
50303;23;Стоматологическая практика;Краснодарский край;L;Вывеска и внешнее оформление клиники;507900;300000;703700
50303;23;Стоматологическая практика;Краснодарский край;S;Запуск рекламы и продвижения на старте;399933;260000;500000
50303;23;Стоматологическая практика;Краснодарский край;M;Запуск рекламы и продвижения на старте;938520;760000;1055560
50303;23;Стоматологическая практика;Краснодарский край;L;Запуск рекламы и продвижения на старте;1970367;1800000;2111100
50303;23;Стоматологическая практика;Краснодарский край;S;Касса, POS-оборудование, компьютерная техника и медицинское/учетное ПО;330613;300000;351840
50303;23;Стоматологическая практика;Краснодарский край;M;Касса, POS-оборудование, компьютерная техника и медицинское/учетное ПО;717223;500000;860000
50303;23;Стоматологическая практика;Краснодарский край;L;Касса, POS-оборудование, компьютерная техника и медицинское/учетное ПО;1670367;1000000;2111100
50303;23;Стоматологическая практика;Краснодарский край;S;Резерв;571227;500000;703680
50303;23;Стоматологическая практика;Краснодарский край;M;Резерв;1557040;1000000;2111120
50303;23;Стоматологическая практика;Краснодарский край;L;Резерв;4409000;2000000;7037000
131301;5501;Оптика и очки;Омск;S;Аренда помещения под салон оптики + обеспечительный депозит;127067;116200;145000
131301;5501;Оптика и очки;Омск;M;Аренда помещения под салон оптики + обеспечительный депозит;204800;174400;260000
131301;5501;Оптика и очки;Омск;L;Аренда помещения под салон оптики + обеспечительный депозит;353867;261600;500000
131301;5501;Оптика и очки;Омск;S;Ремонт и подготовка помещения под требования салона оптики;62700;58100;70000
131301;5501;Оптика и очки;Омск;M;Ремонт и подготовка помещения под требования салона оптики;126333;109000;150000
131301;5501;Оптика и очки;Омск;L;Ремонт и подготовка помещения под требования салона оптики;265370;196110;350000
131301;5501;Оптика и очки;Омск;S;Вывеска и наружное оформление;22747;20000;25000
131301;5501;Оптика и очки;Омск;M;Вывеска и наружное оформление;39533;30000;45000
131301;5501;Оптика и очки;Омск;L;Вывеска и наружное оформление;72787;60000;80000
131301;5501;Оптика и очки;Омск;S;Торговое и демонстрационное оборудование для салона оптики;70763;52290;80000
131301;5501;Оптика и очки;Омск;M;Торговое и демонстрационное оборудование для салона оптики;133000;109000;150000
131301;5501;Оптика и очки;Омск;L;Торговое и демонстрационное оборудование для салона оптики;241440;174320;300000
131301;5501;Оптика и очки;Омск;S;Профессиональное оборудование для подбора и проверки зрения (офтальмологическое/оптометрическое);93813;81440;100000
131301;5501;Оптика и очки;Омск;M;Профессиональное оборудование для подбора и проверки зрения (офтальмологическое/оптометрическое);191467;174400;200000
131301;5501;Оптика и очки;Омск;L;Профессиональное оборудование для подбора и проверки зрения (офтальмологическое/оптометрическое);382880;348640;400000
131301;5501;Оптика и очки;Омск;S;Оборудование для изготовления и подгонки очков, если предусмотрено форматом;17747;0;30000
131301;5501;Оптика и очки;Омск;M;Оборудование для изготовления и подгонки очков, если предусмотрено форматом;68467;60000;80000
131301;5501;Оптика и очки;Омск;L;Оборудование для изготовления и подгонки очков, если предусмотрено форматом;157510;120000;200000
131301;5501;Оптика и очки;Омск;S;Компьютеры, POS-оборудование и касса;36897;20000;50000
131301;5501;Оптика и очки;Омск;M;Компьютеры, POS-оборудование и касса;55133;30000;70000
131301;5501;Оптика и очки;Омск;L;Компьютеры, POS-оборудование и касса;90098;50000;120295
131301;5501;Оптика и очки;Омск;S;Учетное и кассовое программное обеспечение;12207;10000;15000
131301;5501;Оптика и очки;Омск;M;Учетное и кассовое программное обеспечение;20600;15000;25000
131301;5501;Оптика и очки;Омск;L;Учетное и кассовое программное обеспечение;33313;25000;40000
131301;5501;Оптика и очки;Омск;S;Первичный товарный запас: оправы, солнцезащитные очки, линзы, футляры, сопутствующие товары;95673;80000;127020
131301;5501;Оптика и очки;Омск;M;Первичный товарный запас: оправы, солнцезащитные очки, линзы, футляры, сопутствующие товары;201733;150000;305200
131301;5501;Оптика и очки;Омск;L;Первичный товарный запас: оправы, солнцезащитные очки, линзы, футляры, сопутствующие товары;417900;300000;653700
131301;5501;Оптика и очки;Омск;S;Расходные материалы для первичного запуска;10540;10000;11620
131301;5501;Оптика и очки;Омск;M;Расходные материалы для первичного запуска;17267;15000;21800
131301;5501;Оптика и очки;Омск;L;Расходные материалы для первичного запуска;26646;20000;34938
131301;5501;Оптика и очки;Омск;S;Регистрация бизнеса и сопутствующие госпошлины;4883;4648;5000
131301;5501;Оптика и очки;Омск;M;Регистрация бизнеса и сопутствующие госпошлины;7907;5000;10000
131301;5501;Оптика и очки;Омск;L;Регистрация бизнеса и сопутствующие госпошлины;11891;5000;15672
131301;5501;Оптика и очки;Омск;S;Санитарно-эпидемиологические и иные обязательные документы/согласования, если требуются по формату;10540;5000;15000
131301;5501;Оптика и очки;Омск;M;Санитарно-эпидемиологические и иные обязательные документы/согласования, если требуются по формату;17267;10000;21800
131301;5501;Оптика и очки;Омск;L;Санитарно-эпидемиологические и иные обязательные документы/согласования, если требуются по формату;26646;15000;34938
131301;5501;Оптика и очки;Омск;S;Маркетинг на запуск: реклама и продвижение;29683;29050;30000
131301;5501;Оптика и очки;Омск;M;Маркетинг на запуск: реклама и продвижение;51500;50000;54500
131301;5501;Оптика и очки;Омск;L;Маркетинг на запуск: реклама и продвижение;93528;90000;100000
131301;5501;Оптика и очки;Омск;S;Резерв;34161;16000;46000
131301;5501;Оптика и очки;Омск;M;Резерв;67400;30000;87200
131301;5501;Оптика и очки;Омск;L;Резерв;144842;59000;196526
60303;77;Деятельность фитнес-центров;г.Москва;S;Аренда помещения и обеспечительный депозит;1900000;1500000;2500000
60303;77;Деятельность фитнес-центров;г.Москва;M;Аренда помещения и обеспечительный депозит;7000000;6000000;8000000
60303;77;Деятельность фитнес-центров;г.Москва;L;Аренда помещения и обеспечительный депозит;22333333;20000000;25000000
60303;77;Деятельность фитнес-центров;г.Москва;S;Ремонт, отделка и подготовка помещения под фитнес-центр;2166667;1500000;2500000
60303;77;Деятельность фитнес-центров;г.Москва;M;Ремонт, отделка и подготовка помещения под фитнес-центр;8166667;5000000;10000000
60303;77;Деятельность фитнес-центров;г.Москва;L;Ремонт, отделка и подготовка помещения под фитнес-центр;27666667;15000000;40000000
60303;77;Деятельность фитнес-центров;г.Москва;S;Проектирование, перепланировка и согласования по помещению;433333;300000;500000
60303;77;Деятельность фитнес-центров;г.Москва;M;Проектирование, перепланировка и согласования по помещению;1566667;1200000;2000000
60303;77;Деятельность фитнес-центров;г.Москва;L;Проектирование, перепланировка и согласования по помещению;5666667;4000000;8000000
60303;77;Деятельность фитнес-центров;г.Москва;S;Спортивное и тренажерное оборудование;2233333;2000000;2500000
60303;77;Деятельность фитнес-центров;г.Москва;M;Спортивное и тренажерное оборудование;10166667;8000000;12500000
60303;77;Деятельность фитнес-центров;г.Москва;L;Спортивное и тренажерное оборудование;36000000;25000000;43000000
60303;77;Деятельность фитнес-центров;г.Москва;S;Оборудование для групповых и кардио-зон;1016667;850000;1200000
60303;77;Деятельность фитнес-центров;г.Москва;M;Оборудование для групповых и кардио-зон;4400000;3000000;6000000
60303;77;Деятельность фитнес-центров;г.Москва;L;Оборудование для групповых и кардио-зон;15333333;10000000;22000000
60303;77;Деятельность фитнес-центров;г.Москва;S;Оборудование для раздевалок, душевых и санитарных зон;440000;400000;500000
60303;77;Деятельность фитнес-центров;г.Москва;M;Оборудование для раздевалок, душевых и санитарных зон;1700000;1500000;1800000
60303;77;Деятельность фитнес-центров;г.Москва;L;Оборудование для раздевалок, душевых и санитарных зон;6000000;5000000;7000000
60303;77;Деятельность фитнес-центров;г.Москва;S;Мебель и инвентарь для клиентских и административных зон;283333;250000;300000
60303;77;Деятельность фитнес-центров;г.Москва;M;Мебель и инвентарь для клиентских и административных зон;1233333;1000000;1500000
60303;77;Деятельность фитнес-центров;г.Москва;L;Мебель и инвентарь для клиентских и административных зон;3833333;3000000;5000000
60303;77;Деятельность фитнес-центров;г.Москва;S;Системы вентиляции, кондиционирования и климат-контроль;600000;300000;800000
60303;77;Деятельность фитнес-центров;г.Москва;M;Системы вентиляции, кондиционирования и климат-контроль;2566667;1000000;3500000
60303;77;Деятельность фитнес-центров;г.Москва;L;Системы вентиляции, кондиционирования и климат-контроль;8166667;3000000;12000000
60303;77;Деятельность фитнес-центров;г.Москва;S;Системы безопасности и видеонаблюдения;193333;180000;200000
60303;77;Деятельность фитнес-центров;г.Москва;M;Системы безопасности и видеонаблюдения;650000;500000;800000
60303;77;Деятельность фитнес-центров;г.Москва;L;Системы безопасности и видеонаблюдения;2100000;1500000;3000000
60303;77;Деятельность фитнес-центров;г.Москва;S;Регистрация бизнеса и сопутствующие организационные расходы;66667;50000;100000
60303;77;Деятельность фитнес-центров;г.Москва;M;Регистрация бизнеса и сопутствующие организационные расходы;133333;100000;200000
60303;77;Деятельность фитнес-центров;г.Москва;L;Регистрация бизнеса и сопутствующие организационные расходы;400000;200000;500000
60303;77;Деятельность фитнес-центров;г.Москва;S;Разрешительная документация и обязательные согласования;150000;100000;200000
60303;77;Деятельность фитнес-центров;г.Москва;M;Разрешительная документация и обязательные согласования;383333;200000;500000
60303;77;Деятельность фитнес-центров;г.Москва;L;Разрешительная документация и обязательные согласования;1066667;500000;1500000
60303;77;Деятельность фитнес-центров;г.Москва;S;Вывеска и наружное оформление;166667;100000;250000
60303;77;Деятельность фитнес-центров;г.Москва;M;Вывеска и наружное оформление;500000;200000;800000
60303;77;Деятельность фитнес-центров;г.Москва;L;Вывеска и наружное оформление;1666667;500000;2500000
60303;77;Деятельность фитнес-центров;г.Москва;S;Рекламная кампания на запуск;466667;400000;500000
60303;77;Деятельность фитнес-центров;г.Москва;M;Рекламная кампания на запуск;1766667;1500000;2000000
60303;77;Деятельность фитнес-центров;г.Москва;L;Рекламная кампания на запуск;6000000;5000000;7000000
60303;77;Деятельность фитнес-центров;г.Москва;S;Кассовое оборудование, POS-терминал и учетное ПО;140000;100000;200000
60303;77;Деятельность фитнес-центров;г.Москва;M;Кассовое оборудование, POS-терминал и учетное ПО;350000;200000;500000
60303;77;Деятельность фитнес-центров;г.Москва;L;Кассовое оборудование, POS-терминал и учетное ПО;966667;500000;1500000
60303;77;Деятельность фитнес-центров;г.Москва;S;Резерв;703333;500000;1110000
60303;77;Деятельность фитнес-центров;г.Москва;M;Резерв;2993333;1500000;4480000
60303;77;Деятельность фитнес-центров;г.Москва;L;Резерв;8833333;5000000;12000000
20206;10;Кафе;Республика Карелия;S;Аренда помещения и обеспечительный депозит;350267;300000;390800
20206;10;Кафе;Республика Карелия;M;Аренда помещения и обеспечительный депозит;773133;600000;919400
20206;10;Кафе;Республика Карелия;L;Аренда помещения и обеспечительный депозит;1835533;1500000;2206600
20206;10;Кафе;Республика Карелия;S;Ремонт, отделка и подготовка помещения;330933;292800;400000
20206;10;Кафе;Республика Карелия;M;Ремонт, отделка и подготовка помещения;729867;600000;900000
20206;10;Кафе;Республика Карелия;L;Ремонт, отделка и подготовка помещения;1718300;1300000;2200000
20206;10;Кафе;Республика Карелия;S;Проектирование и согласование планировки, технологический проект;69500;50000;100000
20206;10;Кафе;Республика Карелия;M;Проектирование и согласование планировки, технологический проект;145967;100000;200000
20206;10;Кафе;Республика Карелия;L;Проектирование и согласование планировки, технологический проект;326667;250000;400000
20206;10;Кафе;Республика Карелия;S;Ключевое профильное оборудование для кафе (кофемашина, кофемолка, холодильное, тепловое, нейтральное оборудование);482167;400000;546500
20206;10;Кафе;Республика Карелия;M;Ключевое профильное оборудование для кафе (кофемашина, кофемолка, холодильное, тепловое, нейтральное оборудование);1129733;900000;1289200
20206;10;Кафе;Республика Карелия;L;Ключевое профильное оборудование для кафе (кофемашина, кофемолка, холодильное, тепловое, нейтральное оборудование);2696433;2000000;3089300
20206;10;Кафе;Республика Карелия;S;Мебель и интерьерное оснащение зала;202100;156300;250000
20206;10;Кафе;Республика Карелия;M;Мебель и интерьерное оснащение зала;455933;367800;500000
20206;10;Кафе;Республика Карелия;L;Мебель и интерьерное оснащение зала;1027267;881800;1200000
20206;10;Кафе;Республика Карелия;S;Посуда, инвентарь и мелкий кухонный инвентарь;86000;78000;100000
20206;10;Кафе;Республика Карелия;M;Посуда, инвентарь и мелкий кухонный инвентарь;194633;183900;200000
20206;10;Кафе;Республика Карелия;L;Посуда, инвентарь и мелкий кухонный инвентарь;413567;400000;440700
20206;10;Кафе;Республика Карелия;S;Первичный запас сырья, продуктов и расходных материалов;82367;50000;117100
20206;10;Кафе;Республика Карелия;M;Первичный запас сырья, продуктов и расходных материалов;191933;100000;275800
20206;10;Кафе;Республика Карелия;L;Первичный запас сырья, продуктов и расходных материалов;420633;200000;661900
20206;10;Кафе;Республика Карелия;S;Регистрация бизнеса и сопутствующие госпошлины;15933;7800;20000
20206;10;Кафе;Республика Карелия;M;Регистрация бизнеса и сопутствующие госпошлины;26100;18300;30000
20206;10;Кафе;Республика Карелия;L;Регистрация бизнеса и сопутствующие госпошлины;48033;44100;50000
20206;10;Кафе;Республика Карелия;S;Разрешительная документация и обязательные уведомления для общепита;27800;23400;30000
20206;10;Кафе;Республика Карелия;M;Разрешительная документация и обязательные уведомления для общепита;51700;50000;55100
20206;10;Кафе;Республика Карелия;L;Разрешительная документация и обязательные уведомления для общепита;110800;100000;132400
20206;10;Кафе;Республика Карелия;S;Маркетинг: вывеска и наружное оформление;89033;50000;117100
20206;10;Кафе;Республика Карелия;M;Маркетинг: вывеска и наружное оформление;191933;150000;275800
20206;10;Кафе;Республика Карелия;L;Маркетинг: вывеска и наружное оформление;453967;300000;661900
20206;10;Кафе;Республика Карелия;S;Маркетинг: реклама на запуск;72667;40000;100000
20206;10;Кафе;Республика Карелия;M;Маркетинг: реклама на запуск;161300;100000;200000
20206;10;Кафе;Республика Карелия;L;Маркетинг: реклама на запуск;380233;300000;440700
20206;10;Кафе;Республика Карелия;S;Касса, POS-оборудование и учетное ПО;60067;50000;70200
20206;10;Кафе;Республика Карелия;M;Касса, POS-оборудование и учетное ПО;138500;100000;165500
20206;10;Кафе;Республика Карелия;L;Касса, POS-оборудование и учетное ПО;298667;200000;396000
20206;10;Кафе;Республика Карелия;S;Монтаж, доставка и пусконаладка оборудования;93433;40000;140300
20206;10;Кафе;Республика Карелия;M;Монтаж, доставка и пусконаладка оборудования;193333;100000;330000
20206;10;Кафе;Республика Карелия;L;Монтаж, доставка и пусконаладка оборудования;447467;250000;792400
20206;10;Кафе;Республика Карелия;S;Резерв;160667;104000;234000
20206;10;Кафе;Республика Карелия;M;Резерв;405000;317000;551000
20206;10;Кафе;Республика Карелия;L;Резерв;1080000;833000;1324000
20206;2301;Кафе;Краснодар;S;Аренда помещения и обеспечительный депозит;300000;240000;400000
20206;2301;Кафе;Краснодар;M;Аренда помещения и обеспечительный депозит;596667;500000;750000
20206;2301;Кафе;Краснодар;L;Аренда помещения и обеспечительный депозит;1260000;1080000;1500000
20206;2301;Кафе;Краснодар;S;Ремонт, отделка и подготовка помещения;256667;200000;300000
20206;2301;Кафе;Краснодар;M;Ремонт, отделка и подготовка помещения;693333;500000;800000
20206;2301;Кафе;Краснодар;L;Ремонт, отделка и подготовка помещения;1633333;1000000;2000000
20206;2301;Кафе;Краснодар;S;Проектирование и согласование планировки, технологический проект;48333;45000;50000
20206;2301;Кафе;Краснодар;M;Проектирование и согласование планировки, технологический проект;93333;80000;100000
20206;2301;Кафе;Краснодар;L;Проектирование и согласование планировки, технологический проект;196667;140000;250000
20206;2301;Кафе;Краснодар;S;Ключевое профильное оборудование для кафе (кофемашина, кофемолка, холодильное, тепловое, нейтральное оборудование);360000;300000;430000
20206;2301;Кафе;Краснодар;M;Ключевое профильное оборудование для кафе (кофемашина, кофемолка, холодильное, тепловое, нейтральное оборудование);810000;700000;930000
20206;2301;Кафе;Краснодар;L;Ключевое профильное оборудование для кафе (кофемашина, кофемолка, холодильное, тепловое, нейтральное оборудование);1816667;1500000;2150000
20206;2301;Кафе;Краснодар;S;Мебель и интерьерное оснащение зала;183333;150000;200000
20206;2301;Кафе;Краснодар;M;Мебель и интерьерное оснащение зала;440000;400000;500000
20206;2301;Кафе;Краснодар;L;Мебель и интерьерное оснащение зала;966667;800000;1200000
20206;2301;Кафе;Краснодар;S;Посуда, инвентарь и мелкий кухонный инвентарь;68333;50000;80000
20206;2301;Кафе;Краснодар;M;Посуда, инвентарь и мелкий кухонный инвентарь;136667;100000;160000
20206;2301;Кафе;Краснодар;L;Посуда, инвентарь и мелкий кухонный инвентарь;290000;200000;350000
20206;2301;Кафе;Краснодар;S;Первичный запас сырья, продуктов и расходных материалов;71667;50000;100000
20206;2301;Кафе;Краснодар;M;Первичный запас сырья, продуктов и расходных материалов;143333;100000;200000
20206;2301;Кафе;Краснодар;L;Первичный запас сырья, продуктов и расходных материалов;320000;200000;500000
20206;2301;Кафе;Краснодар;S;Регистрация бизнеса и сопутствующие госпошлины;20667;12000;30000
20206;2301;Кафе;Краснодар;M;Регистрация бизнеса и сопутствующие госпошлины;28333;15000;40000
20206;2301;Кафе;Краснодар;L;Регистрация бизнеса и сопутствующие госпошлины;40000;20000;50000
20206;2301;Кафе;Краснодар;S;Разрешительная документация и обязательные уведомления для общепита;35000;30000;40000
20206;2301;Кафе;Краснодар;M;Разрешительная документация и обязательные уведомления для общепита;53333;50000;60000
20206;2301;Кафе;Краснодар;L;Разрешительная документация и обязательные уведомления для общепита;90000;70000;100000
20206;2301;Кафе;Краснодар;S;Маркетинг: вывеска и наружное оформление;56667;50000;60000
20206;2301;Кафе;Краснодар;M;Маркетинг: вывеска и наружное оформление;113333;100000;120000
20206;2301;Кафе;Краснодар;L;Маркетинг: вывеска и наружное оформление;250000;200000;300000
20206;2301;Кафе;Краснодар;S;Маркетинг: реклама на запуск;48333;45000;50000
20206;2301;Кафе;Краснодар;M;Маркетинг: реклама на запуск;106667;100000;120000
20206;2301;Кафе;Краснодар;L;Маркетинг: реклама на запуск;233333;200000;250000
20206;2301;Кафе;Краснодар;S;Касса, POS-оборудование и учетное ПО;41667;30000;55000
20206;2301;Кафе;Краснодар;M;Касса, POS-оборудование и учетное ПО;70000;50000;90000
20206;2301;Кафе;Краснодар;L;Касса, POS-оборудование и учетное ПО;130000;100000;150000
20206;2301;Кафе;Краснодар;S;Монтаж, доставка и пусконаладка оборудования;46667;30000;60000
20206;2301;Кафе;Краснодар;M;Монтаж, доставка и пусконаладка оборудования;86667;50000;110000
20206;2301;Кафе;Краснодар;L;Монтаж, доставка и пусконаладка оборудования;173333;100000;220000
20206;2301;Кафе;Краснодар;S;Резерв;108000;100000;124000
20206;2301;Кафе;Краснодар;M;Резерв;166667;100000;200000
20206;2301;Кафе;Краснодар;L;Резерв;317000;151000;500000
131301;10;Оптика и очки;Республика Карелия;S;Аренда помещения под салон оптики + обеспечительный депозит;216667;200000;250000
131301;10;Оптика и очки;Республика Карелия;M;Аренда помещения под салон оптики + обеспечительный депозит;350000;300000;400000
131301;10;Оптика и очки;Республика Карелия;L;Аренда помещения под салон оптики + обеспечительный депозит;666667;500000;800000
131301;10;Оптика и очки;Республика Карелия;S;Ремонт и подготовка помещения под требования салона оптики;160000;150000;180000
131301;10;Оптика и очки;Республика Карелия;M;Ремонт и подготовка помещения под требования салона оптики;283333;250000;300000
131301;10;Оптика и очки;Республика Карелия;L;Ремонт и подготовка помещения под требования салона оптики;583333;500000;650000
131301;10;Оптика и очки;Республика Карелия;S;Вывеска и наружное оформление;50000;50000;50000
131301;10;Оптика и очки;Республика Карелия;M;Вывеска и наружное оформление;75000;70000;80000
131301;10;Оптика и очки;Республика Карелия;L;Вывеска и наружное оформление;130000;120000;150000
131301;10;Оптика и очки;Республика Карелия;S;Торговое и демонстрационное оборудование для салона оптики;90000;80000;100000
131301;10;Оптика и очки;Республика Карелия;M;Торговое и демонстрационное оборудование для салона оптики;150000;150000;150000
131301;10;Оптика и очки;Республика Карелия;L;Торговое и демонстрационное оборудование для салона оптики;293333;280000;300000
131301;10;Оптика и очки;Республика Карелия;S;Профессиональное оборудование для подбора и проверки зрения (офтальмологическое/оптометрическое);150000;150000;150000
131301;10;Оптика и очки;Республика Карелия;M;Профессиональное оборудование для подбора и проверки зрения (офтальмологическое/оптометрическое);283333;250000;300000
131301;10;Оптика и очки;Республика Карелия;L;Профессиональное оборудование для подбора и проверки зрения (офтальмологическое/оптометрическое);600000;500000;700000
131301;10;Оптика и очки;Республика Карелия;S;Оборудование для изготовления и подгонки очков, если предусмотрено форматом;33333;0;100000
131301;10;Оптика и очки;Республика Карелия;M;Оборудование для изготовления и подгонки очков, если предусмотрено форматом;140000;120000;150000
131301;10;Оптика и очки;Республика Карелия;L;Оборудование для изготовления и подгонки очков, если предусмотрено форматом;316667;300000;350000
131301;10;Оптика и очки;Республика Карелия;S;Компьютеры, POS-оборудование и касса;56667;50000;70000
131301;10;Оптика и очки;Республика Карелия;M;Компьютеры, POS-оборудование и касса;81667;70000;100000
131301;10;Оптика и очки;Республика Карелия;L;Компьютеры, POS-оборудование и касса;133333;100000;150000
131301;10;Оптика и очки;Республика Карелия;S;Учетное и кассовое программное обеспечение;26667;20000;30000
131301;10;Оптика и очки;Республика Карелия;M;Учетное и кассовое программное обеспечение;43333;30000;50000
131301;10;Оптика и очки;Республика Карелия;L;Учетное и кассовое программное обеспечение;76667;50000;100000
131301;10;Оптика и очки;Республика Карелия;S;Первичный товарный запас: оправы, солнцезащитные очки, линзы, футляры, сопутствующие товары;173333;100000;220000
131301;10;Оптика и очки;Республика Карелия;M;Первичный товарный запас: оправы, солнцезащитные очки, линзы, футляры, сопутствующие товары;343333;200000;480000
131301;10;Оптика и очки;Республика Карелия;L;Первичный товарный запас: оправы, солнцезащитные очки, линзы, футляры, сопутствующие товары;660000;400000;880000
131301;10;Оптика и очки;Республика Карелия;S;Расходные материалы для первичного запуска;16667;15000;20000
131301;10;Оптика и очки;Республика Карелия;M;Расходные материалы для первичного запуска;26667;25000;30000
131301;10;Оптика и очки;Республика Карелия;L;Расходные материалы для первичного запуска;53333;50000;60000
131301;10;Оптика и очки;Республика Карелия;S;Регистрация бизнеса и сопутствующие госпошлины;11667;10000;15000
131301;10;Оптика и очки;Республика Карелия;M;Регистрация бизнеса и сопутствующие госпошлины;15000;15000;15000
131301;10;Оптика и очки;Республика Карелия;L;Регистрация бизнеса и сопутствующие госпошлины;21667;15000;30000
131301;10;Оптика и очки;Республика Карелия;S;Санитарно-эпидемиологические и иные обязательные документы/согласования, если требуются по формату;10000;10000;10000
131301;10;Оптика и очки;Республика Карелия;M;Санитарно-эпидемиологические и иные обязательные документы/согласования, если требуются по формату;18333;15000;20000
131301;10;Оптика и очки;Республика Карелия;L;Санитарно-эпидемиологические и иные обязательные документы/согласования, если требуются по формату;33333;30000;40000
131301;10;Оптика и очки;Республика Карелия;S;Маркетинг на запуск: реклама и продвижение;46667;40000;50000
131301;10;Оптика и очки;Республика Карелия;M;Маркетинг на запуск: реклама и продвижение;83333;70000;100000
131301;10;Оптика и очки;Республика Карелия;L;Маркетинг на запуск: реклама и продвижение;156667;120000;200000
131301;10;Оптика и очки;Республика Карелия;S;Резерв;45333;38000;50000
131301;10;Оптика и очки;Республика Карелия;M;Резерв;84000;56000;100000
131301;10;Оптика и очки;Республика Карелия;L;Резерв;161333;112000;200000
181801;23;Предоставление услуг парикмахерскими и салонами красоты;Краснодарский край;S;Аренда помещения и обеспечительный депозит;160000;150000;180000
181801;23;Предоставление услуг парикмахерскими и салонами красоты;Краснодарский край;M;Аренда помещения и обеспечительный депозит;316667;300000;350000
181801;23;Предоставление услуг парикмахерскими и салонами красоты;Краснодарский край;L;Аренда помещения и обеспечительный депозит;520000;450000;600000
181801;23;Предоставление услуг парикмахерскими и салонами красоты;Краснодарский край;S;Ремонт, отделка и подготовка помещения под салон;120000;100000;160000
181801;23;Предоставление услуг парикмахерскими и салонами красоты;Краснодарский край;M;Ремонт, отделка и подготовка помещения под салон;283333;200000;350000
181801;23;Предоставление услуг парикмахерскими и салонами красоты;Краснодарский край;L;Ремонт, отделка и подготовка помещения под салон;516667;300000;650000
181801;23;Предоставление услуг парикмахерскими и салонами красоты;Краснодарский край;S;Мебель и оснащение рабочих мест (парикмахерские кресла, зеркала, мойки, тележки, стойка администратора);113333;90000;150000
181801;23;Предоставление услуг парикмахерскими и салонами красоты;Краснодарский край;M;Мебель и оснащение рабочих мест (парикмахерские кресла, зеркала, мойки, тележки, стойка администратора);246667;190000;350000
181801;23;Предоставление услуг парикмахерскими и салонами красоты;Краснодарский край;L;Мебель и оснащение рабочих мест (парикмахерские кресла, зеркала, мойки, тележки, стойка администратора);406667;300000;600000
181801;23;Предоставление услуг парикмахерскими и салонами красоты;Краснодарский край;S;Профессиональное оборудование и инструменты (фены, машинки, плойки, стерилизаторы, УФ/сухожар, климазон и др.);120000;90000;150000
181801;23;Предоставление услуг парикмахерскими и салонами красоты;Краснодарский край;M;Профессиональное оборудование и инструменты (фены, машинки, плойки, стерилизаторы, УФ/сухожар, климазон и др.);240000;170000;300000
181801;23;Предоставление услуг парикмахерскими и салонами красоты;Краснодарский край;L;Профессиональное оборудование и инструменты (фены, машинки, плойки, стерилизаторы, УФ/сухожар, климазон и др.);400000;300000;450000
181801;23;Предоставление услуг парикмахерскими и салонами красоты;Краснодарский край;S;Первичный запас расходных материалов и косметики для старта;56667;20000;80000
181801;23;Предоставление услуг парикмахерскими и салонами красоты;Краснодарский край;M;Первичный запас расходных материалов и косметики для старта;110000;40000;150000
181801;23;Предоставление услуг парикмахерскими и салонами красоты;Краснодарский край;L;Первичный запас расходных материалов и косметики для старта;183333;60000;250000
181801;23;Предоставление услуг парикмахерскими и салонами красоты;Краснодарский край;S;Регистрация бизнеса и открытие расчетного счета;12333;10000;15000
181801;23;Предоставление услуг парикмахерскими и салонами красоты;Краснодарский край;M;Регистрация бизнеса и открытие расчетного счета;17667;15000;20000
181801;23;Предоставление услуг парикмахерскими и салонами красоты;Краснодарский край;L;Регистрация бизнеса и открытие расчетного счета;25000;20000;30000
181801;23;Предоставление услуг парикмахерскими и салонами красоты;Краснодарский край;S;Уведомление/согласования и санитарно-эпидемиологическая подготовка помещения;22667;18000;30000
181801;23;Предоставление услуг парикмахерскими и салонами красоты;Краснодарский край;M;Уведомление/согласования и санитарно-эпидемиологическая подготовка помещения;38333;30000;55000
181801;23;Предоставление услуг парикмахерскими и салонами красоты;Краснодарский край;L;Уведомление/согласования и санитарно-эпидемиологическая подготовка помещения;58333;40000;90000
181801;23;Предоставление услуг парикмахерскими и салонами красоты;Краснодарский край;S;Наружная вывеска и фирменное оформление;31667;30000;35000
181801;23;Предоставление услуг парикмахерскими и салонами красоты;Краснодарский край;M;Наружная вывеска и фирменное оформление;60000;50000;70000
181801;23;Предоставление услуг парикмахерскими и салонами красоты;Краснодарский край;L;Наружная вывеска и фирменное оформление;96667;70000;120000
181801;23;Предоставление услуг парикмахерскими и салонами красоты;Краснодарский край;S;Запусковая реклама и продвижение на старте;48333;45000;50000
181801;23;Предоставление услуг парикмахерскими и салонами красоты;Краснодарский край;M;Запусковая реклама и продвижение на старте;95000;85000;100000
181801;23;Предоставление услуг парикмахерскими и салонами красоты;Краснодарский край;L;Запусковая реклама и продвижение на старте;163333;140000;200000
181801;23;Предоставление услуг парикмахерскими и салонами красоты;Краснодарский край;S;Онлайн-запись, касса, POS-оборудование и учетное ПО;28333;20000;40000
181801;23;Предоставление услуг парикмахерскими и салонами красоты;Краснодарский край;M;Онлайн-запись, касса, POS-оборудование и учетное ПО;45000;30000;60000
181801;23;Предоставление услуг парикмахерскими и салонами красоты;Краснодарский край;L;Онлайн-запись, касса, POS-оборудование и учетное ПО;63333;40000;80000
181801;23;Предоставление услуг парикмахерскими и салонами красоты;Краснодарский край;S;Инженерное оснащение и мелкое хозяйственное оборудование (освещение, сантехника, бытовое оснащение);25000;20000;30000
181801;23;Предоставление услуг парикмахерскими и салонами красоты;Краснодарский край;M;Инженерное оснащение и мелкое хозяйственное оборудование (освещение, сантехника, бытовое оснащение);46667;30000;60000
181801;23;Предоставление услуг парикмахерскими и салонами красоты;Краснодарский край;L;Инженерное оснащение и мелкое хозяйственное оборудование (освещение, сантехника, бытовое оснащение);76667;40000;100000
181801;23;Предоставление услуг парикмахерскими и салонами красоты;Краснодарский край;S;Дезинфекционные средства и санитарные расходники для запуска;12000;10000;15000
181801;23;Предоставление услуг парикмахерскими и салонами красоты;Краснодарский край;M;Дезинфекционные средства и санитарные расходники для запуска;21000;18000;25000
181801;23;Предоставление услуг парикмахерскими и салонами красоты;Краснодарский край;L;Дезинфекционные средства и санитарные расходники для запуска;33333;30000;40000
181801;23;Предоставление услуг парикмахерскими и салонами красоты;Краснодарский край;S;Резерв;49000;21000;70000
181801;23;Предоставление услуг парикмахерскими и салонами красоты;Краснодарский край;M;Резерв;137667;119000;159000
181801;23;Предоставление услуг парикмахерскими и салонами красоты;Краснодарский край;L;Резерв;295667;189000;419000
150202;77;Строительство жилых и нежилых зданий;г.Москва;S;Регистрация юридического лица / ИП, госпошлины, нотариальные и сервисные расходы;38333;20000;60000
150202;77;Строительство жилых и нежилых зданий;г.Москва;M;Регистрация юридического лица / ИП, госпошлины, нотариальные и сервисные расходы;73333;50000;90000
150202;77;Строительство жилых и нежилых зданий;г.Москва;L;Регистрация юридического лица / ИП, госпошлины, нотариальные и сервисные расходы;133333;100000;200000
150202;77;Строительство жилых и нежилых зданий;г.Москва;S;Открытие расчётного счёта, выпуск КЭП, подключение к электронному документообороту;31667;10000;55000
150202;77;Строительство жилых и нежилых зданий;г.Москва;M;Открытие расчётного счёта, выпуск КЭП, подключение к электронному документообороту;80000;20000;180000
150202;77;Строительство жилых и нежилых зданий;г.Москва;L;Открытие расчётного счёта, выпуск КЭП, подключение к электронному документообороту;173333;50000;420000
150202;77;Строительство жилых и нежилых зданий;г.Москва;S;Аренда офиса / производственной базы / склада + обеспечительный депозит;406667;200000;520000
150202;77;Строительство жилых и нежилых зданий;г.Москва;M;Аренда офиса / производственной базы / склада + обеспечительный депозит;1900000;1000000;3200000
150202;77;Строительство жилых и нежилых зданий;г.Москва;L;Аренда офиса / производственной базы / склада + обеспечительный депозит;8833333;3000000;18500000
150202;77;Строительство жилых и нежилых зданий;г.Москва;S;Аренда или подготовка строительной площадки / бытового городка / временных помещений на объекте;203333;130000;300000
150202;77;Строительство жилых и нежилых зданий;г.Москва;M;Аренда или подготовка строительной площадки / бытового городка / временных помещений на объекте;1233333;1000000;1500000
150202;77;Строительство жилых и нежилых зданий;г.Москва;L;Аренда или подготовка строительной площадки / бытового городка / временных помещений на объекте;5500000;2000000;8000000
150202;77;Строительство жилых и нежилых зданий;г.Москва;S;Проектные, изыскательские и предпроектные работы;358333;240000;435000
150202;77;Строительство жилых и нежилых зданий;г.Москва;M;Проектные, изыскательские и предпроектные работы;2300000;1900000;3000000
150202;77;Строительство жилых и нежилых зданий;г.Москва;L;Проектные, изыскательские и предпроектные работы;11666667;4000000;18000000
150202;77;Строительство жилых и нежилых зданий;г.Москва;S;Согласование проектной документации, получение необходимых разрешений на строительство и ввод (по проекту);163333;90000;200000
150202;77;Строительство жилых и нежилых зданий;г.Москва;M;Согласование проектной документации, получение необходимых разрешений на строительство и ввод (по проекту);983333;450000;2000000
150202;77;Строительство жилых и нежилых зданий;г.Москва;L;Согласование проектной документации, получение необходимых разрешений на строительство и ввод (по проекту);4933333;1000000;12000000
150202;77;Строительство жилых и нежилых зданий;г.Москва;S;Подключение и организация временного электроснабжения, водоснабжения, связи на объекте;170000;150000;200000
150202;77;Строительство жилых и нежилых зданий;г.Москва;M;Подключение и организация временного электроснабжения, водоснабжения, связи на объекте;900000;500000;1500000
150202;77;Строительство жилых и нежилых зданий;г.Москва;L;Подключение и организация временного электроснабжения, водоснабжения, связи на объекте;4733333;1000000;10000000
150202;77;Строительство жилых и нежилых зданий;г.Москва;S;Строительные машины и механизмы: покупка / аренда / лизинг (экскаватор, автокран, погрузчик, бетоносмесительная техника и т.п.);700000;500000;950000
150202;77;Строительство жилых и нежилых зданий;г.Москва;M;Строительные машины и механизмы: покупка / аренда / лизинг (экскаватор, автокран, погрузчик, бетоносмесительная техника и т.п.);4333333;2000000;7000000
150202;77;Строительство жилых и нежилых зданий;г.Москва;L;Строительные машины и механизмы: покупка / аренда / лизинг (экскаватор, автокран, погрузчик, бетоносмесительная техника и т.п.);34000000;5000000;62000000
150202;77;Строительство жилых и нежилых зданий;г.Москва;S;Строительный инструмент, ручной и электроинструмент;160000;100000;200000
150202;77;Строительство жилых и нежилых зданий;г.Москва;M;Строительный инструмент, ручной и электроинструмент;850000;200000;1500000
150202;77;Строительство жилых и нежилых зданий;г.Москва;L;Строительный инструмент, ручной и электроинструмент;4900000;500000;10000000
150202;77;Строительство жилых и нежилых зданий;г.Москва;S;Опалубка, леса, инвентарные приспособления и оснастка;206667;200000;220000
150202;77;Строительство жилых и нежилых зданий;г.Москва;M;Опалубка, леса, инвентарные приспособления и оснастка;1300000;500000;2000000
150202;77;Строительство жилых и нежилых зданий;г.Москва;L;Опалубка, леса, инвентарные приспособления и оснастка;8500000;1000000;15000000
150202;77;Строительство жилых и нежилых зданий;г.Москва;S;Первичный запас основных материалов и расходников для старта работ;663333;500000;870000
150202;77;Строительство жилых и нежилых зданий;г.Москва;M;Первичный запас основных материалов и расходников для старта работ;4066667;2000000;5200000
150202;77;Строительство жилых и нежилых зданий;г.Москва;L;Первичный запас основных материалов и расходников для старта работ;30333333;5000000;45000000
150202;77;Строительство жилых и нежилых зданий;г.Москва;S;ГСМ, технические жидкости и расходные материалы для техники;146667;100000;200000
150202;77;Строительство жилых и нежилых зданий;г.Москва;M;ГСМ, технические жидкости и расходные материалы для техники;933333;200000;1500000
150202;77;Строительство жилых и нежилых зданий;г.Москва;L;ГСМ, технические жидкости и расходные материалы для техники;6766667;500000;12000000
150202;77;Строительство жилых и нежилых зданий;г.Москва;S;Средства индивидуальной защиты, спецодежда и охрана труда;73333;50000;90000
150202;77;Строительство жилых и нежилых зданий;г.Москва;M;Средства индивидуальной защиты, спецодежда и охрана труда;273333;100000;420000
150202;77;Строительство жилых и нежилых зданий;г.Москва;L;Средства индивидуальной защиты, спецодежда и охрана труда;1433333;200000;2100000
150202;77;Строительство жилых и нежилых зданий;г.Москва;S;Транспорт и логистика: аренда/лизинг грузового транспорта, доставка материалов;203333;200000;210000
150202;77;Строительство жилых и нежилых зданий;г.Москва;M;Транспорт и логистика: аренда/лизинг грузового транспорта, доставка материалов;1200000;500000;1600000
150202;77;Строительство жилых и нежилых зданий;г.Москва;L;Транспорт и логистика: аренда/лизинг грузового транспорта, доставка материалов;7600000;1000000;12000000
150202;77;Строительство жилых и нежилых зданий;г.Москва;S;Учетное, проектное и строительное ПО, лицензии на программные продукты;116667;100000;130000
150202;77;Строительство жилых и нежилых зданий;г.Москва;M;Учетное, проектное и строительное ПО, лицензии на программные продукты;450000;200000;650000
150202;77;Строительство жилых и нежилых зданий;г.Москва;L;Учетное, проектное и строительное ПО, лицензии на программные продукты;1966667;500000;3000000
150202;77;Строительство жилых и нежилых зданий;г.Москва;S;Системы связи и оргтехника: компьютеры, принтеры, телефония, интернет;133333;100000;170000
150202;77;Строительство жилых и нежилых зданий;г.Москва;M;Системы связи и оргтехника: компьютеры, принтеры, телефония, интернет;460000;200000;780000
150202;77;Строительство жилых и нежилых зданий;г.Москва;L;Системы связи и оргтехника: компьютеры, принтеры, телефония, интернет;1866667;500000;3100000
150202;77;Строительство жилых и нежилых зданий;г.Москва;S;Маркетинг на запуск: сайт, презентационные материалы, реклама и тендерное продвижение;103333;80000;150000
150202;77;Строительство жилых и нежилых зданий;г.Москва;M;Маркетинг на запуск: сайт, презентационные материалы, реклама и тендерное продвижение;440000;320000;500000
150202;77;Строительство жилых и нежилых зданий;г.Москва;L;Маркетинг на запуск: сайт, презентационные материалы, реклама и тендерное продвижение;1733333;1000000;3000000
150202;77;Строительство жилых и нежилых зданий;г.Москва;S;Вывеска, наружная идентификация и фирменное оформление;41667;35000;50000
150202;77;Строительство жилых и нежилых зданий;г.Москва;M;Вывеска, наружная идентификация и фирменное оформление;116667;100000;150000
150202;77;Строительство жилых и нежилых зданий;г.Москва;L;Вывеска, наружная идентификация и фирменное оформление;383333;200000;500000
150202;77;Строительство жилых и нежилых зданий;г.Москва;S;Банковские гарантии, обеспечительные взносы по контрактам и участие в закупках;146667;100000;210000
150202;77;Строительство жилых и нежилых зданий;г.Москва;M;Банковские гарантии, обеспечительные взносы по контрактам и участие в закупках;1066667;500000;1700000
150202;77;Строительство жилых и нежилых зданий;г.Москва;L;Банковские гарантии, обеспечительные взносы по контрактам и участие в закупках;8666667;1000000;15000000
150202;77;Строительство жилых и нежилых зданий;г.Москва;S;Резерв;183333;100000;250000
150202;77;Строительство жилых и нежилых зданий;г.Москва;M;Резерв;1300000;500000;1900000
150202;77;Строительство жилых и нежилых зданий;г.Москва;L;Резерв;9857667;1000000;16573000
150202;78;Строительство жилых и нежилых зданий;г.Санкт-Петербург;S;Регистрация юридического лица / ИП, госпошлины, нотариальные и сервисные расходы;43333;30000;50000
150202;78;Строительство жилых и нежилых зданий;г.Санкт-Петербург;M;Регистрация юридического лица / ИП, госпошлины, нотариальные и сервисные расходы;60000;50000;70000
150202;78;Строительство жилых и нежилых зданий;г.Санкт-Петербург;L;Регистрация юридического лица / ИП, госпошлины, нотариальные и сервисные расходы;93333;80000;100000
150202;78;Строительство жилых и нежилых зданий;г.Санкт-Петербург;S;Открытие расчётного счёта, выпуск КЭП, подключение к электронному документообороту;28333;15000;40000
150202;78;Строительство жилых и нежилых зданий;г.Санкт-Петербург;M;Открытие расчётного счёта, выпуск КЭП, подключение к электронному документообороту;46667;30000;70000
150202;78;Строительство жилых и нежилых зданий;г.Санкт-Петербург;L;Открытие расчётного счёта, выпуск КЭП, подключение к электронному документообороту;76667;50000;120000
150202;78;Строительство жилых и нежилых зданий;г.Санкт-Петербург;S;Аренда офиса / производственной базы / склада + обеспечительный депозит;416667;300000;600000
150202;78;Строительство жилых и нежилых зданий;г.Санкт-Петербург;M;Аренда офиса / производственной базы / склада + обеспечительный депозит;1500000;1200000;1800000
150202;78;Строительство жилых и нежилых зданий;г.Санкт-Петербург;L;Аренда офиса / производственной базы / склада + обеспечительный депозит;8000000;2000000;12000000
150202;78;Строительство жилых и нежилых зданий;г.Санкт-Петербург;S;Аренда или подготовка строительной площадки / бытового городка / временных помещений на объекте;260000;180000;400000
150202;78;Строительство жилых и нежилых зданий;г.Санкт-Петербург;M;Аренда или подготовка строительной площадки / бытового городка / временных помещений на объекте;1133333;900000;1500000
150202;78;Строительство жилых и нежилых зданий;г.Санкт-Петербург;L;Аренда или подготовка строительной площадки / бытового городка / временных помещений на объекте;5833333;3000000;8000000
150202;78;Строительство жилых и нежилых зданий;г.Санкт-Петербург;S;Проектные, изыскательские и предпроектные работы;206667;200000;220000
150202;78;Строительство жилых и нежилых зданий;г.Санкт-Петербург;M;Проектные, изыскательские и предпроектные работы;1233333;1000000;1500000
150202;78;Строительство жилых и нежилых зданий;г.Санкт-Петербург;L;Проектные, изыскательские и предпроектные работы;8833333;5000000;12000000
150202;78;Строительство жилых и нежилых зданий;г.Санкт-Петербург;S;Согласование проектной документации, получение необходимых разрешений на строительство и ввод (по проекту);140000;120000;150000
150202;78;Строительство жилых и нежилых зданий;г.Санкт-Петербург;M;Согласование проектной документации, получение необходимых разрешений на строительство и ввод (по проекту);750000;650000;800000
150202;78;Строительство жилых и нежилых зданий;г.Санкт-Петербург;L;Согласование проектной документации, получение необходимых разрешений на строительство и ввод (по проекту);4600000;3000000;6000000
150202;78;Строительство жилых и нежилых зданий;г.Санкт-Петербург;S;Подключение и организация временного электроснабжения, водоснабжения, связи на объекте;116667;100000;150000
150202;78;Строительство жилых и нежилых зданий;г.Санкт-Петербург;M;Подключение и организация временного электроснабжения, водоснабжения, связи на объекте;583333;500000;750000
150202;78;Строительство жилых и нежилых зданий;г.Санкт-Петербург;L;Подключение и организация временного электроснабжения, водоснабжения, связи на объекте;3566667;1500000;5200000
150202;78;Строительство жилых и нежилых зданий;г.Санкт-Петербург;S;Строительные машины и механизмы: покупка / аренда / лизинг (экскаватор, автокран, погрузчик, бетоносмесительная техника и т.п.);600000;400000;900000
150202;78;Строительство жилых и нежилых зданий;г.Санкт-Петербург;M;Строительные машины и механизмы: покупка / аренда / лизинг (экскаватор, автокран, погрузчик, бетоносмесительная техника и т.п.);3900000;3000000;5200000
150202;78;Строительство жилых и нежилых зданий;г.Санкт-Петербург;L;Строительные машины и механизмы: покупка / аренда / лизинг (экскаватор, автокран, погрузчик, бетоносмесительная техника и т.п.);25666667;10000000;42000000
150202;78;Строительство жилых и нежилых зданий;г.Санкт-Петербург;S;Строительный инструмент, ручной и электроинструмент;156667;100000;250000
150202;78;Строительство жилых и нежилых зданий;г.Санкт-Петербург;M;Строительный инструмент, ручной и электроинструмент;733333;500000;1200000
150202;78;Строительство жилых и нежилых зданий;г.Санкт-Петербург;L;Строительный инструмент, ручной и электроинструмент;4266667;2000000;8000000
150202;78;Строительство жилых и нежилых зданий;г.Санкт-Петербург;S;Опалубка, леса, инвентарные приспособления и оснастка;213333;140000;300000
150202;78;Строительство жилых и нежилых зданий;г.Санкт-Петербург;M;Опалубка, леса, инвентарные приспособления и оснастка;1150000;950000;1500000
150202;78;Строительство жилых и нежилых зданий;г.Санкт-Петербург;L;Опалубка, леса, инвентарные приспособления и оснастка;6066667;5000000;7000000
150202;78;Строительство жилых и нежилых зданий;г.Санкт-Петербург;S;Первичный запас основных материалов и расходников для старта работ;473333;420000;500000
150202;78;Строительство жилых и нежилых зданий;г.Санкт-Петербург;M;Первичный запас основных материалов и расходников для старта работ;2933333;2000000;3800000
150202;78;Строительство жилых и нежилых зданий;г.Санкт-Петербург;L;Первичный запас основных материалов и расходников для старта работ;20000000;10000000;28000000
150202;78;Строительство жилых и нежилых зданий;г.Санкт-Петербург;S;ГСМ, технические жидкости и расходные материалы для техники;113333;90000;150000
150202;78;Строительство жилых и нежилых зданий;г.Санкт-Петербург;M;ГСМ, технические жидкости и расходные материалы для техники;583333;450000;800000
150202;78;Строительство жилых и нежилых зданий;г.Санкт-Петербург;L;ГСМ, технические жидкости и расходные материалы для техники;3866667;2000000;6000000
150202;78;Строительство жилых и нежилых зданий;г.Санкт-Петербург;S;Средства индивидуальной защиты, спецодежда и охрана труда;73333;50000;100000
150202;78;Строительство жилых и нежилых зданий;г.Санкт-Петербург;M;Средства индивидуальной защиты, спецодежда и охрана труда;306667;100000;500000
150202;78;Строительство жилых и нежилых зданий;г.Санкт-Петербург;L;Средства индивидуальной защиты, спецодежда и охрана труда;2100000;200000;4000000
150202;78;Строительство жилых и нежилых зданий;г.Санкт-Петербург;S;Транспорт и логистика: аренда/лизинг грузового транспорта, доставка материалов;193333;180000;200000
150202;78;Строительство жилых и нежилых зданий;г.Санкт-Петербург;M;Транспорт и логистика: аренда/лизинг грузового транспорта, доставка материалов;1233333;1000000;1500000
150202;78;Строительство жилых и нежилых зданий;г.Санкт-Петербург;L;Транспорт и логистика: аренда/лизинг грузового транспорта, доставка материалов;8933333;5000000;12000000
150202;78;Строительство жилых и нежилых зданий;г.Санкт-Петербург;S;Учетное, проектное и строительное ПО, лицензии на программные продукты;76667;50000;100000
150202;78;Строительство жилых и нежилых зданий;г.Санкт-Петербург;M;Учетное, проектное и строительное ПО, лицензии на программные продукты;286667;100000;500000
150202;78;Строительство жилых и нежилых зданий;г.Санкт-Петербург;L;Учетное, проектное и строительное ПО, лицензии на программные продукты;1900000;500000;4000000
150202;78;Строительство жилых и нежилых зданий;г.Санкт-Петербург;S;Системы связи и оргтехника: компьютеры, принтеры, телефония, интернет;123333;100000;150000
150202;78;Строительство жилых и нежилых зданий;г.Санкт-Петербург;M;Системы связи и оргтехника: компьютеры, принтеры, телефония, интернет;353333;200000;500000
150202;78;Строительство жилых и нежилых зданий;г.Санкт-Петербург;L;Системы связи и оргтехника: компьютеры, принтеры, телефония, интернет;1633333;500000;3000000
150202;78;Строительство жилых и нежилых зданий;г.Санкт-Петербург;S;Маркетинг на запуск: сайт, презентационные материалы, реклама и тендерное продвижение;133333;100000;150000
150202;78;Строительство жилых и нежилых зданий;г.Санкт-Петербург;M;Маркетинг на запуск: сайт, презентационные материалы, реклама и тендерное продвижение;583333;450000;800000
150202;78;Строительство жилых и нежилых зданий;г.Санкт-Петербург;L;Маркетинг на запуск: сайт, презентационные материалы, реклама и тендерное продвижение;3166667;1000000;6000000
150202;78;Строительство жилых и нежилых зданий;г.Санкт-Петербург;S;Вывеска, наружная идентификация и фирменное оформление;43333;30000;50000
150202;78;Строительство жилых и нежилых зданий;г.Санкт-Петербург;M;Вывеска, наружная идентификация и фирменное оформление;130000;90000;200000
150202;78;Строительство жилых и нежилых зданий;г.Санкт-Петербург;L;Вывеска, наружная идентификация и фирменное оформление;650000;200000;1500000
150202;78;Строительство жилых и нежилых зданий;г.Санкт-Петербург;S;Банковские гарантии, обеспечительные взносы по контрактам и участие в закупках;150000;100000;200000
150202;78;Строительство жилых и нежилых зданий;г.Санкт-Петербург;M;Банковские гарантии, обеспечительные взносы по контрактам и участие в закупках;1433333;500000;2000000
150202;78;Строительство жилых и нежилых зданий;г.Санкт-Петербург;L;Банковские гарантии, обеспечительные взносы по контрактам и участие в закупках;13333333;2000000;20000000
150202;78;Строительство жилых и нежилых зданий;г.Санкт-Петербург;S;Резерв;335333;200000;606000
150202;78;Строительство жилых и нежилых зданий;г.Санкт-Петербург;M;Резерв;1963333;1000000;3200000
150202;78;Строительство жилых и нежилых зданий;г.Санкт-Петербург;L;Резерв;12014333;5000000;23000000
100101;5501;Аренда и управление собственным или арендованным недвижимым имуществом;Омск;S;Регистрация юридического лица / ИП и сопутствующие госпошлины;6000;5000;8000
100101;5501;Аренда и управление собственным или арендованным недвижимым имуществом;Омск;M;Регистрация юридического лица / ИП и сопутствующие госпошлины;13333;10000;15000
100101;5501;Аренда и управление собственным или арендованным недвижимым имуществом;Омск;L;Регистрация юридического лица / ИП и сопутствующие госпошлины;25000;15000;30000
100101;5501;Аренда и управление собственным или арендованным недвижимым имуществом;Омск;S;Подготовка учредительных документов, нотариальные и юридические услуги;11667;10000;15000
100101;5501;Аренда и управление собственным или арендованным недвижимым имуществом;Омск;M;Подготовка учредительных документов, нотариальные и юридические услуги;35000;30000;40000
100101;5501;Аренда и управление собственным или арендованным недвижимым имуществом;Омск;L;Подготовка учредительных документов, нотариальные и юридические услуги;83333;60000;120000
100101;5501;Аренда и управление собственным или арендованным недвижимым имуществом;Омск;S;Аренда офиса / помещения для управления недвижимостью и обеспечительный депозит;41667;40000;45000
100101;5501;Аренда и управление собственным или арендованным недвижимым имуществом;Омск;M;Аренда офиса / помещения для управления недвижимостью и обеспечительный депозит;200000;150000;250000
100101;5501;Аренда и управление собственным или арендованным недвижимым имуществом;Омск;L;Аренда офиса / помещения для управления недвижимостью и обеспечительный депозит;800000;400000;1200000
100101;5501;Аренда и управление собственным или арендованным недвижимым имуществом;Омск;S;Ремонт, косметическая подготовка и адаптация офиса / помещения под офис;16667;15000;20000
100101;5501;Аренда и управление собственным или арендованным недвижимым имуществом;Омск;M;Ремонт, косметическая подготовка и адаптация офиса / помещения под офис;90000;50000;120000
100101;5501;Аренда и управление собственным или арендованным недвижимым имуществом;Омск;L;Ремонт, косметическая подготовка и адаптация офиса / помещения под офис;383333;150000;500000
100101;5501;Аренда и управление собственным или арендованным недвижимым имуществом;Омск;S;Мебель для офиса и рабочие места сотрудников;21667;20000;25000
100101;5501;Аренда и управление собственным или арендованным недвижимым имуществом;Омск;M;Мебель для офиса и рабочие места сотрудников;133333;70000;180000
100101;5501;Аренда и управление собственным или арендованным недвижимым имуществом;Омск;L;Мебель для офиса и рабочие места сотрудников;500000;200000;700000
100101;5501;Аренда и управление собственным или арендованным недвижимым имуществом;Омск;S;Компьютеры, ноутбуки, оргтехника и периферия;25000;20000;30000
100101;5501;Аренда и управление собственным или арендованным недвижимым имуществом;Омск;M;Компьютеры, ноутбуки, оргтехника и периферия;173333;100000;220000
100101;5501;Аренда и управление собственным или арендованным недвижимым имуществом;Омск;L;Компьютеры, ноутбуки, оргтехника и периферия;600000;300000;800000
100101;5501;Аренда и управление собственным или арендованным недвижимым имуществом;Омск;S;Телефония, интернет и коммуникационное оборудование;8333;5000;10000
100101;5501;Аренда и управление собственным или арендованным недвижимым имуществом;Омск;M;Телефония, интернет и коммуникационное оборудование;33333;20000;50000
100101;5501;Аренда и управление собственным или арендованным недвижимым имуществом;Омск;L;Телефония, интернет и коммуникационное оборудование;96667;50000;150000
100101;5501;Аренда и управление собственным или арендованным недвижимым имуществом;Омск;S;Ключевое профильное ПО для управления недвижимостью, CRM / учет арендных договоров;12667;8000;15000
100101;5501;Аренда и управление собственным или арендованным недвижимым имуществом;Омск;M;Ключевое профильное ПО для управления недвижимостью, CRM / учет арендных договоров;76667;50000;120000
100101;5501;Аренда и управление собственным или арендованным недвижимым имуществом;Омск;L;Ключевое профильное ПО для управления недвижимостью, CRM / учет арендных договоров;300000;150000;500000
100101;5501;Аренда и управление собственным или арендованным недвижимым имуществом;Омск;S;Настройка и внедрение учетной системы, интеграция сервисов;10000;10000;10000
100101;5501;Аренда и управление собственным или арендованным недвижимым имуществом;Омск;M;Настройка и внедрение учетной системы, интеграция сервисов;60000;30000;80000
100101;5501;Аренда и управление собственным или арендованным недвижимым имуществом;Омск;L;Настройка и внедрение учетной системы, интеграция сервисов;223333;70000;300000
100101;5501;Аренда и управление собственным или арендованным недвижимым имуществом;Омск;S;Создание корпоративного сайта и базовых цифровых каналов присутствия;15000;15000;15000
100101;5501;Аренда и управление собственным или арендованным недвижимым имуществом;Омск;M;Создание корпоративного сайта и базовых цифровых каналов присутствия;76667;40000;100000
100101;5501;Аренда и управление собственным или арендованным недвижимым имуществом;Омск;L;Создание корпоративного сайта и базовых цифровых каналов присутствия;266667;100000;400000
100101;5501;Аренда и управление собственным или арендованным недвижимым имуществом;Омск;S;Вывеска, навигация и фирменное оформление офиса;8333;5000;10000
100101;5501;Аренда и управление собственным или арендованным недвижимым имуществом;Омск;M;Вывеска, навигация и фирменное оформление офиса;33333;20000;50000
100101;5501;Аренда и управление собственным или арендованным недвижимым имуществом;Омск;L;Вывеска, навигация и фирменное оформление офиса;123333;50000;200000
100101;5501;Аренда и управление собственным или арендованным недвижимым имуществом;Омск;S;Реклама и продвижение на запуске;20000;20000;20000
100101;5501;Аренда и управление собственным или арендованным недвижимым имуществом;Омск;M;Реклама и продвижение на запуске;143333;80000;200000
100101;5501;Аренда и управление собственным или арендованным недвижимым имуществом;Омск;L;Реклама и продвижение на запуске;566667;200000;900000
100101;5501;Аренда и управление собственным или арендованным недвижимым имуществом;Омск;S;Юридическая подготовка типовых договоров аренды, актов и шаблонов документов;9000;7000;10000
100101;5501;Аренда и управление собственным или арендованным недвижимым имуществом;Омск;M;Юридическая подготовка типовых договоров аренды, актов и шаблонов документов;36667;20000;50000
100101;5501;Аренда и управление собственным или арендованным недвижимым имуществом;Омск;L;Юридическая подготовка типовых договоров аренды, актов и шаблонов документов;100000;30000;150000
100101;5501;Аренда и управление собственным или арендованным недвижимым имуществом;Омск;S;Расходы на первичный осмотр, фотофиксацию и оценку объектов недвижимости;9000;7000;10000
100101;5501;Аренда и управление собственным или арендованным недвижимым имуществом;Омск;M;Расходы на первичный осмотр, фотофиксацию и оценку объектов недвижимости;41667;30000;50000
100101;5501;Аренда и управление собственным или арендованным недвижимым имуществом;Омск;L;Расходы на первичный осмотр, фотофиксацию и оценку объектов недвижимости;150000;100000;200000
100101;5501;Аренда и управление собственным или арендованным недвижимым имуществом;Омск;S;Резерв;25333;7000;50000
100101;5501;Аренда и управление собственным или арендованным недвижимым имуществом;Омск;M;Резерв;169333;109000;240000
100101;5501;Аренда и управление собственным или арендованным недвижимым имуществом;Омск;L;Резерв;798333;495000;1195000
100101;23;Аренда и управление собственным или арендованным недвижимым имуществом;Краснодарский край;S;Регистрация юридического лица / ИП и сопутствующие госпошлины;4667;2000;8000
100101;23;Аренда и управление собственным или арендованным недвижимым имуществом;Краснодарский край;M;Регистрация юридического лица / ИП и сопутствующие госпошлины;13000;12000;15000
100101;23;Аренда и управление собственным или арендованным недвижимым имуществом;Краснодарский край;L;Регистрация юридического лица / ИП и сопутствующие госпошлины;26667;15000;40000
100101;23;Аренда и управление собственным или арендованным недвижимым имуществом;Краснодарский край;S;Подготовка учредительных документов, нотариальные и юридические услуги;18333;5000;40000
100101;23;Аренда и управление собственным или арендованным недвижимым имуществом;Краснодарский край;M;Подготовка учредительных документов, нотариальные и юридические услуги;41667;25000;60000
100101;23;Аренда и управление собственным или арендованным недвижимым имуществом;Краснодарский край;L;Подготовка учредительных документов, нотариальные и юридические услуги;86667;70000;100000
100101;23;Аренда и управление собственным или арендованным недвижимым имуществом;Краснодарский край;S;Аренда офиса / помещения для управления недвижимостью и обеспечительный депозит;51667;40000;65000
100101;23;Аренда и управление собственным или арендованным недвижимым имуществом;Краснодарский край;M;Аренда офиса / помещения для управления недвижимостью и обеспечительный депозит;290000;250000;320000
100101;23;Аренда и управление собственным или арендованным недвижимым имуществом;Краснодарский край;L;Аренда офиса / помещения для управления недвижимостью и обеспечительный депозит;933333;500000;1200000
100101;23;Аренда и управление собственным или арендованным недвижимым имуществом;Краснодарский край;S;Ремонт, косметическая подготовка и адаптация офиса / помещения под офис;26667;20000;40000
100101;23;Аренда и управление собственным или арендованным недвижимым имуществом;Краснодарский край;M;Ремонт, косметическая подготовка и адаптация офиса / помещения под офис;140000;100000;200000
100101;23;Аренда и управление собственным или арендованным недвижимым имуществом;Краснодарский край;L;Ремонт, косметическая подготовка и адаптация офиса / помещения под офис;483333;200000;800000
100101;23;Аренда и управление собственным или арендованным недвижимым имуществом;Краснодарский край;S;Мебель для офиса и рабочие места сотрудников;25000;20000;30000
100101;23;Аренда и управление собственным или арендованным недвижимым имуществом;Краснодарский край;M;Мебель для офиса и рабочие места сотрудников;140000;80000;200000
100101;23;Аренда и управление собственным или арендованным недвижимым имуществом;Краснодарский край;L;Мебель для офиса и рабочие места сотрудников;490000;150000;800000
100101;23;Аренда и управление собственным или арендованным недвижимым имуществом;Краснодарский край;S;Компьютеры, ноутбуки, оргтехника и периферия;25000;20000;30000
100101;23;Аренда и управление собственным или арендованным недвижимым имуществом;Краснодарский край;M;Компьютеры, ноутбуки, оргтехника и периферия;156667;60000;250000
100101;23;Аренда и управление собственным или арендованным недвижимым имуществом;Краснодарский край;L;Компьютеры, ноутбуки, оргтехника и периферия;580000;120000;1000000
100101;23;Аренда и управление собственным или арендованным недвижимым имуществом;Краснодарский край;S;Телефония, интернет и коммуникационное оборудование;8333;5000;10000
100101;23;Аренда и управление собственным или арендованным недвижимым имуществом;Краснодарский край;M;Телефония, интернет и коммуникационное оборудование;35000;25000;50000
100101;23;Аренда и управление собственным или арендованным недвижимым имуществом;Краснодарский край;L;Телефония, интернет и коммуникационное оборудование;93333;50000;150000
100101;23;Аренда и управление собственным или арендованным недвижимым имуществом;Краснодарский край;S;Ключевое профильное ПО для управления недвижимостью, CRM / учет арендных договоров;10333;6000;15000
100101;23;Аренда и управление собственным или арендованным недвижимым имуществом;Краснодарский край;M;Ключевое профильное ПО для управления недвижимостью, CRM / учет арендных договоров;50000;20000;100000
100101;23;Аренда и управление собственным или арендованным недвижимым имуществом;Краснодарский край;L;Ключевое профильное ПО для управления недвижимостью, CRM / учет арендных договоров;186667;40000;400000
100101;23;Аренда и управление собственным или арендованным недвижимым имуществом;Краснодарский край;S;Настройка и внедрение учетной системы, интеграция сервисов;8667;8000;10000
100101;23;Аренда и управление собственным или арендованным недвижимым имуществом;Краснодарский край;M;Настройка и внедрение учетной системы, интеграция сервисов;43333;20000;60000
100101;23;Аренда и управление собственным или арендованным недвижимым имуществом;Краснодарский край;L;Настройка и внедрение учетной системы, интеграция сервисов;136667;30000;200000
100101;23;Аренда и управление собственным или арендованным недвижимым имуществом;Краснодарский край;S;Создание корпоративного сайта и базовых цифровых каналов присутствия;13333;10000;15000
100101;23;Аренда и управление собственным или арендованным недвижимым имуществом;Краснодарский край;M;Создание корпоративного сайта и базовых цифровых каналов присутствия;70000;30000;100000
100101;23;Аренда и управление собственным или арендованным недвижимым имуществом;Краснодарский край;L;Создание корпоративного сайта и базовых цифровых каналов присутствия;196667;50000;300000
100101;23;Аренда и управление собственным или арендованным недвижимым имуществом;Краснодарский край;S;Вывеска, навигация и фирменное оформление офиса;8333;5000;10000
100101;23;Аренда и управление собственным или арендованным недвижимым имуществом;Краснодарский край;M;Вывеска, навигация и фирменное оформление офиса;36667;20000;60000
100101;23;Аренда и управление собственным или арендованным недвижимым имуществом;Краснодарский край;L;Вывеска, навигация и фирменное оформление офиса;106667;30000;200000
100101;23;Аренда и управление собственным или арендованным недвижимым имуществом;Краснодарский край;S;Реклама и продвижение на запуске;21667;20000;25000
100101;23;Аренда и управление собственным или арендованным недвижимым имуществом;Краснодарский край;M;Реклама и продвижение на запуске;156667;100000;220000
100101;23;Аренда и управление собственным или арендованным недвижимым имуществом;Краснодарский край;L;Реклама и продвижение на запуске;666667;200000;1200000
100101;23;Аренда и управление собственным или арендованным недвижимым имуществом;Краснодарский край;S;Юридическая подготовка типовых договоров аренды, актов и шаблонов документов;7667;5000;10000
100101;23;Аренда и управление собственным или арендованным недвижимым имуществом;Краснодарский край;M;Юридическая подготовка типовых договоров аренды, актов и шаблонов документов;26667;15000;35000
100101;23;Аренда и управление собственным или арендованным недвижимым имуществом;Краснодарский край;L;Юридическая подготовка типовых договоров аренды, актов и шаблонов документов;66667;20000;100000
100101;23;Аренда и управление собственным или арендованным недвижимым имуществом;Краснодарский край;S;Расходы на первичный осмотр, фотофиксацию и оценку объектов недвижимости;7000;5000;10000
100101;23;Аренда и управление собственным или арендованным недвижимым имуществом;Краснодарский край;M;Расходы на первичный осмотр, фотофиксацию и оценку объектов недвижимости;27667;20000;33000
100101;23;Аренда и управление собственным или арендованным недвижимым имуществом;Краснодарский край;L;Расходы на первичный осмотр, фотофиксацию и оценку объектов недвижимости;80000;30000;110000
100101;23;Аренда и управление собственным или арендованным недвижимым имуществом;Краснодарский край;S;Резерв;24333;8000;38000
100101;23;Аренда и управление собственным или арендованным недвижимым имуществом;Краснодарский край;M;Резерв;183667;100000;301000
100101;23;Аренда и управление собственным или арендованным недвижимым имуществом;Краснодарский край;L;Резерв;863333;500000;1490000
60303;5401;Деятельность фитнес-центров;Новосибирск;S;Аренда помещения и обеспечительный депозит;720000;600000;800000
60303;5401;Деятельность фитнес-центров;Новосибирск;M;Аренда помещения и обеспечительный депозит;2666667;2100000;3500000
60303;5401;Деятельность фитнес-центров;Новосибирск;L;Аренда помещения и обеспечительный депозит;9000000;7000000;12000000
60303;5401;Деятельность фитнес-центров;Новосибирск;S;Ремонт, отделка и подготовка помещения под фитнес-центр;1060000;980000;1200000
60303;5401;Деятельность фитнес-центров;Новосибирск;M;Ремонт, отделка и подготовка помещения под фитнес-центр;4100000;3000000;5000000
60303;5401;Деятельность фитнес-центров;Новосибирск;L;Ремонт, отделка и подготовка помещения под фитнес-центр;14166667;10000000;18000000
60303;5401;Деятельность фитнес-центров;Новосибирск;S;Проектирование, перепланировка и согласования по помещению;260000;180000;400000
60303;5401;Деятельность фитнес-центров;Новосибирск;M;Проектирование, перепланировка и согласования по помещению;883333;500000;1500000
60303;5401;Деятельность фитнес-центров;Новосибирск;L;Проектирование, перепланировка и согласования по помещению;3033333;2000000;5000000
60303;5401;Деятельность фитнес-центров;Новосибирск;S;Спортивное и тренажерное оборудование;1316667;800000;1650000
60303;5401;Деятельность фитнес-центров;Новосибирск;M;Спортивное и тренажерное оборудование;5733333;4000000;7200000
60303;5401;Деятельность фитнес-центров;Новосибирск;L;Спортивное и тренажерное оборудование;20333333;15000000;26000000
60303;5401;Деятельность фитнес-центров;Новосибирск;S;Оборудование для групповых и кардио-зон;606667;420000;800000
60303;5401;Деятельность фитнес-центров;Новосибирск;M;Оборудование для групповых и кардио-зон;2266667;1800000;2500000
60303;5401;Деятельность фитнес-центров;Новосибирск;L;Оборудование для групповых и кардио-зон;8233333;6700000;10000000
60303;5401;Деятельность фитнес-центров;Новосибирск;S;Оборудование для раздевалок, душевых и санитарных зон;330000;290000;400000
60303;5401;Деятельность фитнес-центров;Новосибирск;M;Оборудование для раздевалок, душевых и санитарных зон;1083333;1000000;1200000
60303;5401;Деятельность фитнес-центров;Новосибирск;L;Оборудование для раздевалок, душевых и санитарных зон;3533333;3000000;4000000
60303;5401;Деятельность фитнес-центров;Новосибирск;S;Мебель и инвентарь для клиентских и административных зон;190000;170000;200000
60303;5401;Деятельность фитнес-центров;Новосибирск;M;Мебель и инвентарь для клиентских и административных зон;650000;500000;800000
60303;5401;Деятельность фитнес-центров;Новосибирск;L;Мебель и инвентарь для клиентских и административных зон;2233333;1500000;3000000
60303;5401;Деятельность фитнес-центров;Новосибирск;S;Системы вентиляции, кондиционирования и климат-контроль;373333;300000;500000
60303;5401;Деятельность фитнес-центров;Новосибирск;M;Системы вентиляции, кондиционирования и климат-контроль;1416667;800000;2000000
60303;5401;Деятельность фитнес-центров;Новосибирск;L;Системы вентиляции, кондиционирования и климат-контроль;5200000;2500000;8000000
60303;5401;Деятельность фитнес-центров;Новосибирск;S;Системы безопасности и видеонаблюдения;153333;110000;200000
60303;5401;Деятельность фитнес-центров;Новосибирск;M;Системы безопасности и видеонаблюдения;426667;380000;500000
60303;5401;Деятельность фитнес-центров;Новосибирск;L;Системы безопасности и видеонаблюдения;1283333;1000000;1500000
60303;5401;Деятельность фитнес-центров;Новосибирск;S;Регистрация бизнеса и сопутствующие организационные расходы;53333;50000;60000
60303;5401;Деятельность фитнес-центров;Новосибирск;M;Регистрация бизнеса и сопутствующие организационные расходы;126667;100000;150000
60303;5401;Деятельность фитнес-центров;Новосибирск;L;Регистрация бизнеса и сопутствующие организационные расходы;280000;240000;300000
60303;5401;Деятельность фитнес-центров;Новосибирск;S;Разрешительная документация и обязательные согласования;106667;100000;120000
60303;5401;Деятельность фитнес-центров;Новосибирск;M;Разрешительная документация и обязательные согласования;306667;200000;420000
60303;5401;Деятельность фитнес-центров;Новосибирск;L;Разрешительная документация и обязательные согласования;760000;500000;980000
60303;5401;Деятельность фитнес-центров;Новосибирск;S;Вывеска и наружное оформление;103333;90000;120000
60303;5401;Деятельность фитнес-центров;Новосибирск;M;Вывеска и наружное оформление;286667;200000;400000
60303;5401;Деятельность фитнес-центров;Новосибирск;L;Вывеска и наружное оформление;906667;500000;1500000
60303;5401;Деятельность фитнес-центров;Новосибирск;S;Рекламная кампания на запуск;346667;240000;500000
60303;5401;Деятельность фитнес-центров;Новосибирск;M;Рекламная кампания на запуск;1116667;850000;1500000
60303;5401;Деятельность фитнес-центров;Новосибирск;L;Рекламная кампания на запуск;3633333;2400000;5000000
60303;5401;Деятельность фитнес-центров;Новосибирск;S;Кассовое оборудование, POS-терминал и учетное ПО;98333;95000;100000
60303;5401;Деятельность фитнес-центров;Новосибирск;M;Кассовое оборудование, POS-терминал и учетное ПО;246667;200000;300000
60303;5401;Деятельность фитнес-центров;Новосибирск;L;Кассовое оборудование, POS-терминал и учетное ПО;606667;500000;800000
60303;5401;Деятельность фитнес-центров;Новосибирск;S;Резерв;303000;250000;332000
60303;5401;Деятельность фитнес-центров;Новосибирск;M;Резерв;1125667;680000;1497000
60303;5401;Деятельность фитнес-центров;Новосибирск;L;Резерв;4143333;2320000;5110000
181801;3601;Предоставление услуг парикмахерскими и салонами красоты;Воронеж;S;Аренда помещения и обеспечительный депозит;130000;100000;170000
181801;3601;Предоставление услуг парикмахерскими и салонами красоты;Воронеж;M;Аренда помещения и обеспечительный депозит;236667;200000;260000
181801;3601;Предоставление услуг парикмахерскими и салонами красоты;Воронеж;L;Аренда помещения и обеспечительный депозит;363333;300000;400000
181801;3601;Предоставление услуг парикмахерскими и салонами красоты;Воронеж;S;Ремонт, отделка и подготовка помещения под салон;146667;140000;150000
181801;3601;Предоставление услуг парикмахерскими и салонами красоты;Воронеж;M;Ремонт, отделка и подготовка помещения под салон;303333;250000;350000
181801;3601;Предоставление услуг парикмахерскими и салонами красоты;Воронеж;L;Ремонт, отделка и подготовка помещения под салон;513333;400000;600000
181801;3601;Предоставление услуг парикмахерскими и салонами красоты;Воронеж;S;Мебель и оснащение рабочих мест (парикмахерские кресла, зеркала, мойки, тележки, стойка администратора);123333;100000;150000
181801;3601;Предоставление услуг парикмахерскими и салонами красоты;Воронеж;M;Мебель и оснащение рабочих мест (парикмахерские кресла, зеркала, мойки, тележки, стойка администратора);243333;180000;300000
181801;3601;Предоставление услуг парикмахерскими и салонами красоты;Воронеж;L;Мебель и оснащение рабочих мест (парикмахерские кресла, зеркала, мойки, тележки, стойка администратора);403333;280000;500000
181801;3601;Предоставление услуг парикмахерскими и салонами красоты;Воронеж;S;Профессиональное оборудование и инструменты (фены, машинки, плойки, стерилизаторы, УФ/сухожар, климазон и др.);120000;100000;150000
181801;3601;Предоставление услуг парикмахерскими и салонами красоты;Воронеж;M;Профессиональное оборудование и инструменты (фены, машинки, плойки, стерилизаторы, УФ/сухожар, климазон и др.);226667;200000;250000
181801;3601;Предоставление услуг парикмахерскими и салонами красоты;Воронеж;L;Профессиональное оборудование и инструменты (фены, машинки, плойки, стерилизаторы, УФ/сухожар, климазон и др.);403333;400000;410000
181801;3601;Предоставление услуг парикмахерскими и салонами красоты;Воронеж;S;Первичный запас расходных материалов и косметики для старта;50000;30000;60000
181801;3601;Предоставление услуг парикмахерскими и салонами красоты;Воронеж;M;Первичный запас расходных материалов и косметики для старта;113333;50000;150000
181801;3601;Предоставление услуг парикмахерскими и салонами красоты;Воронеж;L;Первичный запас расходных материалов и косметики для старта;193333;80000;250000
181801;3601;Предоставление услуг парикмахерскими и салонами красоты;Воронеж;S;Регистрация бизнеса и открытие расчетного счета;13333;10000;15000
181801;3601;Предоставление услуг парикмахерскими и салонами красоты;Воронеж;M;Регистрация бизнеса и открытие расчетного счета;18333;15000;20000
181801;3601;Предоставление услуг парикмахерскими и салонами красоты;Воронеж;L;Регистрация бизнеса и открытие расчетного счета;26667;20000;30000
181801;3601;Предоставление услуг парикмахерскими и салонами красоты;Воронеж;S;Уведомление/согласования и санитарно-эпидемиологическая подготовка помещения;22667;18000;30000
181801;3601;Предоставление услуг парикмахерскими и салонами красоты;Воронеж;M;Уведомление/согласования и санитарно-эпидемиологическая подготовка помещения;36667;30000;50000
181801;3601;Предоставление услуг парикмахерскими и салонами красоты;Воронеж;L;Уведомление/согласования и санитарно-эпидемиологическая подготовка помещения;51667;40000;70000
181801;3601;Предоставление услуг парикмахерскими и салонами красоты;Воронеж;S;Наружная вывеска и фирменное оформление;31667;25000;40000
181801;3601;Предоставление услуг парикмахерскими и салонами красоты;Воронеж;M;Наружная вывеска и фирменное оформление;60000;50000;80000
181801;3601;Предоставление услуг парикмахерскими и салонами красоты;Воронеж;L;Наружная вывеска и фирменное оформление;105000;80000;150000
181801;3601;Предоставление услуг парикмахерскими и салонами красоты;Воронеж;S;Запусковая реклама и продвижение на старте;48333;45000;50000
181801;3601;Предоставление услуг парикмахерскими и салонами красоты;Воронеж;M;Запусковая реклама и продвижение на старте;93333;90000;100000
181801;3601;Предоставление услуг парикмахерскими и салонами красоты;Воронеж;L;Запусковая реклама и продвижение на старте;166667;150000;200000
181801;3601;Предоставление услуг парикмахерскими и салонами красоты;Воронеж;S;Онлайн-запись, касса, POS-оборудование и учетное ПО;25000;20000;30000
181801;3601;Предоставление услуг парикмахерскими и салонами красоты;Воронеж;M;Онлайн-запись, касса, POS-оборудование и учетное ПО;45000;30000;60000
181801;3601;Предоставление услуг парикмахерскими и салонами красоты;Воронеж;L;Онлайн-запись, касса, POS-оборудование и учетное ПО;73333;50000;100000
181801;3601;Предоставление услуг парикмахерскими и салонами красоты;Воронеж;S;Инженерное оснащение и мелкое хозяйственное оборудование (освещение, сантехника, бытовое оснащение);25667;20000;32000
181801;3601;Предоставление услуг парикмахерскими и салонами красоты;Воронеж;M;Инженерное оснащение и мелкое хозяйственное оборудование (освещение, сантехника, бытовое оснащение);48333;30000;65000
181801;3601;Предоставление услуг парикмахерскими и салонами красоты;Воронеж;L;Инженерное оснащение и мелкое хозяйственное оборудование (освещение, сантехника, бытовое оснащение);76667;50000;100000
181801;3601;Предоставление услуг парикмахерскими и салонами красоты;Воронеж;S;Дезинфекционные средства и санитарные расходники для запуска;10667;10000;11000
181801;3601;Предоставление услуг парикмахерскими и салонами красоты;Воронеж;M;Дезинфекционные средства и санитарные расходники для запуска;19333;15000;25000
181801;3601;Предоставление услуг парикмахерскими и салонами красоты;Воронеж;L;Дезинфекционные средства и санитарные расходники для запуска;29333;20000;40000
181801;3601;Предоставление услуг парикмахерскими и салонами красоты;Воронеж;S;Резерв;25333;10000;51000
181801;3601;Предоставление услуг парикмахерскими и салонами красоты;Воронеж;M;Резерв;63333;35000;95000
181801;3601;Предоставление услуг парикмахерскими и салонами красоты;Воронеж;L;Резерв;92000;58000;148000
